{
"type": "FeatureCollection",
"name": "eth_admin1",
"crs": { "type": "name", "properties": { "name": "urn:ogc:def:crs:OGC:1.3:CRS84" } },
"features": [
{ "type": "Feature", "properties": { "name": "Tigray" }, "geometry": { "type": "Polygon", "coordinates": [ [ [ 39.036024372000156, 13.169948423000108 ], [ 39.016745771000103, 13.178709675999983 ], [ 38.997367780000047, 13.203404456999976 ], [ 38.984812148000174, 13.202754355000025 ], [ 38.96477014300001, 13.207762207000144 ], [ 38.955824074000134, 13.21201319000005 ], [ 38.9563273, 13.219199349000178 ], [ 38.953386816000091, 13.223777515999984 ], [ 38.951741918000039, 13.237514728000122 ], [ 38.929590206000057, 13.235692119000021 ], [ 38.918556696000167, 13.229916640999988 ], [ 38.913334018000057, 13.224472513000023 ], [ 38.893196370000112, 13.223412820000021 ], [ 38.876218354000059, 13.220508148000022 ], [ 38.867174566000187, 13.215320319000057 ], [ 38.863105411, 13.209497663000036 ], [ 38.850257847000137, 13.214508661000025 ], [ 38.838261093000142, 13.229085950000126 ], [ 38.833882455000094, 13.231933618000028 ], [ 38.819085256999983, 13.234714716000099 ], [ 38.800690766000116, 13.247309866000023 ], [ 38.789697426000032, 13.250072702000182 ], [ 38.779187408000098, 13.249370877000104 ], [ 38.743251731000157, 13.265023136000138 ], [ 38.731588079000176, 13.262275644000169 ], [ 38.729916593999974, 13.269219220000025 ], [ 38.735505265000086, 13.28194329300004 ], [ 38.740068483000186, 13.286785039000108 ], [ 38.739284290000057, 13.296443281000052 ], [ 38.735153958000069, 13.302352155000108 ], [ 38.741035443000101, 13.307440011000097 ], [ 38.7381534700001, 13.312342393000165 ], [ 38.736929776000125, 13.33031311700006 ], [ 38.741718393000099, 13.333546255000044 ], [ 38.741812589000062, 13.339832438000144 ], [ 38.733661382000037, 13.349765492000074 ], [ 38.730193981000127, 13.365402086000131 ], [ 38.737243319000186, 13.377698667000175 ], [ 38.733254692000116, 13.384147128 ], [ 38.733132743000112, 13.39881121600007 ], [ 38.7286340120001, 13.402436509000097 ], [ 38.730812751000144, 13.408426170000155 ], [ 38.723479726000107, 13.41032165300004 ], [ 38.721209244000192, 13.413273737000054 ], [ 38.722097227000063, 13.419986384000083 ], [ 38.713307757000052, 13.433065295000176 ], [ 38.71313373400011, 13.440309115 ], [ 38.706136707000041, 13.446307392999984 ], [ 38.703529759000162, 13.45619095 ], [ 38.698945953000134, 13.461508019000064 ], [ 38.691121547000023, 13.476575381000089 ], [ 38.680130078, 13.486166756000102 ], [ 38.67560861700008, 13.485616229000073 ], [ 38.673254740000118, 13.491849451000178 ], [ 38.675954925000156, 13.497618316000057 ], [ 38.672492223000177, 13.509206289000076 ], [ 38.662150268000062, 13.531181440000125 ], [ 38.669084421000093, 13.536098585000104 ], [ 38.66822375300012, 13.540428044000123 ], [ 38.665357517000132, 13.544345456000087 ], [ 38.660765268000034, 13.558190167000078 ], [ 38.639763257000027, 13.577948260000028 ], [ 38.635167271000057, 13.602870737000046 ], [ 38.621916932000033, 13.613791905000028 ], [ 38.619357322000155, 13.624204560000123 ], [ 38.61490379900016, 13.631649536000054 ], [ 38.604760234000139, 13.640423626000029 ], [ 38.598886932000028, 13.649251717000141 ], [ 38.575068270000088, 13.651962968000021 ], [ 38.566208797000115, 13.662824879000027 ], [ 38.530445575999977, 13.687272523000047 ], [ 38.529133274000117, 13.685402867999983 ], [ 38.519867047000048, 13.68432151900015 ], [ 38.510784325000088, 13.689577453000027 ], [ 38.505176635999987, 13.696886875000132 ], [ 38.493560592000051, 13.696353639000051 ], [ 38.484588338000037, 13.700974737000138 ], [ 38.48095658800014, 13.704894713000101 ], [ 38.478209930000048, 13.715363947000185 ], [ 38.47436476200005, 13.719319527999971 ], [ 38.461787540000159, 13.721611687 ], [ 38.446001888000012, 13.736977273000036 ], [ 38.43706798400018, 13.739524930000073 ], [ 38.414831729000184, 13.751766609000185 ], [ 38.407316538000032, 13.759249917000091 ], [ 38.39620794700005, 13.78093437800004 ], [ 38.393190581000169, 13.78400791700011 ], [ 38.38091076000012, 13.786086297000111 ], [ 38.375806650000015, 13.788417453000079 ], [ 38.373037269000122, 13.791706098000134 ], [ 38.370275305000064, 13.801254945000153 ], [ 38.367028837000191, 13.805330040000115 ], [ 38.361547126000062, 13.80639859200005 ], [ 38.348805793000167, 13.804980650000118 ], [ 38.338967474000185, 13.806601079000188 ], [ 38.337785071000155, 13.80462117400009 ], [ 38.328431351000177, 13.80348706 ], [ 38.315407533000098, 13.805792884000027 ], [ 38.31598364000007, 13.803645986000049 ], [ 38.312836410999978, 13.794239627000024 ], [ 38.290356208000105, 13.769604255000104 ], [ 38.284698883000146, 13.769291778000081 ], [ 38.269920533000061, 13.763681097000074 ], [ 38.263156905000187, 13.756984938000187 ], [ 38.257163960000184, 13.754507662000037 ], [ 38.24484239100002, 13.741588373000184 ], [ 38.235438860000102, 13.738411849999977 ], [ 38.228766887000063, 13.730372443000135 ], [ 38.224250219000112, 13.727345228000047 ], [ 38.206454534000045, 13.728600824000182 ], [ 38.195341956, 13.733835999000178 ], [ 38.183489532000067, 13.729647088000092 ], [ 38.180971688000113, 13.730212876000166 ], [ 38.176710714000137, 13.736593207000055 ], [ 38.158949220000125, 13.740040222000061 ], [ 38.153501864000077, 13.745775255000012 ], [ 38.150194366000164, 13.747002539000164 ], [ 38.142625883000051, 13.748066949000133 ], [ 38.141050344000121, 13.745055242000035 ], [ 38.133920758000158, 13.743101132000049 ], [ 38.1083463760001, 13.745248850999985 ], [ 38.096306987000048, 13.741672194000103 ], [ 38.078827990999969, 13.746033191000038 ], [ 38.073254502000054, 13.750114723000081 ], [ 38.058521939000116, 13.754017779000094 ], [ 38.047184630000061, 13.75219539 ], [ 38.03727378200017, 13.753583112000115 ], [ 38.030067808000126, 13.749594897000065 ], [ 38.023654968000073, 13.740770423000185 ], [ 38.018802578000077, 13.739120401999969 ], [ 38.013946525000165, 13.740713732000188 ], [ 38.012416861000077, 13.742827726000144 ], [ 38.013057778000075, 13.75369303400015 ], [ 38.001083280000159, 13.766539454000053 ], [ 37.996398791999979, 13.796709174 ], [ 37.977000766000117, 13.805909650000103 ], [ 37.97456296200005, 13.810708086000091 ], [ 37.975829412000166, 13.816158221000137 ], [ 37.974841536000156, 13.818273045000126 ], [ 37.962794438000117, 13.828314234000061 ], [ 37.938307610000152, 13.828720270000076 ], [ 37.912401515000113, 13.845320697000034 ], [ 37.908094804000029, 13.853000781000105 ], [ 37.904222605000029, 13.867232643000079 ], [ 37.90337213100014, 13.879305965000185 ], [ 37.899076724000111, 13.884870357000182 ], [ 37.891218215000151, 13.885457496000129 ], [ 37.879899847000161, 13.879545342000029 ], [ 37.86773452500006, 13.87619628900012 ], [ 37.86254643400008, 13.865287439999975 ], [ 37.85420747, 13.865865545000133 ], [ 37.851746967999986, 13.868053106000048 ], [ 37.849747973999968, 13.876157536 ], [ 37.839490101000081, 13.878629084000067 ], [ 37.829014738000126, 13.874904206000053 ], [ 37.822541317000173, 13.865298215000053 ], [ 37.815831055000046, 13.864244268 ], [ 37.802185606000194, 13.872771820000025 ], [ 37.795345827000119, 13.869288214000051 ], [ 37.790474277000101, 13.863952998000059 ], [ 37.767864257000042, 13.856612523000138 ], [ 37.767476571000088, 13.858467211000118 ], [ 37.760769701000072, 13.863094710000098 ], [ 37.752399150000031, 13.875555882000128 ], [ 37.742554018000078, 13.876862600999971 ], [ 37.736880367000026, 13.880071981000128 ], [ 37.735418185000185, 13.881916516000103 ], [ 37.734943232999967, 13.891696595000099 ], [ 37.72901022700006, 13.896615245000078 ], [ 37.721579748000181, 13.899020661000179 ], [ 37.71547027600019, 13.897889095000153 ], [ 37.708369124000114, 13.890052345000129 ], [ 37.70115848100005, 13.887629807000053 ], [ 37.68525267300015, 13.893942758000037 ], [ 37.679035427000144, 13.905664507000097 ], [ 37.665850391000049, 13.911872103000178 ], [ 37.661861309000074, 13.91577807300007 ], [ 37.65884476400015, 13.923432945000172 ], [ 37.655277937000164, 13.945121312000083 ], [ 37.650389018000055, 13.95267299600016 ], [ 37.644609564, 13.954808150000076 ], [ 37.634240965, 13.95150601000006 ], [ 37.628947507000078, 13.955084215999989 ], [ 37.632396540000116, 13.965326445000073 ], [ 37.63236210000008, 13.976111776999971 ], [ 37.623161217000074, 13.99181822900016 ], [ 37.622159736000071, 13.998463486000105 ], [ 37.61145485000003, 14.005002497000135 ], [ 37.609512773000176, 14.008938292000096 ], [ 37.623323590999973, 14.03384456800012 ], [ 37.623700241000051, 14.03763884500006 ], [ 37.603055209000047, 14.040077576000158 ], [ 37.600598409000156, 14.043830615000104 ], [ 37.601231989000155, 14.050854636000111 ], [ 37.599912361000065, 14.054779204000113 ], [ 37.591078431000085, 14.051815997000176 ], [ 37.589443734000099, 14.055608712000037 ], [ 37.592251038000029, 14.068359519000126 ], [ 37.580805265000095, 14.080511622000074 ], [ 37.575600302000112, 14.095933886000182 ], [ 37.569441016000098, 14.096383270000047 ], [ 37.559598761000132, 14.091316816000074 ], [ 37.557474606000142, 14.092957192000085 ], [ 37.557245548000026, 14.104488940000124 ], [ 37.551834657000086, 14.103903935000176 ], [ 37.54699655700017, 14.110997795 ], [ 37.543971268, 14.112704898000118 ], [ 37.538359088, 14.113436967000041 ], [ 37.531792544000098, 14.112055800000064 ], [ 37.52860085400016, 14.114644141000099 ], [ 37.526331342000105, 14.118838031000166 ], [ 37.524660427000185, 14.129800306000107 ], [ 37.520367519000047, 14.135444911000036 ], [ 37.520129320000137, 14.147613621000062 ], [ 37.515639056000055, 14.16030405500004 ], [ 37.517063684000163, 14.164446034000036 ], [ 37.523535234000065, 14.167071164000163 ], [ 37.526206308000098, 14.171132641000042 ], [ 37.527662090000092, 14.177080352000189 ], [ 37.526516148000155, 14.183004165000114 ], [ 37.521473051000044, 14.179282850000163 ], [ 37.516843356000038, 14.183874395000032 ], [ 37.512483969000073, 14.182950235000078 ], [ 37.507051131000139, 14.179143735000082 ], [ 37.495588708000014, 14.182035757000108 ], [ 37.494652073000054, 14.184411677000071 ], [ 37.496172203000071, 14.194177798000112 ], [ 37.490160026000126, 14.199207492000085 ], [ 37.481962988000078, 14.201064015000156 ], [ 37.476888040000119, 14.211393872000144 ], [ 37.467001812000149, 14.213636779000183 ], [ 37.465409387000079, 14.215550736000182 ], [ 37.465527669000096, 14.221153392000133 ], [ 37.469895558000132, 14.233701500000052 ], [ 37.470589266000161, 14.247568328000057 ], [ 37.469138439000119, 14.251295503000165 ], [ 37.464963313000169, 14.253040306 ], [ 37.45358098700018, 14.250069822000114 ], [ 37.446093159000043, 14.250233584000114 ], [ 37.447501320000129, 14.253854910000086 ], [ 37.446352140999977, 14.26071018500005 ], [ 37.440359706000038, 14.263332998000067 ], [ 37.436152873000026, 14.26940550900008 ], [ 37.425843942000029, 14.273597153000139 ], [ 37.415130494000152, 14.286167910000074 ], [ 37.411721039000042, 14.287626403000047 ], [ 37.407169147, 14.286662738000189 ], [ 37.395470448000083, 14.29567139 ], [ 37.392933742000139, 14.299251641000069 ], [ 37.393097166000189, 14.302015176000168 ], [ 37.403372563000119, 14.312753405000024 ], [ 37.399124763000032, 14.319584024000051 ], [ 37.402662792000115, 14.335853682000106 ], [ 37.397655444, 14.336361107000073 ], [ 37.39414692600019, 14.341110900000047 ], [ 37.381775202000085, 14.339986254000053 ], [ 37.379702609000105, 14.342450927000186 ], [ 37.379931776000149, 14.353491944000041 ], [ 37.388836890000107, 14.358043690000045 ], [ 37.391487636000079, 14.365260928000168 ], [ 37.383463763000066, 14.363464115000113 ], [ 37.380287851, 14.372336333000021 ], [ 37.371830836000072, 14.372401465999985 ], [ 37.370984620000058, 14.374423655000044 ], [ 37.372534168000186, 14.380312725000067 ], [ 37.362588665000033, 14.388336907000166 ], [ 37.358132665000085, 14.39622480200012 ], [ 37.347820905000049, 14.401874241000087 ], [ 37.346829497000101, 14.404598025000041 ], [ 37.348588399000164, 14.410910076000164 ], [ 37.347015184000099, 14.411236305000045 ], [ 37.355340385000147, 14.416369277 ], [ 37.361081163000165, 14.413954896000178 ], [ 37.364705515000026, 14.41922332900009 ], [ 37.369741702000056, 14.419258170000035 ], [ 37.398193365000054, 14.461147530000119 ], [ 37.403338287000111, 14.471358707999968 ], [ 37.429745045000118, 14.480212523000091 ], [ 37.440141211000025, 14.477544028000182 ], [ 37.443125562000091, 14.470585996000182 ], [ 37.471128041000043, 14.468718920000072 ], [ 37.488951343, 14.473108391999972 ], [ 37.507498849000058, 14.461340656000118 ], [ 37.524771182000165, 14.45999540400004 ], [ 37.548789784000121, 14.446135214000037 ], [ 37.559220950000054, 14.452272250000135 ], [ 37.572531015999971, 14.455381370000168 ], [ 37.576667232000091, 14.46791554400005 ], [ 37.595363754, 14.477582397000049 ], [ 37.65716951700017, 14.494745531000149 ], [ 37.670743457000071, 14.504168423000124 ], [ 37.672304699000108, 14.521704643000191 ], [ 37.67885976499997, 14.527435376000142 ], [ 37.698010751000027, 14.562567286000103 ], [ 37.700629656000103, 14.578851859000054 ], [ 37.709873889000164, 14.588646501000085 ], [ 37.723673222000173, 14.623757455000145 ], [ 37.741534948000151, 14.642437537000148 ], [ 37.753012795000075, 14.642725318000032 ], [ 37.77355448000003, 14.630389106000052 ], [ 37.782741687000168, 14.653729195000039 ], [ 37.775219794000122, 14.678457434000165 ], [ 37.773573456000179, 14.698207052000157 ], [ 37.781859922000081, 14.734886032000077 ], [ 37.804759613999977, 14.768928063000089 ], [ 37.832622379000099, 14.805154923000089 ], [ 37.849453609000079, 14.812515420000068 ], [ 37.875660503, 14.799868305000189 ], [ 37.902128124000171, 14.81003461600011 ], [ 37.922798632000024, 14.826121637000085 ], [ 37.940296291000095, 14.845476907000148 ], [ 37.943705885000156, 14.841414523000083 ], [ 37.945332251000082, 14.835183630000131 ], [ 37.95101399400005, 14.838867070999981 ], [ 37.953313978000097, 14.837650178000104 ], [ 37.953682929000024, 14.832484320000106 ], [ 37.959186402000171, 14.832969202000072 ], [ 37.971047991000091, 14.83044908800008 ], [ 37.974855762000118, 14.81800497200004 ], [ 37.97446577400018, 14.801627098000097 ], [ 37.987922264000133, 14.807947037000133 ], [ 37.992283010000165, 14.792003606000037 ], [ 37.991996100000051, 14.779187186000058 ], [ 37.994189999000128, 14.773459063000132 ], [ 37.999636405999979, 14.775401390000184 ], [ 38.003647532000059, 14.771606534000057 ], [ 38.004776942000092, 14.766290349000144 ], [ 38.015824585000132, 14.765212359000088 ], [ 38.02053812500003, 14.760782508000148 ], [ 38.021470114000181, 14.75498067400008 ], [ 38.01741230500005, 14.742636144000073 ], [ 38.018264385, 14.736637359000156 ], [ 38.03006459, 14.727867818000107 ], [ 38.040369254000154, 14.716603013 ], [ 38.053489559000127, 14.710827755000025 ], [ 38.064630327000145, 14.711330790000147 ], [ 38.07786269800016, 14.707420233000164 ], [ 38.091544747000057, 14.706628799000043 ], [ 38.095370005000177, 14.701442338000163 ], [ 38.105562534000171, 14.697506350000083 ], [ 38.10915959099998, 14.690091432000145 ], [ 38.120149033000132, 14.683820718000163 ], [ 38.127568447000101, 14.68192467700004 ], [ 38.132082415000184, 14.678524118000155 ], [ 38.134443394000073, 14.672549592 ], [ 38.139266198000144, 14.667294295000147 ], [ 38.146118982000132, 14.668634908000115 ], [ 38.150304928000082, 14.674762049000037 ], [ 38.15621349200012, 14.676451550000081 ], [ 38.162001153000176, 14.675854921 ], [ 38.173834552000017, 14.679814968000017 ], [ 38.179999399000053, 14.676574656000128 ], [ 38.18356194, 14.679280341000094 ], [ 38.187405288000036, 14.689155056000118 ], [ 38.202687657000183, 14.685909069000047 ], [ 38.210027434000096, 14.686837317000084 ], [ 38.215032272000087, 14.68275521400011 ], [ 38.228240227000015, 14.68577429700008 ], [ 38.237052615000152, 14.683138794000058 ], [ 38.243060504000141, 14.677930577000154 ], [ 38.251615968000124, 14.675043686000151 ], [ 38.256207644000085, 14.669771173000072 ], [ 38.261083131000191, 14.667144 ], [ 38.264505937000024, 14.638769564000143 ], [ 38.269062622000035, 14.634375875000103 ], [ 38.266276755000035, 14.627811516000122 ], [ 38.264505869000061, 14.614130603000149 ], [ 38.271134495000126, 14.610534974000075 ], [ 38.286081003000106, 14.607506376000117 ], [ 38.291960703000086, 14.602391209000132 ], [ 38.293136492000087, 14.594806033000111 ], [ 38.307922249000171, 14.585116137000057 ], [ 38.310384630999977, 14.578732026000182 ], [ 38.315318192000063, 14.573471492000124 ], [ 38.313432239000065, 14.568131052000069 ], [ 38.315242314000045, 14.550672305000148 ], [ 38.329710044000194, 14.531527335000021 ], [ 38.33640297300019, 14.528856408000138 ], [ 38.340943884000126, 14.522012228000108 ], [ 38.339809379000087, 14.513749806000021 ], [ 38.343208163000156, 14.507703961000118 ], [ 38.349312561000033, 14.509538160999966 ], [ 38.355919825000115, 14.506738546000065 ], [ 38.356141639000157, 14.499258772000076 ], [ 38.362233507999974, 14.486766175000184 ], [ 38.36891703900011, 14.484397709000177 ], [ 38.373443123000129, 14.480230984000116 ], [ 38.388392859000191, 14.479635451000092 ], [ 38.39480763600011, 14.481472588000145 ], [ 38.398146100000133, 14.476507214000037 ], [ 38.398891298000137, 14.470138559000191 ], [ 38.401517640000179, 14.46495725900013 ], [ 38.420781839000085, 14.463747722000164 ], [ 38.432173958000078, 14.427998714000069 ], [ 38.438729429000034, 14.426772085000096 ], [ 38.442660481000075, 14.422215952000158 ], [ 38.442739063000147, 14.416140246000168 ], [ 38.44741137800014, 14.410416756000188 ], [ 38.456184172000178, 14.409444929000131 ], [ 38.472291368000072, 14.413054747000047 ], [ 38.477594430000124, 14.416579272000092 ], [ 38.483698459000038, 14.418195981000167 ], [ 38.498562379000134, 14.411938751999969 ], [ 38.506036510000115, 14.413252574000182 ], [ 38.515858538000089, 14.405079012000158 ], [ 38.52095747300018, 14.410864062000087 ], [ 38.537352056000145, 14.420139784000128 ], [ 38.54363851200003, 14.42252444200011 ], [ 38.549105916000144, 14.422264471000176 ], [ 38.554654030000165, 14.425692067000114 ], [ 38.561059244999967, 14.426037035000036 ], [ 38.572081835000176, 14.432958239000186 ], [ 38.578977212000041, 14.433635157000083 ], [ 38.594375083000159, 14.438576193000131 ], [ 38.608319130999973, 14.43863998900008 ], [ 38.615774358000181, 14.433529122000095 ], [ 38.631275002000166, 14.440539415000046 ], [ 38.639123981000068, 14.43948816 ], [ 38.646768576000113, 14.441177681999989 ], [ 38.654217810000091, 14.444993122000028 ], [ 38.661642753000081, 14.44547458500017 ], [ 38.664908947000129, 14.450417135 ], [ 38.675098240000068, 14.45299092099998 ], [ 38.687220089000164, 14.460192908000181 ], [ 38.702942838000183, 14.465288096000052 ], [ 38.715767069000151, 14.460991964000073 ], [ 38.730547686000136, 14.458896300000049 ], [ 38.750180316000069, 14.465081069000064 ], [ 38.758924384000068, 14.464626837000139 ], [ 38.774849816000028, 14.466887417000123 ], [ 38.794040337000069, 14.463219068000114 ], [ 38.81516246100017, 14.474335912000129 ], [ 38.816749173000176, 14.481893022000122 ], [ 38.824463237000032, 14.481968548000168 ], [ 38.835754656000177, 14.485819050999964 ], [ 38.836063582000122, 14.484715844000107 ], [ 38.841254491000029, 14.491039915000101 ], [ 38.848394168000027, 14.495687701000122 ], [ 38.864231418000031, 14.494046852000167 ], [ 38.904877260000035, 14.501192779000121 ], [ 38.920968892000133, 14.511310290000154 ], [ 38.937267095000095, 14.532087065000155 ], [ 38.949637450000182, 14.531139113000052 ], [ 38.954141951000111, 14.535995573000093 ], [ 38.967306254000164, 14.538468307000016 ], [ 38.974733216000061, 14.541596849000086 ], [ 38.980932692000181, 14.552697284999965 ], [ 38.993862263000153, 14.565589180000075 ], [ 39.001169546000028, 14.585778537000124 ], [ 39.009963744000061, 14.590275806000022 ], [ 39.012674033000053, 14.603448957000069 ], [ 39.008468608000157, 14.616238802000055 ], [ 39.02351901500009, 14.632369865000044 ], [ 39.028668514000117, 14.634466937000013 ], [ 39.041394463000131, 14.63163259900017 ], [ 39.048418222000123, 14.635490076000053 ], [ 39.055192894000072, 14.636187313000107 ], [ 39.075328858000091, 14.633416390000036 ], [ 39.080736947000162, 14.63651403300014 ], [ 39.08684172400018, 14.633338327000104 ], [ 39.097596364000083, 14.633373262000021 ], [ 39.104382304000012, 14.630032119000077 ], [ 39.113952852000182, 14.617623675000118 ], [ 39.124664419000169, 14.613430921000145 ], [ 39.157450433000179, 14.620278210000151 ], [ 39.177677578000043, 14.618530823000071 ], [ 39.200322892000031, 14.611037689 ], [ 39.208052417000147, 14.603312423000148 ], [ 39.215870387000052, 14.591470591000189 ], [ 39.220984714000167, 14.579569139000057 ], [ 39.221536713000091, 14.572458615000073 ], [ 39.226467183000011, 14.56821871 ], [ 39.233182164000084, 14.568162599000061 ], [ 39.23863151300003, 14.565882257000055 ], [ 39.238159937000091, 14.560682188000101 ], [ 39.240127139000151, 14.555666364000047 ], [ 39.238541807000047, 14.547646510000163 ], [ 39.232313937000072, 14.54031454800014 ], [ 39.231452883000088, 14.51916675800004 ], [ 39.227904380000041, 14.51164943100008 ], [ 39.216707959000075, 14.496072012000184 ], [ 39.208486129000164, 14.49305225300003 ], [ 39.214479966000056, 14.482848699000044 ], [ 39.219131501000049, 14.47818563900006 ], [ 39.221002548000058, 14.453800363000028 ], [ 39.224183212000128, 14.443325086000073 ], [ 39.231792122000172, 14.430761323000127 ], [ 39.239755007000099, 14.411598402999971 ], [ 39.246763843, 14.40533429300001 ], [ 39.249747945000024, 14.39226004600016 ], [ 39.260725094000122, 14.393100468000057 ], [ 39.275845252000067, 14.402154977000066 ], [ 39.290244816999973, 14.404734747000134 ], [ 39.292894280000098, 14.410583641000017 ], [ 39.300832483000079, 14.411389074000169 ], [ 39.301057489000073, 14.41822519100009 ], [ 39.297885374000089, 14.424202780000087 ], [ 39.297714055000029, 14.436182551000172 ], [ 39.314812946000188, 14.437557153 ], [ 39.319917365000038, 14.44193865699998 ], [ 39.323291592000032, 14.450034359000142 ], [ 39.317828947000066, 14.452841337000052 ], [ 39.322358639000015, 14.459039095000037 ], [ 39.316307415000097, 14.459840507000081 ], [ 39.314345168000045, 14.465759974000036 ], [ 39.313847994000071, 14.478881045000037 ], [ 39.329982269000027, 14.480435911000086 ], [ 39.32351797400014, 14.492404129000022 ], [ 39.324045667000178, 14.498269948000143 ], [ 39.340012122000076, 14.511309453000024 ], [ 39.353389794000122, 14.505012485000179 ], [ 39.364715667000098, 14.49626209000013 ], [ 39.37114900600011, 14.494614944999967 ], [ 39.369377376000045, 14.499794964000046 ], [ 39.364648120000084, 14.50582138700014 ], [ 39.364783739000018, 14.51183899800003 ], [ 39.368577188000131, 14.518689579000124 ], [ 39.367652725000085, 14.526647714000148 ], [ 39.364601430000164, 14.533988573000101 ], [ 39.368698579000124, 14.53831389700008 ], [ 39.383633925000083, 14.535796259000108 ], [ 39.398463254000035, 14.53820118200008 ], [ 39.41218552800018, 14.531004735000124 ], [ 39.428219429000137, 14.53066994500017 ], [ 39.429098903000067, 14.524353825000162 ], [ 39.435477033000041, 14.519270406000089 ], [ 39.453263403000165, 14.526868381000043 ], [ 39.452093179000144, 14.510938678000116 ], [ 39.457082475000163, 14.507242945000144 ], [ 39.461865075000105, 14.513045958000077 ], [ 39.469320279000158, 14.515609184000027 ], [ 39.467769229000112, 14.508399233000091 ], [ 39.471021360000123, 14.504413501000158 ], [ 39.472642061000045, 14.4982511 ], [ 39.485096532000171, 14.501425029000188 ], [ 39.493253132000177, 14.509462223000128 ], [ 39.500386525000067, 14.543799707000119 ], [ 39.494401290000155, 14.564362904 ], [ 39.49167953, 14.582474713000124 ], [ 39.477772397000138, 14.597611129000029 ], [ 39.477534216000095, 14.603629319000049 ], [ 39.490078848999985, 14.625035714000148 ], [ 39.486579559, 14.640238542000191 ], [ 39.488369231000149, 14.645272977000104 ], [ 39.497110921000115, 14.65434751000015 ], [ 39.50267493900003, 14.677010141000039 ], [ 39.509986414000025, 14.67178131300011 ], [ 39.515786444000128, 14.67706229800018 ], [ 39.53744321500011, 14.669518097000093 ], [ 39.575182287000189, 14.669890578000093 ], [ 39.591224960000034, 14.662146833000179 ], [ 39.605829393000192, 14.647109107000119 ], [ 39.622686479000151, 14.635943927000028 ], [ 39.628808599000081, 14.608764478000126 ], [ 39.637687754000126, 14.598433770000156 ], [ 39.657426306000161, 14.589822925000078 ], [ 39.666544511000097, 14.592152314000032 ], [ 39.673833291000108, 14.58819281500007 ], [ 39.680289726000069, 14.588753205000046 ], [ 39.696757070000103, 14.569013244000018 ], [ 39.699048775000108, 14.562009805000116 ], [ 39.709332679000113, 14.551368027000137 ], [ 39.71519684000009, 14.551658998000164 ], [ 39.728795543000047, 14.546790339000097 ], [ 39.750274881000166, 14.54521633000013 ], [ 39.766785667000079, 14.540761419000034 ], [ 39.768490767000117, 14.533188418000066 ], [ 39.774528760000123, 14.527145002999987 ], [ 39.785449228000061, 14.51108458300007 ], [ 39.791543556000136, 14.506339999000033 ], [ 39.792610100000104, 14.500192012000014 ], [ 39.801009677000081, 14.499225404000185 ], [ 39.80671807300007, 14.49337277800015 ], [ 39.813180874000068, 14.48237148600009 ], [ 39.819980726000097, 14.478950498000188 ], [ 39.825682792000066, 14.48014325500003 ], [ 39.831315141000061, 14.484855217000188 ], [ 39.84141007400018, 14.4794003720001 ], [ 39.846840967000048, 14.474487311000132 ], [ 39.856616114000133, 14.472026032000144 ], [ 39.861917960000085, 14.465819361000058 ], [ 39.872553453000137, 14.461897605000104 ], [ 39.879821830000139, 14.452104808000115 ], [ 39.890500242000087, 14.443572233000168 ], [ 39.895237203000079, 14.43585016600008 ], [ 39.923756024000113, 14.414994940999975 ], [ 39.938464456000133, 14.40874957699998 ], [ 39.949863675000131, 14.410645311000167 ], [ 39.957983982000087, 14.417890788000079 ], [ 39.971352190000061, 14.426328206000051 ], [ 39.971498845000042, 14.431584838000163 ], [ 39.98085004700016, 14.440779718000101 ], [ 39.984256322000192, 14.432340698000132 ], [ 39.983846775000131, 14.423607623000123 ], [ 39.979576327000075, 14.409875994 ], [ 39.981734145000132, 14.393773224000142 ], [ 39.988085252000076, 14.388105118999988 ], [ 39.990843734000066, 14.381967487000054 ], [ 39.979777701000046, 14.370973838000168 ], [ 39.972222438000131, 14.370156408000071 ], [ 39.956508800999984, 14.362416345000099 ], [ 39.950269412000068, 14.360418708999987 ], [ 39.938513718000138, 14.361436477000041 ], [ 39.916267416000096, 14.370258853999985 ], [ 39.908324720000167, 14.365376514000161 ], [ 39.901480053000057, 14.366676004 ], [ 39.895470976000183, 14.3705811210001 ], [ 39.853118790000167, 14.367098800000178 ], [ 39.854627509000181, 14.373158967000052 ], [ 39.847413023000115, 14.375045330000091 ], [ 39.838065835000123, 14.380497409999975 ], [ 39.827575315999979, 14.382718520000083 ], [ 39.819997669000145, 14.382502372000147 ], [ 39.800948107000181, 14.387177744000098 ], [ 39.795991506000121, 14.385981934000085 ], [ 39.787671144, 14.378730258000132 ], [ 39.772049039000194, 14.37385066600018 ], [ 39.774870938000163, 14.351449855999988 ], [ 39.77970587100009, 14.335798183 ], [ 39.779204078000078, 14.330532193000067 ], [ 39.771334523000064, 14.319853773999967 ], [ 39.762636002000193, 14.318696159000069 ], [ 39.745331395000051, 14.308649345000106 ], [ 39.733264395000106, 14.306593751000037 ], [ 39.726247716000159, 14.302962213000114 ], [ 39.726837182000111, 14.294027228000061 ], [ 39.733772411000075, 14.28794718000006 ], [ 39.742011054000045, 14.281270110000037 ], [ 39.757605709000075, 14.277177362000145 ], [ 39.755912756999976, 14.250040694000177 ], [ 39.757304091000037, 14.239843563000136 ], [ 39.753049046000115, 14.237048523000169 ], [ 39.74221658800019, 14.234941699000103 ], [ 39.706474827000079, 14.242062594000174 ], [ 39.694087480000178, 14.241311387000053 ], [ 39.687898251000149, 14.23134448899998 ], [ 39.685722395000028, 14.216176396000094 ], [ 39.676299288000109, 14.207100875000094 ], [ 39.672269655000036, 14.200334724000072 ], [ 39.663890699000035, 14.196918764000088 ], [ 39.65838353200013, 14.198681656000076 ], [ 39.656431365000174, 14.192823761999989 ], [ 39.649962783000149, 14.188612418000105 ], [ 39.657768764000082, 14.182403519000161 ], [ 39.673521258000108, 14.177716078 ], [ 39.68199849500013, 14.164686730000028 ], [ 39.715040245000182, 14.156313964000049 ], [ 39.720936909000102, 14.157018414000049 ], [ 39.749541346000115, 14.151798413000108 ], [ 39.767133017000049, 14.140043372000093 ], [ 39.775421367000149, 14.139065078000158 ], [ 39.790722705000178, 14.142543071000091 ], [ 39.797805051000182, 14.142528831000163 ], [ 39.809548131000099, 14.151646325000115 ], [ 39.826833159000159, 14.154952390000176 ], [ 39.837624773000073, 14.154198463000057 ], [ 39.83815346800003, 14.126542239000059 ], [ 39.843107910000128, 14.109366664000163 ], [ 39.841949771000145, 14.097038693 ], [ 39.843235395000136, 14.089869669000166 ], [ 39.848268452000127, 14.077961123000023 ], [ 39.844480897000153, 14.06010889800001 ], [ 39.843997023000099, 14.050258584000176 ], [ 39.854729909000127, 14.030980888000158 ], [ 39.86066167700011, 14.02823164800003 ], [ 39.866324728000166, 14.021599262000166 ], [ 39.882301047000169, 14.016060535000122 ], [ 39.88593699400019, 14.012203097000167 ], [ 39.868489228000044, 13.992241710000087 ], [ 39.869057950000183, 13.982923424000035 ], [ 39.858593663000079, 13.973186820000024 ], [ 39.859164438000164, 13.96577285800015 ], [ 39.835644058000071, 13.975646382000093 ], [ 39.829200986000046, 13.974282718000097 ], [ 39.815650906000144, 13.968239547000053 ], [ 39.812765828000181, 13.9602161520001 ], [ 39.801657987999988, 13.945601886000077 ], [ 39.812578016000089, 13.944860871000117 ], [ 39.817633132000026, 13.942581124000071 ], [ 39.827919023000106, 13.931626359000063 ], [ 39.825606132000132, 13.926570043000027 ], [ 39.826091501000064, 13.921377619000111 ], [ 39.833278651000171, 13.918403375000025 ], [ 39.833511415000089, 13.907842470999981 ], [ 39.829412418000118, 13.899620527000081 ], [ 39.828181193000148, 13.887951389000023 ], [ 39.829022220000184, 13.868502307000142 ], [ 39.837846797000168, 13.864210250000042 ], [ 39.836303231000159, 13.854130258 ], [ 39.841055386000164, 13.847112606000053 ], [ 39.842246326000122, 13.838402885000164 ], [ 39.833701325000163, 13.821384023000121 ], [ 39.836296972000071, 13.811353493000126 ], [ 39.841549521000104, 13.803495586 ], [ 39.848370080000166, 13.799994467000147 ], [ 39.852273098000182, 13.794897904000095 ], [ 39.853733456000043, 13.786232673000143 ], [ 39.853197336000051, 13.766511068000057 ], [ 39.863768841000194, 13.755109812000114 ], [ 39.874198503000173, 13.749403871000084 ], [ 39.884068764000176, 13.748246227000038 ], [ 39.875999861000025, 13.73820799900011 ], [ 39.874089855000079, 13.722169819000044 ], [ 39.874553891000062, 13.710478221000074 ], [ 39.877668641000071, 13.705977412999971 ], [ 39.877652729000147, 13.688771974000076 ], [ 39.876222103000089, 13.68025397800011 ], [ 39.867422604000069, 13.658281017000093 ], [ 39.86855378700011, 13.643538689000138 ], [ 39.866450862000136, 13.626939708000123 ], [ 39.868701621000127, 13.620478582000032 ], [ 39.869558559000154, 13.609505436000177 ], [ 39.864953686000035, 13.60266613400006 ], [ 39.865476263000062, 13.590311574000111 ], [ 39.867571497000029, 13.583809183000085 ], [ 39.86532543300018, 13.563705823000134 ], [ 39.863390024000182, 13.558355915000107 ], [ 39.863907174000133, 13.548160815000188 ], [ 39.853278277000129, 13.554091611000104 ], [ 39.843404651000128, 13.556503434999968 ], [ 39.835798865000186, 13.555326686000058 ], [ 39.81626345300009, 13.557770769000058 ], [ 39.803835674000084, 13.553725030000066 ], [ 39.793824035000114, 13.555723993000129 ], [ 39.783574547000114, 13.563382752000109 ], [ 39.763032083000041, 13.571270992000166 ], [ 39.744547150000074, 13.570811597999977 ], [ 39.739455809000106, 13.563148314999978 ], [ 39.739727730000141, 13.547299797000164 ], [ 39.733945204000065, 13.528694516000087 ], [ 39.729165615999989, 13.524073565000094 ], [ 39.728213039000138, 13.516627145000029 ], [ 39.723424706000174, 13.509191865000162 ], [ 39.719517477000124, 13.475681038000062 ], [ 39.726066291000166, 13.441201858000056 ], [ 39.727742360000036, 13.422228443000051 ], [ 39.73394796600013, 13.403069143000039 ], [ 39.73834290100001, 13.399575952000134 ], [ 39.74355080700019, 13.388937370000065 ], [ 39.741284246000134, 13.38219548100011 ], [ 39.745758888000182, 13.374121329000104 ], [ 39.729522420000023, 13.378807824000035 ], [ 39.731693651000171, 13.37332019400003 ], [ 39.740033665000112, 13.363254426000083 ], [ 39.742180447000123, 13.357488929000112 ], [ 39.741704418999973, 13.351287595000031 ], [ 39.738764075000063, 13.332885975000124 ], [ 39.736455478000096, 13.327302485000189 ], [ 39.737746663000109, 13.321094395000102 ], [ 39.735012419000157, 13.314301637000085 ], [ 39.728498990000105, 13.308798639000031 ], [ 39.719723195000086, 13.294554241000071 ], [ 39.724971773, 13.288338122000084 ], [ 39.735900943000161, 13.286540681000133 ], [ 39.741783736000059, 13.282581356000037 ], [ 39.758648440000115, 13.278899931000126 ], [ 39.762420409000015, 13.283453249000104 ], [ 39.767315156000109, 13.285268958000188 ], [ 39.777378498000189, 13.275160946000142 ], [ 39.785749087000056, 13.262705021999977 ], [ 39.785092909000127, 13.251956639000184 ], [ 39.787224969000135, 13.245630310000138 ], [ 39.799056676000077, 13.227521332000151 ], [ 39.800583243000176, 13.219151013000101 ], [ 39.808532936000063, 13.21717392700009 ], [ 39.803772141000024, 13.189679774000126 ], [ 39.809170958000095, 13.176686164999978 ], [ 39.811947079, 13.155157411 ], [ 39.824296612000126, 13.131952659000149 ], [ 39.831223065000074, 13.112541891999967 ], [ 39.833195794000176, 13.08856081000016 ], [ 39.835063545000082, 13.082977736000032 ], [ 39.847955232000118, 13.052805908000096 ], [ 39.857987675, 13.036156707000032 ], [ 39.863058903000024, 13.019703688 ], [ 39.860377723000056, 13.003619527000126 ], [ 39.861758035000037, 12.993831445000126 ], [ 39.86001018200011, 12.969632401000183 ], [ 39.862363689000063, 12.962021568000068 ], [ 39.872774119000098, 12.942250135000108 ], [ 39.886386068000036, 12.930909873000132 ], [ 39.898175579000053, 12.926062035000086 ], [ 39.904247420000161, 12.921754377000184 ], [ 39.906434864000119, 12.914339801999972 ], [ 39.925204444000087, 12.893767369000045 ], [ 39.929261018000147, 12.881505070000173 ], [ 39.929358263000097, 12.874393049000162 ], [ 39.941180917000111, 12.861272854 ], [ 39.952538324000045, 12.836919809000051 ], [ 39.965483378000158, 12.821883421000109 ], [ 39.96950860100003, 12.814126278000174 ], [ 39.972580637000192, 12.797360454999989 ], [ 39.977982917000077, 12.792190897000012 ], [ 39.963275089000092, 12.78218392000008 ], [ 39.942707812000037, 12.771478704 ], [ 39.927557140000033, 12.767072699999972 ], [ 39.919576160000133, 12.766889659000014 ], [ 39.89904895899997, 12.762307990000124 ], [ 39.888647898000158, 12.755775692000157 ], [ 39.869782030000067, 12.733919082000057 ], [ 39.867605568000101, 12.723737696000171 ], [ 39.839413889000127, 12.713274352000042 ], [ 39.834953434000113, 12.706728690999967 ], [ 39.825109973000053, 12.713507826000182 ], [ 39.805148897000095, 12.717709466000031 ], [ 39.762783822000188, 12.719609177000109 ], [ 39.738542753000047, 12.709622720000084 ], [ 39.728287389000059, 12.699103760000128 ], [ 39.73223664000011, 12.692871801000081 ], [ 39.735644425000032, 12.682803618000094 ], [ 39.744884712000157, 12.667420623000112 ], [ 39.74343710800008, 12.664422913000067 ], [ 39.732799002000093, 12.661075676000166 ], [ 39.716083428000104, 12.666746589000127 ], [ 39.708202193000034, 12.666535226000178 ], [ 39.702574881000146, 12.664291351000031 ], [ 39.697468344000129, 12.658205647000102 ], [ 39.672077532, 12.652194109999982 ], [ 39.661545781000029, 12.638772631000165 ], [ 39.654679606000059, 12.636188110000091 ], [ 39.659461024999985, 12.615232316000117 ], [ 39.666855710000164, 12.563929869000049 ], [ 39.665658882000059, 12.554630988000042 ], [ 39.658846616000062, 12.552965342000107 ], [ 39.650026858000047, 12.554417827000123 ], [ 39.649115336000136, 12.552375384000129 ], [ 39.63863109600004, 12.556588330000181 ], [ 39.615837741000178, 12.549994879000053 ], [ 39.609603758000105, 12.558022473000108 ], [ 39.604281414000127, 12.555935242000146 ], [ 39.599795363999988, 12.556112784999982 ], [ 39.593277706000038, 12.559900136000124 ], [ 39.588990146000185, 12.557397626000181 ], [ 39.577907364000168, 12.559531000000106 ], [ 39.573264515000176, 12.562429370000132 ], [ 39.566484073000083, 12.563844668000172 ], [ 39.573581540000191, 12.570600782000156 ], [ 39.572779741000033, 12.577615832000049 ], [ 39.573911676000137, 12.580210078000107 ], [ 39.563929526000038, 12.587000096000054 ], [ 39.563297168000133, 12.594652870000175 ], [ 39.554619944000194, 12.608439710000141 ], [ 39.557503459000088, 12.613493410000103 ], [ 39.565004699000099, 12.612070252000137 ], [ 39.570175630000108, 12.614567583999985 ], [ 39.566300758000125, 12.618692832000079 ], [ 39.561946382000087, 12.628034498000147 ], [ 39.564301501000159, 12.631583829000078 ], [ 39.563954697999975, 12.633618008999974 ], [ 39.559796848000076, 12.635004323000146 ], [ 39.556839064000087, 12.638564836000114 ], [ 39.557165762000125, 12.642972064000105 ], [ 39.562051466000071, 12.651547155 ], [ 39.558082448000107, 12.652731298000049 ], [ 39.554973253000185, 12.655731359000185 ], [ 39.556473189000144, 12.659135837000122 ], [ 39.558442455000147, 12.658456803000092 ], [ 39.560109666000187, 12.659972450000168 ], [ 39.559281333000115, 12.662295868000058 ], [ 39.550118492000024, 12.669813512000133 ], [ 39.535225793000166, 12.671043164000082 ], [ 39.524353720000079, 12.665132871000026 ], [ 39.513267755000186, 12.663114242000063 ], [ 39.504555069000162, 12.66583012600006 ], [ 39.497494045000167, 12.666149739000161 ], [ 39.49332074400013, 12.664431493999984 ], [ 39.493312792000154, 12.655801435000114 ], [ 39.485183885000026, 12.651594577000026 ], [ 39.478317301000118, 12.643947852000167 ], [ 39.466102304000117, 12.642920540000091 ], [ 39.459060041000157, 12.637970580000172 ], [ 39.418967296000119, 12.637015886000029 ], [ 39.414381966000178, 12.638649615000134 ], [ 39.407759612000063, 12.638337676000162 ], [ 39.400450638000166, 12.650187986000105 ], [ 39.399286803000052, 12.658642446999977 ], [ 39.396055605000072, 12.663859290000062 ], [ 39.400144884000099, 12.675199555 ], [ 39.405306664000136, 12.67946329900019 ], [ 39.40080894700003, 12.688703878000126 ], [ 39.39798990200012, 12.691166609000049 ], [ 39.389494631000048, 12.690731586000027 ], [ 39.383860125000126, 12.693656074000046 ], [ 39.358319889000086, 12.694290845000126 ], [ 39.337773775000073, 12.698432239000113 ], [ 39.336083755, 12.697189871000148 ], [ 39.332207933000177, 12.699427187000026 ], [ 39.328061524000191, 12.698105314000145 ], [ 39.321900665000157, 12.704327515000102 ], [ 39.315354297000113, 12.698345652000114 ], [ 39.302292687000147, 12.702214213000047 ], [ 39.301117601000044, 12.704035413999975 ], [ 39.298626930000125, 12.701281302000041 ], [ 39.296402941000053, 12.701098417000082 ], [ 39.285521429000141, 12.704370101000052 ], [ 39.269535045000111, 12.723219788000165 ], [ 39.273859870000081, 12.726624411000046 ], [ 39.280932323000059, 12.743338179000034 ], [ 39.278853379000168, 12.758548087000122 ], [ 39.267663775000187, 12.77133496600004 ], [ 39.275771867000117, 12.787847884000143 ], [ 39.295730048000053, 12.785497266000164 ], [ 39.303601963000119, 12.793315247000123 ], [ 39.307215579000115, 12.811652772000116 ], [ 39.277685629000189, 12.826024042000142 ], [ 39.2903891200001, 12.837919754000097 ], [ 39.310131667000178, 12.852206824000064 ], [ 39.306827890000136, 12.866310379000026 ], [ 39.302989733000061, 12.870121856000139 ], [ 39.294894823000163, 12.870902075000117 ], [ 39.279022835000148, 12.856247515000177 ], [ 39.263076050000109, 12.894094005000056 ], [ 39.258728715000018, 12.914682269000025 ], [ 39.250806722000107, 12.917982949000077 ], [ 39.232567566000057, 12.916686075000086 ], [ 39.215323868000041, 12.922129462000044 ], [ 39.203299218000041, 12.928914778000149 ], [ 39.19283200000018, 12.92808498800008 ], [ 39.174767503000055, 12.938168499000085 ], [ 39.163469884000051, 12.948412102000077 ], [ 39.154807658000095, 12.949838287000034 ], [ 39.150356552000062, 12.953154398000038 ], [ 39.141864794000185, 12.955839862 ], [ 39.119146232000162, 12.960857076000025 ], [ 39.100499307000177, 12.958769106000091 ], [ 39.082858956000166, 12.959272311000063 ], [ 39.074147895000181, 12.976086022000118 ], [ 39.053611421000028, 12.990669566000065 ], [ 39.044585908000158, 12.993361641000149 ], [ 39.034261090000086, 13.000468310000088 ], [ 39.014349526, 13.0015728730001 ], [ 39.009610106000082, 13.003898779000167 ], [ 39.000219106000031, 13.003443776000097 ], [ 38.994455238000114, 13.011741138000048 ], [ 39.004334067000116, 13.023397491000026 ], [ 39.000056553000036, 13.038889977000053 ], [ 38.993962473000124, 13.045288802000073 ], [ 38.990451466000138, 13.06282999900003 ], [ 38.989823904000048, 13.081289800000036 ], [ 38.97860189000005, 13.098962081000025 ], [ 39.01024227500011, 13.113980905000119 ], [ 39.020224536000114, 13.126876078000123 ], [ 39.026297101000125, 13.127912470000069 ], [ 39.036933914000087, 13.134239229000116 ], [ 39.042569801000013, 13.15561938500008 ], [ 39.041598780000072, 13.161502315000121 ], [ 39.036024372000156, 13.169948423000108 ] ] ] } },
{ "type": "Feature", "properties": { "name": "Afar" }, "geometry": { "type": "Polygon", "coordinates": [ [ [ 40.169889522000062, 8.96449889600018 ], [ 40.152249361000088, 8.931958967000128 ], [ 40.120539126000097, 8.895779080000011 ], [ 40.094496917000185, 8.86216516900015 ], [ 40.080968830000074, 8.851349213000162 ], [ 40.06695374800006, 8.843969253000068 ], [ 40.051188669000112, 8.840629298000181 ], [ 40.040348623000114, 8.841109322000136 ], [ 40.024218561000055, 8.845049361000065 ], [ 40.010408527000152, 8.856089392000058 ], [ 40.01091856700009, 8.87077937700019 ], [ 40.019268652000051, 8.889129347000051 ], [ 40.036618778000104, 8.906529287000183 ], [ 40.043878907000135, 8.942319245000078 ], [ 40.051098990000071, 8.96135920800009 ], [ 40.047459013999969, 8.977889205000054 ], [ 40.034819002000063, 8.994449229000168 ], [ 40.021928961000128, 9.002279258000101 ], [ 39.999558877000027, 9.007159309000031 ], [ 39.968168722000087, 9.003559392000113 ], [ 39.947628630000054, 9.00359944700017 ], [ 39.951868717000139, 9.029989418000071 ], [ 39.94245872800019, 9.047689431000094 ], [ 39.928398676000029, 9.054149459000087 ], [ 39.91874867000007, 9.068409475000124 ], [ 39.915608737000071, 9.097339463000139 ], [ 39.909018797000158, 9.131799454000031 ], [ 39.898418767000067, 9.138939472000175 ], [ 39.877658687000121, 9.144729525000059 ], [ 39.849008538000078, 9.138129605000074 ], [ 39.817420679000122, 9.136314175000109 ], [ 39.815223703000072, 9.154150174000165 ], [ 39.81622420900004, 9.161578789000089 ], [ 39.813013316000024, 9.171110355000053 ], [ 39.836117591000061, 9.188299398000026 ], [ 39.847767217000126, 9.201510889000076 ], [ 39.853504703000169, 9.210812634000092 ], [ 39.873029747000089, 9.227292375000047 ], [ 39.873228492000123, 9.233576338000091 ], [ 39.862955322000118, 9.242262559000039 ], [ 39.857005408000191, 9.270074091000083 ], [ 39.885989008000081, 9.269359403000067 ], [ 39.859998318, 9.307126238000023 ], [ 39.844136254000148, 9.314182703000085 ], [ 39.833857295000087, 9.314753878000033 ], [ 39.816712985000152, 9.307667610000067 ], [ 39.789141232000134, 9.304219598999964 ], [ 39.787044867000191, 9.306919948000029 ], [ 39.778879464, 9.30986388499997 ], [ 39.774872146000121, 9.314217300000053 ], [ 39.77001275900011, 9.336843004000173 ], [ 39.761432266000099, 9.34276579800013 ], [ 39.758707254, 9.346935495000082 ], [ 39.759174693000091, 9.353173466999976 ], [ 39.752017154000157, 9.361535949000029 ], [ 39.749826332000112, 9.369215006000047 ], [ 39.791478857000016, 9.369819571999983 ], [ 39.785192561000031, 9.395607140999971 ], [ 39.799799680999968, 9.399677135000104 ], [ 39.807222469000067, 9.412840961000029 ], [ 39.821455806000131, 9.417440211000098 ], [ 39.872891826000171, 9.397763554000164 ], [ 39.878645824000159, 9.400410595000039 ], [ 39.874407748000181, 9.407751854000082 ], [ 39.871412381000027, 9.441606532000094 ], [ 39.873097015000155, 9.446840990000112 ], [ 39.872525838000058, 9.459261316000152 ], [ 39.847831218000181, 9.481207726000036 ], [ 39.83752582600016, 9.50189908100009 ], [ 39.847098365000193, 9.510716289000072 ], [ 39.847911496000052, 9.525209400000108 ], [ 39.857324161000179, 9.547084830000131 ], [ 39.856768087000034, 9.556498578000117 ], [ 39.847578568000017, 9.564292121000051 ], [ 39.87714658800013, 9.57656938700012 ], [ 39.881479557000091, 9.593015202000117 ], [ 39.883795549000183, 9.610633282000151 ], [ 39.879327954000132, 9.624249912000039 ], [ 39.861597645000131, 9.651590045999967 ], [ 39.857662588000039, 9.655151854000167 ], [ 39.849919096000065, 9.68772538900015 ], [ 39.852678544000128, 9.698681828000133 ], [ 39.848452679000161, 9.708697035 ], [ 39.839127550000171, 9.723559838000085 ], [ 39.84977405800015, 9.748358985000039 ], [ 39.856580224000027, 9.752579042000036 ], [ 39.862140287000045, 9.75395904200019 ], [ 39.875800348000098, 9.752809007000167 ], [ 39.91816051700016, 9.74175889900016 ], [ 39.954730654000059, 9.730248808000056 ], [ 39.973530739000125, 9.729228756 ], [ 40.009369776000085, 9.732856664000167 ], [ 40.013766690000068, 9.737567590000026 ], [ 40.005915073000153, 9.741022347000126 ], [ 40.001832232000083, 9.747931774000108 ], [ 39.991154010000116, 9.756725605000042 ], [ 39.993429114000094, 9.763604967999981 ], [ 40.008073401000047, 9.78177612800016 ], [ 40.00763943600009, 9.788720263000187 ], [ 40.004456721000111, 9.795230372000105 ], [ 40.011025413000027, 9.818556814000146 ], [ 40.017490673999987, 9.820008066000128 ], [ 40.027798376000021, 9.829902364000077 ], [ 40.03520665700006, 9.842798544000061 ], [ 40.052670644000102, 9.842197328000054 ], [ 40.070692824000162, 9.857416624000052 ], [ 40.058430127000122, 9.864339007000012 ], [ 40.063559105000138, 9.902413099000114 ], [ 40.069378800000152, 9.90479778100007 ], [ 40.077824466000152, 9.905461926000044 ], [ 40.088842507000038, 9.93480546100011 ], [ 40.080422791999979, 9.948390634000134 ], [ 40.067272148000086, 9.960070327000096 ], [ 40.066215378000095, 9.966267384000105 ], [ 40.058905264000089, 9.977105247000054 ], [ 40.04315937500013, 9.991030512000179 ], [ 40.031952431000093, 9.994486964000146 ], [ 40.009808274000136, 9.991180830000133 ], [ 39.992409775000056, 9.993308733000106 ], [ 39.947354193000137, 9.993374848000144 ], [ 39.929689071000155, 10.005838085999983 ], [ 39.931762313000092, 10.007020612000133 ], [ 39.931263981000029, 10.014446273000033 ], [ 39.92734821200014, 10.012638682000102 ], [ 39.924699313000076, 10.014096156999983 ], [ 39.941619856000102, 10.043069890000027 ], [ 39.943444662000047, 10.059189888000105 ], [ 39.936785070999974, 10.062210044000039 ], [ 39.927274822000129, 10.089962566 ], [ 39.948171668000043, 10.084464076000188 ], [ 39.969169678000128, 10.08493983000011 ], [ 39.980178402000092, 10.087851924000176 ], [ 39.988950811, 10.088315128000147 ], [ 39.993562753000049, 10.076897555000187 ], [ 40.024008584000171, 10.074357291000183 ], [ 40.069024911000099, 10.079061598000123 ], [ 40.107150834000095, 10.071179958000073 ], [ 40.132584922000092, 10.071093523000116 ], [ 40.158145723000132, 10.090278606000084 ], [ 40.137057146000075, 10.145037694000052 ], [ 40.128993667000032, 10.173546208000062 ], [ 40.149868846000174, 10.233329594000111 ], [ 40.155579610000188, 10.257410691000132 ], [ 40.146659743000157, 10.277217092000171 ], [ 40.157497908000096, 10.285365440000021 ], [ 40.160385655000027, 10.300797679000141 ], [ 40.159094259000142, 10.35627886400016 ], [ 40.16305743800001, 10.374804112000106 ], [ 40.163639855000156, 10.41236375200009 ], [ 40.161587952000104, 10.435340451 ], [ 40.152901391, 10.43928583100012 ], [ 40.150632407000046, 10.470404321000046 ], [ 40.128496319000078, 10.617484683999976 ], [ 40.109076607000191, 10.723884582000096 ], [ 40.102545855000187, 10.739684215000068 ], [ 40.102610932000175, 10.755046175000132 ], [ 40.108423512000059, 10.763825469000039 ], [ 40.122031309000022, 10.768172394999965 ], [ 40.166695362000098, 10.805048304000138 ], [ 40.164088408000055, 10.828607851000186 ], [ 40.167107675000011, 10.834037032000026 ], [ 40.168065674000161, 10.842075440000087 ], [ 40.166952659000174, 10.847467200000153 ], [ 40.169951585000149, 10.873524746000044 ], [ 40.175857201000099, 10.877782504000038 ], [ 40.178509752000139, 10.884326842000121 ], [ 40.180501636000088, 10.896861903000115 ], [ 40.149310951000132, 10.895796132000157 ], [ 40.132943092000062, 10.915161270000169 ], [ 40.123771524000063, 10.93763921600015 ], [ 40.144128374000047, 10.952115006999975 ], [ 40.169002056000181, 11.001571813000055 ], [ 40.186939037000059, 11.025342766000165 ], [ 40.193180431000087, 11.047865564000119 ], [ 40.195512819000157, 11.068224788000123 ], [ 40.19379644300011, 11.096367235000116 ], [ 40.21243793400015, 11.108908124000095 ], [ 40.172875988000101, 11.239979554000172 ], [ 40.145619762000138, 11.255625560000112 ], [ 40.122803653000176, 11.296106744000042 ], [ 40.102577586000052, 11.316914856999972 ], [ 40.07123437700011, 11.325645610000038 ], [ 40.064956347000077, 11.337759224000081 ], [ 40.067218370000091, 11.360568220000118 ], [ 40.070186855000145, 11.373664184000063 ], [ 40.066334076000146, 11.428689165000151 ], [ 40.067064544000175, 11.44292464 ], [ 40.060914350000019, 11.474131536000129 ], [ 40.054877989000033, 11.487684908000176 ], [ 40.024012733000063, 11.530850727000086 ], [ 40.006473079000102, 11.558640850000018 ], [ 39.993314070000167, 11.58379725900005 ], [ 39.992544466000084, 11.597410374999981 ], [ 39.99745104100009, 11.612226044000067 ], [ 40.015285517000052, 11.645552521000184 ], [ 39.99411318600005, 11.681157761000065 ], [ 39.969655659000125, 11.664480789000095 ], [ 39.950030926000011, 11.682392051000079 ], [ 39.923946133000129, 11.700796031000152 ], [ 39.91146717700002, 11.718042234000052 ], [ 39.902213140000072, 11.73655034 ], [ 39.885107160000075, 11.761788683000077 ], [ 39.879218206000075, 11.767397210000013 ], [ 39.874871622000171, 11.778754453000147 ], [ 39.873469554000167, 11.79855950000001 ], [ 39.877956600000175, 11.85839525200015 ], [ 39.878096897000148, 11.882652046999965 ], [ 39.887100224000164, 11.905738230000111 ], [ 39.876546907000147, 11.974361157000146 ], [ 39.866738428000133, 11.995188157000143 ], [ 39.861397960000033, 12.012602648000097 ], [ 39.85410897800017, 12.029162647000078 ], [ 39.841262494000034, 12.053548152000076 ], [ 39.843502548000117, 12.065308125000115 ], [ 39.859786676000112, 12.08333101400018 ], [ 39.861724730000049, 12.088369026000123 ], [ 39.828600589000189, 12.099837122000054 ], [ 39.819151621000174, 12.123438116000045 ], [ 39.81282870300015, 12.15664008400006 ], [ 39.807101721000038, 12.170387082000104 ], [ 39.799860768000144, 12.194985067000061 ], [ 39.802676841, 12.210930031999965 ], [ 39.803625913000189, 12.229686998000147 ], [ 39.807546950000187, 12.238868944999979 ], [ 39.827579057000037, 12.240457884000136 ], [ 39.82365524700009, 12.291624827000021 ], [ 39.824736882000138, 12.317740811000078 ], [ 39.817611330000148, 12.324029795000172 ], [ 39.817622562, 12.341872429000148 ], [ 39.830876304000071, 12.357500495000181 ], [ 39.829313508000098, 12.365651486000047 ], [ 39.825270095000121, 12.372304332000169 ], [ 39.823043050000138, 12.383922015000167 ], [ 39.819931964000148, 12.389995824000096 ], [ 39.820953098000075, 12.395184518000065 ], [ 39.814929224000082, 12.407061931000044 ], [ 39.821614137000154, 12.414835534000076 ], [ 39.833367779000071, 12.433481857 ], [ 39.847473153000124, 12.449206307000054 ], [ 39.863112708000131, 12.463346011999988 ], [ 39.882572530000175, 12.457662647000063 ], [ 39.882049998000127, 12.466955603000144 ], [ 39.871260166000127, 12.468812833000129 ], [ 39.866285922000145, 12.47262432600013 ], [ 39.881065664000175, 12.484460752000189 ], [ 39.868181891000063, 12.494316991000062 ], [ 39.863451756000131, 12.506289292000076 ], [ 39.861687059000076, 12.517505468000138 ], [ 39.863645209000083, 12.523721617000092 ], [ 39.863195812000072, 12.531448593000164 ], [ 39.852370483000129, 12.547421673000144 ], [ 39.840548932000161, 12.546731774000023 ], [ 39.832764098000155, 12.549890952999988 ], [ 39.825906567000061, 12.560954357000014 ], [ 39.826825598000141, 12.571970484000133 ], [ 39.815478277000125, 12.581401185000175 ], [ 39.806736717000035, 12.596283054000082 ], [ 39.808868787000051, 12.603399541000101 ], [ 39.818702501000132, 12.618753520000155 ], [ 39.824337837000087, 12.622538315000043 ], [ 39.832573503000106, 12.634377556000061 ], [ 39.82334012300015, 12.645668827000179 ], [ 39.820077805000039, 12.658827258000088 ], [ 39.826104312000155, 12.693741426000031 ], [ 39.839413889000127, 12.713274352000042 ], [ 39.867605568000101, 12.723737696000171 ], [ 39.869782030000067, 12.733919082000057 ], [ 39.888647898000158, 12.755775692000157 ], [ 39.89904895899997, 12.762307990000124 ], [ 39.919576160000133, 12.766889659000014 ], [ 39.927557140000033, 12.767072699999972 ], [ 39.942707812000037, 12.771478704 ], [ 39.963275089000092, 12.78218392000008 ], [ 39.977982917000077, 12.792190897000012 ], [ 39.972580637000192, 12.797360454999989 ], [ 39.96950860100003, 12.814126278000174 ], [ 39.965483378000158, 12.821883421000109 ], [ 39.952538324000045, 12.836919809000051 ], [ 39.941180917000111, 12.861272854 ], [ 39.929358263000097, 12.874393049000162 ], [ 39.929261018000147, 12.881505070000173 ], [ 39.925204444000087, 12.893767369000045 ], [ 39.906434864000119, 12.914339801999972 ], [ 39.904247420000161, 12.921754377000184 ], [ 39.898175579000053, 12.926062035000086 ], [ 39.886386068000036, 12.930909873000132 ], [ 39.872774119000098, 12.942250135000108 ], [ 39.862363689000063, 12.962021568000068 ], [ 39.86001018200011, 12.969632401000183 ], [ 39.861758035000037, 12.993831445000126 ], [ 39.860377723000056, 13.003619527000126 ], [ 39.863058903000024, 13.019703688 ], [ 39.857987675, 13.036156707000032 ], [ 39.847955232000118, 13.052805908000096 ], [ 39.835063545000082, 13.082977736000032 ], [ 39.833195794000176, 13.08856081000016 ], [ 39.831223065000074, 13.112541891999967 ], [ 39.824296612000126, 13.131952659000149 ], [ 39.811947079, 13.155157411 ], [ 39.809170958000095, 13.176686164999978 ], [ 39.803772141000024, 13.189679774000126 ], [ 39.808532936000063, 13.21717392700009 ], [ 39.800583243000176, 13.219151013000101 ], [ 39.799056676000077, 13.227521332000151 ], [ 39.787224969000135, 13.245630310000138 ], [ 39.785092909000127, 13.251956639000184 ], [ 39.785749087000056, 13.262705021999977 ], [ 39.777378498000189, 13.275160946000142 ], [ 39.767315156000109, 13.285268958000188 ], [ 39.762420409000015, 13.283453249000104 ], [ 39.758648440000115, 13.278899931000126 ], [ 39.741783736000059, 13.282581356000037 ], [ 39.735900943000161, 13.286540681000133 ], [ 39.724971773, 13.288338122000084 ], [ 39.719723195000086, 13.294554241000071 ], [ 39.728498990000105, 13.308798639000031 ], [ 39.735012419000157, 13.314301637000085 ], [ 39.737746663000109, 13.321094395000102 ], [ 39.736455478000096, 13.327302485000189 ], [ 39.738764075000063, 13.332885975000124 ], [ 39.741704418999973, 13.351287595000031 ], [ 39.742180447000123, 13.357488929000112 ], [ 39.740033665000112, 13.363254426000083 ], [ 39.731693651000171, 13.37332019400003 ], [ 39.729522420000023, 13.378807824000035 ], [ 39.745758888000182, 13.374121329000104 ], [ 39.741284246000134, 13.38219548100011 ], [ 39.74355080700019, 13.388937370000065 ], [ 39.73834290100001, 13.399575952000134 ], [ 39.73394796600013, 13.403069143000039 ], [ 39.727742360000036, 13.422228443000051 ], [ 39.726066291000166, 13.441201858000056 ], [ 39.719517477000124, 13.475681038000062 ], [ 39.723424706000174, 13.509191865000162 ], [ 39.728213039000138, 13.516627145000029 ], [ 39.729165615999989, 13.524073565000094 ], [ 39.733945204000065, 13.528694516000087 ], [ 39.739727730000141, 13.547299797000164 ], [ 39.739455809000106, 13.563148314999978 ], [ 39.744547150000074, 13.570811597999977 ], [ 39.763032083000041, 13.571270992000166 ], [ 39.783574547000114, 13.563382752000109 ], [ 39.793824035000114, 13.555723993000129 ], [ 39.803835674000084, 13.553725030000066 ], [ 39.81626345300009, 13.557770769000058 ], [ 39.835798865000186, 13.555326686000058 ], [ 39.843404651000128, 13.556503434999968 ], [ 39.853278277000129, 13.554091611000104 ], [ 39.863907174000133, 13.548160815000188 ], [ 39.863390024000182, 13.558355915000107 ], [ 39.86532543300018, 13.563705823000134 ], [ 39.867571497000029, 13.583809183000085 ], [ 39.865476263000062, 13.590311574000111 ], [ 39.864953686000035, 13.60266613400006 ], [ 39.869558559000154, 13.609505436000177 ], [ 39.868701621000127, 13.620478582000032 ], [ 39.866450862000136, 13.626939708000123 ], [ 39.86855378700011, 13.643538689000138 ], [ 39.867422604000069, 13.658281017000093 ], [ 39.876222103000089, 13.68025397800011 ], [ 39.877652729000147, 13.688771974000076 ], [ 39.877668641000071, 13.705977412999971 ], [ 39.874553891000062, 13.710478221000074 ], [ 39.874089855000079, 13.722169819000044 ], [ 39.875999861000025, 13.73820799900011 ], [ 39.884068764000176, 13.748246227000038 ], [ 39.874198503000173, 13.749403871000084 ], [ 39.863768841000194, 13.755109812000114 ], [ 39.853197336000051, 13.766511068000057 ], [ 39.853733456000043, 13.786232673000143 ], [ 39.852273098000182, 13.794897904000095 ], [ 39.848370080000166, 13.799994467000147 ], [ 39.841549521000104, 13.803495586 ], [ 39.836296972000071, 13.811353493000126 ], [ 39.833701325000163, 13.821384023000121 ], [ 39.842246326000122, 13.838402885000164 ], [ 39.841055386000164, 13.847112606000053 ], [ 39.836303231000159, 13.854130258 ], [ 39.837846797000168, 13.864210250000042 ], [ 39.829022220000184, 13.868502307000142 ], [ 39.828181193000148, 13.887951389000023 ], [ 39.829412418000118, 13.899620527000081 ], [ 39.833511415000089, 13.907842470999981 ], [ 39.833278651000171, 13.918403375000025 ], [ 39.826091501000064, 13.921377619000111 ], [ 39.825606132000132, 13.926570043000027 ], [ 39.827919023000106, 13.931626359000063 ], [ 39.817633132000026, 13.942581124000071 ], [ 39.812578016000089, 13.944860871000117 ], [ 39.801657987999988, 13.945601886000077 ], [ 39.812765828000181, 13.9602161520001 ], [ 39.815650906000144, 13.968239547000053 ], [ 39.829200986000046, 13.974282718000097 ], [ 39.835644058000071, 13.975646382000093 ], [ 39.859164438000164, 13.96577285800015 ], [ 39.858593663000079, 13.973186820000024 ], [ 39.869057950000183, 13.982923424000035 ], [ 39.868489228000044, 13.992241710000087 ], [ 39.88593699400019, 14.012203097000167 ], [ 39.882301047000169, 14.016060535000122 ], [ 39.866324728000166, 14.021599262000166 ], [ 39.86066167700011, 14.02823164800003 ], [ 39.854729909000127, 14.030980888000158 ], [ 39.843997023000099, 14.050258584000176 ], [ 39.844480897000153, 14.06010889800001 ], [ 39.848268452000127, 14.077961123000023 ], [ 39.843235395000136, 14.089869669000166 ], [ 39.841949771000145, 14.097038693 ], [ 39.843107910000128, 14.109366664000163 ], [ 39.83815346800003, 14.126542239000059 ], [ 39.837624773000073, 14.154198463000057 ], [ 39.826833159000159, 14.154952390000176 ], [ 39.809548131000099, 14.151646325000115 ], [ 39.797805051000182, 14.142528831000163 ], [ 39.790722705000178, 14.142543071000091 ], [ 39.775421367000149, 14.139065078000158 ], [ 39.767133017000049, 14.140043372000093 ], [ 39.749541346000115, 14.151798413000108 ], [ 39.720936909000102, 14.157018414000049 ], [ 39.715040245000182, 14.156313964000049 ], [ 39.68199849500013, 14.164686730000028 ], [ 39.673521258000108, 14.177716078 ], [ 39.657768764000082, 14.182403519000161 ], [ 39.649962783000149, 14.188612418000105 ], [ 39.656431365000174, 14.192823761999989 ], [ 39.65838353200013, 14.198681656000076 ], [ 39.663890699000035, 14.196918764000088 ], [ 39.672269655000036, 14.200334724000072 ], [ 39.676299288000109, 14.207100875000094 ], [ 39.685722395000028, 14.216176396000094 ], [ 39.687898251000149, 14.23134448899998 ], [ 39.694087480000178, 14.241311387000053 ], [ 39.706474827000079, 14.242062594000174 ], [ 39.74221658800019, 14.234941699000103 ], [ 39.753049046000115, 14.237048523000169 ], [ 39.757304091000037, 14.239843563000136 ], [ 39.755912756999976, 14.250040694000177 ], [ 39.757605709000075, 14.277177362000145 ], [ 39.742011054000045, 14.281270110000037 ], [ 39.733772411000075, 14.28794718000006 ], [ 39.726837182000111, 14.294027228000061 ], [ 39.726247716000159, 14.302962213000114 ], [ 39.733264395000106, 14.306593751000037 ], [ 39.745331395000051, 14.308649345000106 ], [ 39.762636002000193, 14.318696159000069 ], [ 39.771334523000064, 14.319853773999967 ], [ 39.779204078000078, 14.330532193000067 ], [ 39.77970587100009, 14.335798183 ], [ 39.774870938000163, 14.351449855999988 ], [ 39.772049039000194, 14.37385066600018 ], [ 39.787671144, 14.378730258000132 ], [ 39.795991506000121, 14.385981934000085 ], [ 39.800948107000181, 14.387177744000098 ], [ 39.819997669000145, 14.382502372000147 ], [ 39.827575315999979, 14.382718520000083 ], [ 39.838065835000123, 14.380497409999975 ], [ 39.847413023000115, 14.375045330000091 ], [ 39.854627509000181, 14.373158967000052 ], [ 39.853118790000167, 14.367098800000178 ], [ 39.895470976000183, 14.3705811210001 ], [ 39.901480053000057, 14.366676004 ], [ 39.908324720000167, 14.365376514000161 ], [ 39.916267416000096, 14.370258853999985 ], [ 39.938513718000138, 14.361436477000041 ], [ 39.950269412000068, 14.360418708999987 ], [ 39.956508800999984, 14.362416345000099 ], [ 39.972222438000131, 14.370156408000071 ], [ 39.979777701000046, 14.370973838000168 ], [ 39.990843734000066, 14.381967487000054 ], [ 39.988085252000076, 14.388105118999988 ], [ 39.981734145000132, 14.393773224000142 ], [ 39.979576327000075, 14.409875994 ], [ 39.983846775000131, 14.423607623000123 ], [ 39.984256322000192, 14.432340698000132 ], [ 40.010217905000161, 14.439631002000112 ], [ 40.055258402000163, 14.486900711000146 ], [ 40.075308558000131, 14.493950612000162 ], [ 40.089048632000129, 14.490250559000174 ], [ 40.139918990000126, 14.498050334000084 ], [ 40.22258942100018, 14.478630022000175 ], [ 40.26849959600014, 14.453259889000037 ], [ 40.330949855000142, 14.424009685000158 ], [ 40.38467004000006, 14.389749535000021 ], [ 40.444510286000025, 14.363459338000155 ], [ 40.545590627000081, 14.301409044000138 ], [ 40.650530943000092, 14.229388753000023 ], [ 40.671296529000131, 14.213192006000043 ], [ 40.667984655, 14.211366589000079 ], [ 40.671350136000058, 14.21315019400015 ], [ 40.836741396000036, 14.084148277000168 ], [ 41.077301857000123, 13.878547704000084 ], [ 41.168641977000107, 13.789427512000088 ], [ 41.215872051000133, 13.747537406999982 ], [ 41.250372088000177, 13.712717340000154 ], [ 41.290802078000127, 13.662267277000069 ], [ 41.313702060000082, 13.630287251000084 ], [ 41.378462142000103, 13.569927111000084 ], [ 41.439702252000075, 13.519496961000129 ], [ 41.531222351000167, 13.43313676300005 ], [ 41.57809238800013, 13.385726673000079 ], [ 41.611682396000106, 13.347506613000178 ], [ 41.737332528000138, 13.231186338000157 ], [ 41.786422535000156, 13.175326259000087 ], [ 41.878682616000162, 13.089606055000047 ], [ 41.930482604000133, 13.029245974000162 ], [ 41.972552609000161, 12.983165899000142 ], [ 41.99778252100009, 12.934855908000031 ], [ 42.010212516000138, 12.92071588500005 ], [ 42.042672376000041, 12.855275903000063 ], [ 42.050232358000073, 12.843125902000111 ], [ 42.095402359000104, 12.793495823000171 ], [ 42.096412319000194, 12.783445844000028 ], [ 42.113512314000104, 12.763985816 ], [ 42.135692340000105, 12.745865757000104 ], [ 42.195982301000072, 12.671935676000032 ], [ 42.218962275000194, 12.640435648 ], [ 42.242382275000182, 12.615565613000058 ], [ 42.28026218500014, 12.556435585000088 ], [ 42.314161328000182, 12.53616891900009 ], [ 42.350738865000153, 12.517582657000048 ], [ 42.39972, 12.469720000000166 ], [ 42.33944, 12.39694 ], [ 42.308330000000183, 12.308330000000126 ], [ 42.25556, 12.26333 ], [ 42.16889, 12.137220000000127 ], [ 42.12722, 12.090280000000121 ], [ 42.058610000000101, 11.97583 ], [ 41.94861, 11.816670000000158 ], [ 41.891390000000115, 11.77361000000019 ], [ 41.829020000000128, 11.740970000000118 ], [ 41.759860000000174, 11.507920000000183 ], [ 41.79375, 11.380970000000104 ], [ 41.811940000000163, 11.25792 ], [ 41.802910000000168, 11.098970000000122 ], [ 41.800550000000101, 11.03111 ], [ 41.78972, 11.00805 ], [ 41.80833, 10.98528 ], [ 41.811704585000143, 10.983851437000055 ], [ 41.768913225000063, 10.991211091000082 ], [ 41.763363201000175, 10.990871113000026 ], [ 41.760453151000092, 10.981941141999982 ], [ 41.739543010000091, 10.96833124800014 ], [ 41.717612896000105, 10.964781335000112 ], [ 41.699542834000169, 10.969311391000133 ], [ 41.680832726000176, 10.963881473000129 ], [ 41.634182519000092, 10.965301641 ], [ 41.582232270000191, 10.962071839000146 ], [ 41.484071837000158, 10.966902183000116 ], [ 41.410081462000107, 10.958472469000014 ], [ 41.39222140600009, 10.966312520000088 ], [ 41.348581194000076, 10.962532683000063 ], [ 41.300280976000181, 10.964062852000097 ], [ 41.268160800000146, 10.957852979000108 ], [ 41.2407505380001, 10.921363138000117 ], [ 41.233600394000177, 10.891183215000126 ], [ 41.231980293000163, 10.863653268 ], [ 41.220060127000124, 10.834463355000082 ], [ 41.207460020000042, 10.820303423000155 ], [ 41.190879857000141, 10.796413524000116 ], [ 41.166429687000061, 10.779713638000032 ], [ 41.149219460000097, 10.759764788000041 ], [ 41.133109403000049, 10.744083808000028 ], [ 41.114869237, 10.720313912000108 ], [ 41.08997903400018, 10.696974034 ], [ 41.077268923000076, 10.681154098000093 ], [ 41.078988856000194, 10.658844132000127 ], [ 41.07788878000008, 10.639474169000152 ], [ 41.082448778000128, 10.632514160000085 ], [ 41.087038686000085, 10.600564198000143 ], [ 41.071308406000071, 10.54098434500014 ], [ 41.061378278000063, 10.516654411 ], [ 41.056978201000049, 10.500284453 ], [ 41.04714808000017, 10.477624517999971 ], [ 41.031847823000135, 10.422004653999977 ], [ 41.030437744000096, 10.400444692000121 ], [ 41.015027481, 10.34317483000018 ], [ 41.005097355000146, 10.318844900999977 ], [ 40.989947020000102, 10.239905060000069 ], [ 40.978826820000165, 10.194675160000145 ], [ 40.974676674000136, 10.156645228000173 ], [ 40.953846382000052, 10.09572538000009 ], [ 40.948686272000145, 10.067755434000048 ], [ 40.936556112000119, 10.035245519 ], [ 40.946036045000142, 10.001315530999989 ], [ 40.953476035000051, 9.987495526000032 ], [ 40.965806035000071, 9.971685510000043 ], [ 40.998936168000114, 9.96783541200017 ], [ 41.01335621000004, 9.959995378000031 ], [ 41.019566201000032, 9.948825373000147 ], [ 41.01393614400007, 9.939205401000152 ], [ 40.996556033000047, 9.928695472000186 ], [ 40.946675658000061, 9.88035569300007 ], [ 40.847334932000138, 9.790326117000177 ], [ 40.825564751000172, 9.763456219000034 ], [ 40.766294130000176, 9.670790614000055 ], [ 40.751893772000074, 9.654612077000024 ], [ 40.738523407, 9.625044720000062 ], [ 40.733733265000183, 9.610136051000154 ], [ 40.725023037000142, 9.593577531000165 ], [ 40.717722820000176, 9.569319690999976 ], [ 40.70220239300005, 9.536092664000137 ], [ 40.696182182000143, 9.502225672000179 ], [ 40.696138915000176, 9.446065145000091 ], [ 40.688893157000166, 9.438357002000146 ], [ 40.675543034000043, 9.417517067000063 ], [ 40.659552928000039, 9.404307129000074 ], [ 40.635972799000058, 9.395947209000042 ], [ 40.605962653000176, 9.391047300000082 ], [ 40.528412291000052, 9.385457529000064 ], [ 40.49882213300009, 9.375047621000135 ], [ 40.47102194900009, 9.354757718000087 ], [ 40.425771605000079, 9.304277894999984 ], [ 40.408121459000029, 9.28118796900003 ], [ 40.369531111000072, 9.218268139000145 ], [ 40.327020742, 9.154658312000095 ], [ 40.30061055200008, 9.128138409000087 ], [ 40.254310228000065, 9.086078568 ], [ 40.245500161000052, 9.074868599000013 ], [ 40.244270101000097, 9.055598623000094 ], [ 40.246030052000151, 9.035408635000067 ], [ 40.242259974000092, 9.013158659000112 ], [ 40.23780991000018, 8.99733868800007 ], [ 40.222329819000151, 8.987748737000175 ], [ 40.187459629000159, 8.97431884100007 ], [ 40.169889522000062, 8.96449889600018 ] ] ] } },
{ "type": "Feature", "properties": { "name": "Amhara" }, "geometry": { "type": "Polygon", "coordinates": [ [ [ 36.818706523000174, 10.341900383000166 ], [ 36.806598428000086, 10.335371293000151 ], [ 36.798735519000104, 10.337841097000023 ], [ 36.791959332000147, 10.343385827000134 ], [ 36.776600381000094, 10.345968642000059 ], [ 36.766611903000182, 10.362340819000167 ], [ 36.76175988600005, 10.367309494000096 ], [ 36.752417379000065, 10.36598423099997 ], [ 36.745716973000071, 10.3599699130001 ], [ 36.731396567, 10.361351825000042 ], [ 36.723517571, 10.360799991000022 ], [ 36.718015600000172, 10.35792214300011 ], [ 36.69165352300007, 10.357319884000106 ], [ 36.688146831000154, 10.344998716000134 ], [ 36.6809025230001, 10.334614838000164 ], [ 36.685918187000141, 10.323130120000087 ], [ 36.685399333000191, 10.317595047000168 ], [ 36.668325410000136, 10.313818870000091 ], [ 36.661809687000073, 10.316538557000115 ], [ 36.655438254000046, 10.321976992999964 ], [ 36.637007636000078, 10.346635489999983 ], [ 36.61757230500001, 10.354968257000166 ], [ 36.605471513000168, 10.364720049000027 ], [ 36.589488322000079, 10.368858257999989 ], [ 36.572865799000112, 10.362876209000035 ], [ 36.556752705000065, 10.362672408000151 ], [ 36.548536655000078, 10.36088092600005 ], [ 36.539244943000085, 10.364979387000176 ], [ 36.53253901000005, 10.375953869000114 ], [ 36.53118179400019, 10.382109207000099 ], [ 36.52049615400017, 10.399559641000167 ], [ 36.520445811000172, 10.405939739000132 ], [ 36.523653754000122, 10.409994096000105 ], [ 36.532630804000178, 10.43111981100003 ], [ 36.543249200000162, 10.448703541999976 ], [ 36.546228503, 10.45689689500017 ], [ 36.532762362000085, 10.478373198000099 ], [ 36.526777359, 10.482896159000177 ], [ 36.518622390000189, 10.478874607000137 ], [ 36.485410829000045, 10.482805298000187 ], [ 36.477199156000154, 10.481972690000077 ], [ 36.46271156600011, 10.479181219000111 ], [ 36.455662515000142, 10.474645898000119 ], [ 36.449503450000066, 10.459458752000103 ], [ 36.445650919000059, 10.455682161000027 ], [ 36.435302188000094, 10.452525116000174 ], [ 36.421891908000077, 10.456323245000135 ], [ 36.416904251000119, 10.453804318000152 ], [ 36.40899585000011, 10.455303691000154 ], [ 36.390855295000051, 10.467986198000119 ], [ 36.382222956000192, 10.489591063000034 ], [ 36.371527527000126, 10.504753607000168 ], [ 36.364675663000071, 10.506177902000161 ], [ 36.363658199000042, 10.518120552000084 ], [ 36.359132568000177, 10.53031590400019 ], [ 36.35519211400009, 10.526584860000185 ], [ 36.343613459000153, 10.520897603000094 ], [ 36.326111695000122, 10.523311638000052 ], [ 36.318218325000032, 10.528003484000124 ], [ 36.310943311000074, 10.542107744000077 ], [ 36.311213386000134, 10.548023006000108 ], [ 36.308211112000038, 10.552397124000038 ], [ 36.302023956000085, 10.553959757000086 ], [ 36.301975983000091, 10.571215220000056 ], [ 36.305875833000187, 10.577947712000025 ], [ 36.293492703000027, 10.597084923000125 ], [ 36.283714463000081, 10.598693426000068 ], [ 36.281647511000131, 10.604559028999972 ], [ 36.286308312000074, 10.615092872000162 ], [ 36.291572825000173, 10.619958811000174 ], [ 36.297309071000143, 10.620298659000014 ], [ 36.307616425000163, 10.624203287000171 ], [ 36.303015255000105, 10.637862573000064 ], [ 36.306230986000173, 10.644381715000122 ], [ 36.310919831000092, 10.648953261000031 ], [ 36.31829684600018, 10.651990367000167 ], [ 36.324195112999973, 10.661657148000188 ], [ 36.32051004300007, 10.667366830000105 ], [ 36.312488183000028, 10.673829541000032 ], [ 36.31126925500007, 10.67880626300007 ], [ 36.317959122000161, 10.679333928000119 ], [ 36.321730640000112, 10.68528913900019 ], [ 36.316574654000192, 10.697235674000183 ], [ 36.317596673000082, 10.703604919000043 ], [ 36.326558209000098, 10.713756148000186 ], [ 36.331338244000108, 10.72623702500016 ], [ 36.352595891000135, 10.740008805000116 ], [ 36.359346930000129, 10.741647460000081 ], [ 36.362681615999975, 10.74820022900019 ], [ 36.373958795000021, 10.758410476000051 ], [ 36.375986146000173, 10.765286073000084 ], [ 36.372761309000055, 10.772754057000157 ], [ 36.377216858000054, 10.785756431000038 ], [ 36.357610417000046, 10.789642469000057 ], [ 36.341603238000175, 10.788837210000111 ], [ 36.331343740000193, 10.770283635000055 ], [ 36.325255352000056, 10.768722795000031 ], [ 36.324670168000125, 10.763195880000069 ], [ 36.313468748000048, 10.752938239000173 ], [ 36.310784268000134, 10.74725869100007 ], [ 36.293756613000028, 10.74335375000004 ], [ 36.285242190000133, 10.744582874000116 ], [ 36.288461890000065, 10.772377198000186 ], [ 36.282752779000134, 10.796024448000082 ], [ 36.282253898000135, 10.803867232000073 ], [ 36.292135438000059, 10.805691675000162 ], [ 36.299528418000193, 10.809995223000044 ], [ 36.294884791000129, 10.815011026000036 ], [ 36.304750297000169, 10.819929880000075 ], [ 36.310128087000123, 10.827150243000176 ], [ 36.309657961000141, 10.835832645000039 ], [ 36.313756948999981, 10.850808863000168 ], [ 36.309301681000136, 10.854570870000089 ], [ 36.309142279000071, 10.862546867000049 ], [ 36.322641923999981, 10.878667582000105 ], [ 36.327638399000136, 10.881797468000059 ], [ 36.332104443000162, 10.887440448000177 ], [ 36.329979131000186, 10.892162811000162 ], [ 36.331611152000107, 10.897683472000153 ], [ 36.345523950000029, 10.910673031000158 ], [ 36.34711308500016, 10.917239563000066 ], [ 36.353116615000033, 10.921215424000138 ], [ 36.350626749000071, 10.929970919000084 ], [ 36.354032613000129, 10.937042986 ], [ 36.365797249000138, 10.945663370000034 ], [ 36.417669645000046, 11.000727687 ], [ 36.422564846000114, 11.031367313000089 ], [ 36.427259116000073, 11.03551308100009 ], [ 36.436172553000119, 11.039046021000047 ], [ 36.444243487000165, 11.050402373000168 ], [ 36.451246660000095, 11.053468717000044 ], [ 36.46985381900015, 11.055211690000078 ], [ 36.478324750000183, 11.067137992000085 ], [ 36.48490242000014, 11.06629773800006 ], [ 36.489671171999987, 11.068734794000079 ], [ 36.491324477000092, 11.075928720000036 ], [ 36.500654526000176, 11.085318837999978 ], [ 36.514979411000127, 11.104808792000028 ], [ 36.525083896000126, 11.112711607000108 ], [ 36.532595030000095, 11.113217411000051 ], [ 36.534049781000078, 11.097955283999966 ], [ 36.554908394000108, 11.093216994000159 ], [ 36.559448915000189, 11.099798700000122 ], [ 36.567259487, 11.101695712000037 ], [ 36.574988356000119, 11.100708863000023 ], [ 36.578017499, 11.110522327000183 ], [ 36.573349546000031, 11.112413692000075 ], [ 36.566577754000036, 11.111386708 ], [ 36.560197970000104, 11.113251220000109 ], [ 36.555907992000073, 11.119715959000018 ], [ 36.552775890000078, 11.127067920000059 ], [ 36.552783633999979, 11.13224789200018 ], [ 36.549339458000134, 11.137815229000125 ], [ 36.530421354000168, 11.141600768000046 ], [ 36.511364314000048, 11.137434977000112 ], [ 36.502904681000075, 11.137539042000071 ], [ 36.489208062000046, 11.14620113 ], [ 36.483299346000024, 11.152809968000099 ], [ 36.475647259000084, 11.156975441000043 ], [ 36.467607841000131, 11.155408725000086 ], [ 36.468184061000045, 11.178277378000132 ], [ 36.465956199000061, 11.186385145000145 ], [ 36.46854910400009, 11.197230867000144 ], [ 36.467564638, 11.215339358000165 ], [ 36.46019195100007, 11.226432698000167 ], [ 36.470808666000039, 11.233296320000022 ], [ 36.47583075100016, 11.244666323000104 ], [ 36.46714241899997, 11.264992656000118 ], [ 36.483208854000168, 11.271785291000015 ], [ 36.490339888000108, 11.279109246000189 ], [ 36.494965947000139, 11.288952227000038 ], [ 36.504958016000103, 11.284988236000061 ], [ 36.514771053000118, 11.289631197000119 ], [ 36.52964836200016, 11.30249741199998 ], [ 36.537335400000075, 11.304736251000065 ], [ 36.545445647000122, 11.304803550000031 ], [ 36.556879115000186, 11.302116366000064 ], [ 36.562087901000041, 11.311772567000105 ], [ 36.562419936000083, 11.318338093000136 ], [ 36.556418424000185, 11.329487098000072 ], [ 36.547482462000119, 11.337270682000167 ], [ 36.534543144000168, 11.335293242000148 ], [ 36.538734652000187, 11.34564642600003 ], [ 36.558839421000016, 11.354347209000082 ], [ 36.563626502000091, 11.358029042000169 ], [ 36.563889813000117, 11.37134905500011 ], [ 36.551354521000121, 11.386644073000127 ], [ 36.541052735000051, 11.394125580000036 ], [ 36.533094912000024, 11.394058938 ], [ 36.529910165000047, 11.434547089000091 ], [ 36.521090582000113, 11.44445560600002 ], [ 36.512222444000031, 11.458277112000189 ], [ 36.503508390000036, 11.458140131000164 ], [ 36.497830231000137, 11.443694374000131 ], [ 36.48892822199997, 11.440055650000147 ], [ 36.471480801000098, 11.436275203999969 ], [ 36.467155096000056, 11.428645228000164 ], [ 36.448054280000065, 11.426865496000175 ], [ 36.409947647000081, 11.41391171600003 ], [ 36.409544390000178, 11.458302047000018 ], [ 36.419657873000062, 11.467311283000129 ], [ 36.425105101000099, 11.476710260000175 ], [ 36.435648262000143, 11.486685486000056 ], [ 36.438374050000107, 11.491818720000083 ], [ 36.444303742000102, 11.492808222000065 ], [ 36.434026834000122, 11.510784498000078 ], [ 36.413115923000191, 11.53195975400007 ], [ 36.414534417000141, 11.545125206000137 ], [ 36.403408975000104, 11.545985624000082 ], [ 36.390329784000187, 11.571339635000129 ], [ 36.391413341000032, 11.583301760000154 ], [ 36.379358777000107, 11.596136897000179 ], [ 36.375154938000151, 11.607679311000027 ], [ 36.365276536000124, 11.600335471000108 ], [ 36.348421412000107, 11.605359639000142 ], [ 36.33834817200011, 11.650889495000172 ], [ 36.332418123000025, 11.666042003000143 ], [ 36.347556373000032, 11.696597154000074 ], [ 36.332064212000148, 11.704052347000072 ], [ 36.334546847000126, 11.717170157999988 ], [ 36.333822540000142, 11.72318352200017 ], [ 36.339599207000163, 11.737497499000142 ], [ 36.338818216000107, 11.743467697000085 ], [ 36.340356370000052, 11.74863762300015 ], [ 36.338741805000097, 11.761043285000028 ], [ 36.341201371000068, 11.767746560000148 ], [ 36.337592075000032, 11.772977904000129 ], [ 36.341274615000088, 11.780808515000103 ], [ 36.329066074000025, 11.796687280000185 ], [ 36.308797963000188, 11.803229321000117 ], [ 36.282906732000129, 11.772664399000178 ], [ 36.260980303000053, 11.75347995900006 ], [ 36.235871693000036, 11.736957521000022 ], [ 36.23157853500004, 11.722111979999966 ], [ 36.207073445000049, 11.721434708000061 ], [ 36.200828669000089, 11.705839421000178 ], [ 36.18566994400004, 11.69003216200008 ], [ 36.176215873000046, 11.684244684000134 ], [ 36.164995391000161, 11.678176712000095 ], [ 36.157139257000097, 11.685897224000087 ], [ 36.144827013000111, 11.685617417000117 ], [ 36.118357555999978, 11.705810794000172 ], [ 36.12552807700007, 11.719165851000014 ], [ 36.116605585000059, 11.723511786000188 ], [ 36.123229422000065, 11.734435989000133 ], [ 36.117241499000102, 11.774199840000108 ], [ 36.105230449000032, 11.81589069100005 ], [ 36.095070644000032, 11.812859272000139 ], [ 36.081458584000188, 11.824370293000186 ], [ 36.084290124000177, 11.835083350000104 ], [ 36.066264639000053, 11.851600541000096 ], [ 36.054495611000107, 11.849317632000123 ], [ 36.050965194000071, 11.85686365700019 ], [ 36.049140053000144, 11.86599999900011 ], [ 36.056373809000036, 11.874303763000057 ], [ 36.045074965000083, 11.876433834000181 ], [ 36.05060942200015, 11.883020070000157 ], [ 36.03811706800019, 11.885488093000163 ], [ 36.03382405800005, 11.89176959200006 ], [ 36.042642416000149, 11.895065586999976 ], [ 36.02121089100018, 11.913844522999966 ], [ 35.995979783999985, 11.926879409000094 ], [ 35.978033363000065, 11.960496563000163 ], [ 35.969024161000164, 11.95841593800003 ], [ 35.972338362000016, 11.970334136000076 ], [ 35.965816198000027, 11.984583925999971 ], [ 35.939385129000073, 11.970209797 ], [ 35.935288480000168, 11.966113195000162 ], [ 35.933240147000049, 11.95996828400007 ], [ 35.939970328000129, 11.954408584000134 ], [ 35.942896461000032, 11.936559060000093 ], [ 35.936458851000111, 11.920757861000027 ], [ 35.92475414900008, 11.912564663000126 ], [ 35.917731323000055, 11.904956687000038 ], [ 35.911293747000173, 11.90554193100013 ], [ 35.88766161000018, 11.890792434 ], [ 35.874423950000164, 11.885936790000073 ], [ 35.870564855000168, 11.864775933999965 ], [ 35.868334835000041, 11.859572633000141 ], [ 35.860158136, 11.849909364000041 ], [ 35.848264760000063, 11.84024610300014 ], [ 35.822991351000155, 11.82686622 ], [ 35.814814670000146, 11.828352897000173 ], [ 35.803664669000113, 11.838016204000098 ], [ 35.773931268000126, 11.833556286000032 ], [ 35.762781253000128, 11.837272957000152 ], [ 35.756091228, 11.831326333 ], [ 35.736764526000172, 11.832813031000114 ], [ 35.719667820000097, 11.829096413000059 ], [ 35.7055444450001, 11.822406478000119 ], [ 35.69439444000011, 11.831326456000113 ], [ 35.683244407000075, 11.82537983900005 ], [ 35.666595569000151, 11.825909434000096 ], [ 35.661715636000054, 11.793377223000164 ], [ 35.644907181000121, 11.781448774000012 ], [ 35.62348997600003, 11.775755679000156 ], [ 35.589873109000052, 11.77304471900004 ], [ 35.576589017000174, 11.76735160700008 ], [ 35.534567862000074, 11.729668536000133 ], [ 35.516946098000062, 11.718011189000038 ], [ 35.473298434000185, 11.736175096000068 ], [ 35.461640971000122, 11.735090711000112 ], [ 35.441037078000193, 11.729939813999977 ], [ 35.42178871200008, 11.729397646999985 ], [ 35.394678371000055, 11.746206013 ], [ 35.363772558000051, 11.752983616000108 ], [ 35.33744408900003, 11.77302875100014 ], [ 35.334977471000059, 11.781957183000088 ], [ 35.325713089000033, 11.794483632000095 ], [ 35.313664384000106, 11.792233827000018 ], [ 35.303270237000106, 11.802808740000046 ], [ 35.295932535000134, 11.799151355000049 ], [ 35.297504101000129, 11.807175506000078 ], [ 35.296693367000046, 11.819466958000078 ], [ 35.288090104000048, 11.82988827000014 ], [ 35.284697536000181, 11.846503197000061 ], [ 35.287655204000146, 11.85589801600014 ], [ 35.28734885800003, 11.870111520000023 ], [ 35.284349649000092, 11.884517440000025 ], [ 35.275302756000031, 11.904263984000181 ], [ 35.26108444900018, 11.927687256000013 ], [ 35.267157127000075, 11.938258121999979 ], [ 35.283879998000032, 11.983330002000173 ], [ 35.383599981000032, 12.165549971000189 ], [ 35.647359978999987, 12.59152997100017 ], [ 35.686239992000083, 12.602219999000056 ], [ 35.700139980000131, 12.624999971000136 ], [ 35.701080000000104, 12.666119988999981 ], [ 35.964720000000113, 12.71556 ], [ 36.012630000000115, 12.72055 ], [ 36.03722, 12.715 ], [ 36.07229, 12.724100000000135 ], [ 36.0934, 12.706390000000113 ], [ 36.11194000100005, 12.694029999000179 ], [ 36.142539971000076, 12.714849979000121 ], [ 36.15916, 12.88139 ], [ 36.13534, 12.92541 ], [ 36.142080000000135, 12.952780000000189 ], [ 36.151110000000131, 12.971670000000131 ], [ 36.168889974000081, 12.989999974000114 ], [ 36.157360000000153, 13.03306 ], [ 36.2486, 13.368060000000185 ], [ 36.397499978000155, 13.567779972000153 ], [ 36.408750000000168, 13.595140000000129 ], [ 36.411380000000179, 13.61555 ], [ 36.40736, 13.63528 ], [ 36.409020000000112, 13.6575 ], [ 36.453524516000073, 13.762965645000065 ], [ 36.455449578000184, 13.75435880800012 ], [ 36.467632415000026, 13.743148612000027 ], [ 36.480674068000042, 13.734733629 ], [ 36.483836159000134, 13.727104541000131 ], [ 36.477777606000188, 13.720823522999979 ], [ 36.478590711000095, 13.704776265000078 ], [ 36.475796428000081, 13.700421448999975 ], [ 36.477664256000082, 13.693450618000099 ], [ 36.48241527600004, 13.688570612000092 ], [ 36.494205305999969, 13.669915103000108 ], [ 36.498441824000054, 13.665717597000082 ], [ 36.50439169800012, 13.665134416000058 ], [ 36.505812839000043, 13.652457094000056 ], [ 36.510159361000092, 13.649627585000133 ], [ 36.512816080000107, 13.631304600000135 ], [ 36.526074354, 13.606487345000119 ], [ 36.519556105000106, 13.585511773000121 ], [ 36.531549990000087, 13.581672539000067 ], [ 36.537836753000079, 13.581960353000056 ], [ 36.539937814000098, 13.57550762700015 ], [ 36.55469238600017, 13.571281353000018 ], [ 36.560273286000097, 13.563341128000047 ], [ 36.561728558000084, 13.555508988000042 ], [ 36.558500412000114, 13.551547642000173 ], [ 36.564028970000152, 13.54741913800018 ], [ 36.566508518000148, 13.539134063000063 ], [ 36.564711750000185, 13.533001045000162 ], [ 36.572427755000092, 13.522249879000185 ], [ 36.579663745000175, 13.520327239000096 ], [ 36.598102360000155, 13.504735359000165 ], [ 36.601122891000045, 13.498425464000093 ], [ 36.596445051000046, 13.489128605000076 ], [ 36.578776893000168, 13.482190996000099 ], [ 36.57431031800013, 13.477864165000142 ], [ 36.570951950999984, 13.466865382000037 ], [ 36.572880959000088, 13.456175705000078 ], [ 36.57095120200006, 13.449731410000084 ], [ 36.566421944000069, 13.446200745000056 ], [ 36.569510996000076, 13.425268509000091 ], [ 36.576303862000088, 13.417570451000131 ], [ 36.579311862000111, 13.411602223000159 ], [ 36.588677654000151, 13.402782538000054 ], [ 36.592651872000033, 13.389015686000164 ], [ 36.602021333000152, 13.382080311000152 ], [ 36.60480770800018, 13.377627433000157 ], [ 36.609496445000104, 13.375213016000146 ], [ 36.628081227, 13.381875342000171 ], [ 36.635779662000061, 13.382451577000154 ], [ 36.643882111000153, 13.378074150999964 ], [ 36.649126148, 13.38019123700019 ], [ 36.656149638000102, 13.369050431000119 ], [ 36.664595514000098, 13.366565204000096 ], [ 36.685101069000041, 13.374785176000046 ], [ 36.705395797000051, 13.372065645000021 ], [ 36.714768634000109, 13.367091861000063 ], [ 36.72197653600017, 13.366578404000165 ], [ 36.731380941000111, 13.368729253000026 ], [ 36.734659852999982, 13.363072466000119 ], [ 36.744789713000046, 13.36699302400018 ], [ 36.749420582000141, 13.371422038000162 ], [ 36.762180940000064, 13.374144353000077 ], [ 36.766943716000185, 13.37812810700018 ], [ 36.770449457000041, 13.381888371000059 ], [ 36.772401283000079, 13.388923990000023 ], [ 36.783219823000138, 13.402886462000083 ], [ 36.788437340000087, 13.407629325000073 ], [ 36.802524181000081, 13.413388528000041 ], [ 36.808622144000026, 13.418499846000032 ], [ 36.812545418000127, 13.435155559000123 ], [ 36.817147515000102, 13.446529213000076 ], [ 36.824789940000187, 13.448246112000106 ], [ 36.837915545000044, 13.444639204999987 ], [ 36.843696590999969, 13.440939619000119 ], [ 36.844682924000153, 13.435365845000092 ], [ 36.854170120000163, 13.431438418000141 ], [ 36.871158085000047, 13.419047628000044 ], [ 36.873813265000138, 13.413205811000125 ], [ 36.881178028000136, 13.407483369000033 ], [ 36.895540236000102, 13.406913268000039 ], [ 36.903865613000164, 13.394565232000105 ], [ 36.905136099000117, 13.388151802999971 ], [ 36.90898952100008, 13.384465676000104 ], [ 36.915438942000037, 13.38275866400005 ], [ 36.919192014000032, 13.376823803999969 ], [ 36.926943314000141, 13.377601148 ], [ 36.929672897000103, 13.372127957000032 ], [ 36.938587688000098, 13.379983397000046 ], [ 36.946077459000094, 13.369795420000059 ], [ 36.951582467000151, 13.364788471999987 ], [ 36.956890105000184, 13.362378047000163 ], [ 36.959812450000129, 13.367251800000076 ], [ 36.964487847000157, 13.369635152000114 ], [ 36.970431010000141, 13.365358281000169 ], [ 36.976186587000029, 13.364727267000035 ], [ 36.982063481000068, 13.361323912000046 ], [ 36.996769736000147, 13.35900309200008 ], [ 37.001847109000039, 13.356683620000183 ], [ 37.013016797000034, 13.360513515000036 ], [ 37.025302311000075, 13.354635647000066 ], [ 37.034955552000042, 13.353264047000096 ], [ 37.039693577000151, 13.351033380000047 ], [ 37.052525124000169, 13.33295187300007 ], [ 37.065553819, 13.329859684000098 ], [ 37.069265442000074, 13.317440271000066 ], [ 37.076378217000183, 13.318000827999981 ], [ 37.078374033000102, 13.311815581000076 ], [ 37.083864653000035, 13.314706268000066 ], [ 37.098737854000035, 13.316356616 ], [ 37.115683284000056, 13.311607262000166 ], [ 37.127517210000065, 13.30511078100011 ], [ 37.150313585, 13.300761329000125 ], [ 37.15774619900003, 13.297806598000136 ], [ 37.163526132000129, 13.292557544000147 ], [ 37.175454362000153, 13.288494078000042 ], [ 37.185726628000111, 13.282550094000101 ], [ 37.204709119000142, 13.255712391000088 ], [ 37.211047906000147, 13.259388115000093 ], [ 37.214131671000132, 13.265841212000112 ], [ 37.224398829000165, 13.274730585000157 ], [ 37.239752410000165, 13.276930645000107 ], [ 37.246221675000129, 13.292189550000103 ], [ 37.250517199000114, 13.294993971000054 ], [ 37.255876900000089, 13.294970843999977 ], [ 37.263844297000048, 13.290045476000159 ], [ 37.275859065000077, 13.288362795000069 ], [ 37.280647187000113, 13.284943967000174 ], [ 37.312743934000082, 13.29753227100008 ], [ 37.321827248000091, 13.297177615000066 ], [ 37.335458595000034, 13.310429077000094 ], [ 37.338980126000024, 13.318552792 ], [ 37.344326292, 13.324428598000168 ], [ 37.350409733000049, 13.326731793000022 ], [ 37.352505472000189, 13.334353419000081 ], [ 37.351905262000059, 13.342623866 ], [ 37.355384239000045, 13.351342339000098 ], [ 37.358970939000187, 13.357481375000191 ], [ 37.365241889000174, 13.359850854000058 ], [ 37.388657331000104, 13.35630525900001 ], [ 37.395817856000065, 13.357776969000099 ], [ 37.403037997000126, 13.361744493000117 ], [ 37.409507611000038, 13.370136035000087 ], [ 37.415816650000068, 13.373968391000062 ], [ 37.42488220700011, 13.363544427000022 ], [ 37.431337276000136, 13.359537254000031 ], [ 37.437612275, 13.358255897000163 ], [ 37.440505834000078, 13.35409430600015 ], [ 37.450150098000108, 13.354868564000071 ], [ 37.461981639000157, 13.35951742400016 ], [ 37.471474858000079, 13.366936788000146 ], [ 37.47653906000005, 13.367708272000186 ], [ 37.482843091000177, 13.364255591000074 ], [ 37.490081968000027, 13.363209405000191 ], [ 37.494884430000013, 13.367785469000069 ], [ 37.517780528000173, 13.36647495200009 ], [ 37.525931645000185, 13.371253373000172 ], [ 37.531825668000181, 13.37761816799997 ], [ 37.552001122000092, 13.388603948000025 ], [ 37.557185157999982, 13.390293339000095 ], [ 37.561514778000117, 13.387123698000096 ], [ 37.567172342000163, 13.388154229000179 ], [ 37.582286511000063, 13.39701175600004 ], [ 37.59016782599997, 13.397597399000119 ], [ 37.604501028000186, 13.408937337000111 ], [ 37.611006289000102, 13.411080451000146 ], [ 37.617565838000075, 13.407911452 ], [ 37.625369996000131, 13.408169945 ], [ 37.637097256000175, 13.413895488000094 ], [ 37.655699693000031, 13.43476015300007 ], [ 37.656563967000181, 13.441373463000161 ], [ 37.662211506000176, 13.442126123999969 ], [ 37.665723545000048, 13.44641660800005 ], [ 37.676794297000185, 13.450687568000149 ], [ 37.678981164000163, 13.456466552000109 ], [ 37.683332202000145, 13.459748536000063 ], [ 37.68538273300004, 13.465251023000121 ], [ 37.694142437000096, 13.472426752000104 ], [ 37.690896724000027, 13.484688629000061 ], [ 37.694891093000024, 13.488340367000092 ], [ 37.698739341000135, 13.49541015799997 ], [ 37.707875158000093, 13.521216309000124 ], [ 37.709617497000067, 13.530195774000106 ], [ 37.715488752000113, 13.534526835000065 ], [ 37.714425549000168, 13.542012677000059 ], [ 37.7201428300001, 13.546228729000177 ], [ 37.727027012, 13.563421897000069 ], [ 37.735741843000142, 13.572053569000161 ], [ 37.746138431000077, 13.570948853000061 ], [ 37.745817800000111, 13.57809753500004 ], [ 37.753918379000027, 13.591163604000087 ], [ 37.759926005000125, 13.590998005000188 ], [ 37.760743880000177, 13.596544151000046 ], [ 37.765088597000045, 13.602179128000103 ], [ 37.764368764999972, 13.618372348000037 ], [ 37.769398479000131, 13.627938575000087 ], [ 37.776066951000132, 13.633502867000061 ], [ 37.774765315000082, 13.611653900000135 ], [ 37.784645449000095, 13.597313897000163 ], [ 37.784149450000029, 13.587719252000056 ], [ 37.773867055000039, 13.574346500000104 ], [ 37.769024663000096, 13.562598912999988 ], [ 37.784940235000136, 13.539228927000124 ], [ 37.792659305000029, 13.520614519000048 ], [ 37.809005963000061, 13.519093881000174 ], [ 37.81192371200018, 13.479672343000175 ], [ 37.816905536000093, 13.463175524000064 ], [ 37.86640019400005, 13.475127248999968 ], [ 37.875147533000018, 13.46770556000007 ], [ 37.887193277000165, 13.453370081000116 ], [ 37.904101474000186, 13.447048973000051 ], [ 37.946487353000066, 13.466415070000096 ], [ 37.962505351000061, 13.489611485000069 ], [ 37.968388894000043, 13.493693843000187 ], [ 38.001179411000066, 13.501097501000118 ], [ 38.008103955000081, 13.500828980000165 ], [ 38.014918738000063, 13.486515549999979 ], [ 38.020729472000141, 13.481256969000185 ], [ 38.024420155000087, 13.485650256000156 ], [ 38.029848537000191, 13.482756938000023 ], [ 38.036925184000097, 13.482805715999973 ], [ 38.045603382000138, 13.480111391999969 ], [ 38.051996132000113, 13.467933140000071 ], [ 38.059441013000139, 13.467191866000064 ], [ 38.070692090000136, 13.476392125000189 ], [ 38.082886354000152, 13.483674250000092 ], [ 38.115321849000054, 13.494262634000052 ], [ 38.120990784000071, 13.506304382000053 ], [ 38.128352708000079, 13.492307613000037 ], [ 38.129907026000069, 13.484739118999983 ], [ 38.135288707000086, 13.478687611000055 ], [ 38.145192748000056, 13.471678588000032 ], [ 38.155198320000125, 13.4765357980001 ], [ 38.158514353000157, 13.482848751000063 ], [ 38.173720225000068, 13.493443946000184 ], [ 38.188451569000051, 13.484361933000059 ], [ 38.20089763600015, 13.480138398000122 ], [ 38.211319070000172, 13.486845459 ], [ 38.220184790000076, 13.489254323000011 ], [ 38.227326908000066, 13.489215085000126 ], [ 38.243127962000017, 13.496734238000101 ], [ 38.247957957999972, 13.501662639000131 ], [ 38.249784004000105, 13.496166217000109 ], [ 38.259142031000124, 13.486203203000173 ], [ 38.267674091000174, 13.487801172000161 ], [ 38.278917156000034, 13.485519139000075 ], [ 38.319856452000067, 13.50215196500011 ], [ 38.323038520000068, 13.50956562600004 ], [ 38.320041382000056, 13.523849990000144 ], [ 38.326030940000066, 13.534402549000106 ], [ 38.325055399000064, 13.543310150000025 ], [ 38.327883107000105, 13.550325213 ], [ 38.341196735000153, 13.537642856000048 ], [ 38.349436803000174, 13.542411489000187 ], [ 38.359950907000041, 13.553004272000067 ], [ 38.365496439000083, 13.552163755000095 ], [ 38.37983954800012, 13.544477135000022 ], [ 38.385572066000123, 13.551585190000083 ], [ 38.391234110000028, 13.553355668000052 ], [ 38.399294884000142, 13.545485654000061 ], [ 38.399384114000043, 13.539678663000188 ], [ 38.406508159000168, 13.539411139000094 ], [ 38.423803013000111, 13.561301548000074 ], [ 38.426434597000082, 13.57133612500013 ], [ 38.432702801, 13.57969448900019 ], [ 38.440805702000148, 13.584405289000017 ], [ 38.451038580000045, 13.584599391000097 ], [ 38.443271497000183, 13.568940471000133 ], [ 38.442793750000135, 13.560540201000038 ], [ 38.453622524000139, 13.556946122000113 ], [ 38.458517897000092, 13.559819768000182 ], [ 38.46521463300013, 13.567644900000175 ], [ 38.472850670000184, 13.564112381000029 ], [ 38.473474317000182, 13.557253723000088 ], [ 38.477619910999977, 13.55234488300016 ], [ 38.48985275800004, 13.558012334000011 ], [ 38.501449832000048, 13.557859295000071 ], [ 38.532414514000038, 13.553293699000164 ], [ 38.549251119000132, 13.552569644000187 ], [ 38.553946141000154, 13.550308131 ], [ 38.55069055600012, 13.537896634000106 ], [ 38.542458952000118, 13.525802187000124 ], [ 38.532618394000167, 13.518685586000061 ], [ 38.522172323000177, 13.517431790000046 ], [ 38.508620049000058, 13.511198345000082 ], [ 38.502925318000052, 13.511546008000153 ], [ 38.496804606000069, 13.506789362000063 ], [ 38.490658546000134, 13.495777931000134 ], [ 38.498256686000161, 13.484455432000061 ], [ 38.467402843000173, 13.484901999000158 ], [ 38.465485831000194, 13.479719038000042 ], [ 38.469020338000178, 13.475429200000178 ], [ 38.460991233000072, 13.459561585000131 ], [ 38.484156416000189, 13.469736992000151 ], [ 38.511742602000083, 13.472911396000029 ], [ 38.534243527000115, 13.48181055200007 ], [ 38.562075459000027, 13.483329711000067 ], [ 38.567472336000094, 13.486452523000025 ], [ 38.57298157800011, 13.497707151000043 ], [ 38.579566186000136, 13.503465013000039 ], [ 38.590112415000078, 13.506124023000154 ], [ 38.605389145000061, 13.490691305000098 ], [ 38.614045233000184, 13.490686865000043 ], [ 38.622466983000152, 13.495379052000089 ], [ 38.635986035000144, 13.506264781000084 ], [ 38.662150268000062, 13.531181440000125 ], [ 38.672492223000177, 13.509206289000076 ], [ 38.675954925000156, 13.497618316000057 ], [ 38.673254740000118, 13.491849451000178 ], [ 38.676430296000149, 13.483440269000027 ], [ 38.661305018000121, 13.484726681000041 ], [ 38.648180239000112, 13.481377610000152 ], [ 38.633280931000172, 13.472711308000044 ], [ 38.615788282000096, 13.451400938000177 ], [ 38.61785245100009, 13.4283304 ], [ 38.622371244000135, 13.411227093000036 ], [ 38.632333794000033, 13.404153103 ], [ 38.648639953000156, 13.396521310000139 ], [ 38.669133566000028, 13.391859999000189 ], [ 38.70568553600009, 13.389298880000126 ], [ 38.718729665000126, 13.402849815000025 ], [ 38.721865207000064, 13.408050577999973 ], [ 38.733132743000112, 13.39881121600007 ], [ 38.733254692000116, 13.384147128 ], [ 38.737243319000186, 13.377698667000175 ], [ 38.730193981000127, 13.365402086000131 ], [ 38.733661382000037, 13.349765492000074 ], [ 38.741812589000062, 13.339832438000144 ], [ 38.741718393000099, 13.333546255000044 ], [ 38.736929776000125, 13.33031311700006 ], [ 38.7381534700001, 13.312342393000165 ], [ 38.741035443000101, 13.307440011000097 ], [ 38.735153958000069, 13.302352155000108 ], [ 38.739284290000057, 13.296443281000052 ], [ 38.740068483000186, 13.286785039000108 ], [ 38.735505265000086, 13.28194329300004 ], [ 38.729916593999974, 13.269219220000025 ], [ 38.731588079000176, 13.262275644000169 ], [ 38.743251731000157, 13.265023136000138 ], [ 38.779187408000098, 13.249370877000104 ], [ 38.789697426000032, 13.250072702000182 ], [ 38.800690766000116, 13.247309866000023 ], [ 38.819085256999983, 13.234714716000099 ], [ 38.833882455000094, 13.231933618000028 ], [ 38.838261093000142, 13.229085950000126 ], [ 38.850257847000137, 13.214508661000025 ], [ 38.863105411, 13.209497663000036 ], [ 38.867174566000187, 13.215320319000057 ], [ 38.876218354000059, 13.220508148000022 ], [ 38.893196370000112, 13.223412820000021 ], [ 38.913334018000057, 13.224472513000023 ], [ 38.918556696000167, 13.229916640999988 ], [ 38.929590206000057, 13.235692119000021 ], [ 38.951741918000039, 13.237514728000122 ], [ 38.953386816000091, 13.223777515999984 ], [ 38.9563273, 13.219199349000178 ], [ 38.955824074000134, 13.21201319000005 ], [ 38.96477014300001, 13.207762207000144 ], [ 38.984812148000174, 13.202754355000025 ], [ 38.997367780000047, 13.203404456999976 ], [ 39.016745771000103, 13.178709675999983 ], [ 39.036024372000156, 13.169948423000108 ], [ 39.041598780000072, 13.161502315000121 ], [ 39.042569801000013, 13.15561938500008 ], [ 39.036933914000087, 13.134239229000116 ], [ 39.026297101000125, 13.127912470000069 ], [ 39.020224536000114, 13.126876078000123 ], [ 39.01024227500011, 13.113980905000119 ], [ 38.97860189000005, 13.098962081000025 ], [ 38.989823904000048, 13.081289800000036 ], [ 38.990451466000138, 13.06282999900003 ], [ 38.993962473000124, 13.045288802000073 ], [ 39.000056553000036, 13.038889977000053 ], [ 39.004334067000116, 13.023397491000026 ], [ 38.994455238000114, 13.011741138000048 ], [ 39.000219106000031, 13.003443776000097 ], [ 39.009610106000082, 13.003898779000167 ], [ 39.014349526, 13.0015728730001 ], [ 39.034261090000086, 13.000468310000088 ], [ 39.044585908000158, 12.993361641000149 ], [ 39.053611421000028, 12.990669566000065 ], [ 39.074147895000181, 12.976086022000118 ], [ 39.082858956000166, 12.959272311000063 ], [ 39.100499307000177, 12.958769106000091 ], [ 39.119146232000162, 12.960857076000025 ], [ 39.141864794000185, 12.955839862 ], [ 39.150356552000062, 12.953154398000038 ], [ 39.154807658000095, 12.949838287000034 ], [ 39.163469884000051, 12.948412102000077 ], [ 39.174767503000055, 12.938168499000085 ], [ 39.19283200000018, 12.92808498800008 ], [ 39.203299218000041, 12.928914778000149 ], [ 39.215323868000041, 12.922129462000044 ], [ 39.232567566000057, 12.916686075000086 ], [ 39.250806722000107, 12.917982949000077 ], [ 39.258728715000018, 12.914682269000025 ], [ 39.263076050000109, 12.894094005000056 ], [ 39.279022835000148, 12.856247515000177 ], [ 39.294894823000163, 12.870902075000117 ], [ 39.302989733000061, 12.870121856000139 ], [ 39.306827890000136, 12.866310379000026 ], [ 39.310131667000178, 12.852206824000064 ], [ 39.2903891200001, 12.837919754000097 ], [ 39.277685629000189, 12.826024042000142 ], [ 39.307215579000115, 12.811652772000116 ], [ 39.303601963000119, 12.793315247000123 ], [ 39.295730048000053, 12.785497266000164 ], [ 39.275771867000117, 12.787847884000143 ], [ 39.267663775000187, 12.77133496600004 ], [ 39.278853379000168, 12.758548087000122 ], [ 39.280932323000059, 12.743338179000034 ], [ 39.273859870000081, 12.726624411000046 ], [ 39.269535045000111, 12.723219788000165 ], [ 39.285521429000141, 12.704370101000052 ], [ 39.280482154000026, 12.688008236000144 ], [ 39.265666399000111, 12.677082273 ], [ 39.238857724000184, 12.663099151000154 ], [ 39.230763689000071, 12.666535424000188 ], [ 39.211989561000109, 12.661637829000028 ], [ 39.198870948000149, 12.660395359000063 ], [ 39.181422324000096, 12.652672420000158 ], [ 39.174401276000026, 12.643480484000065 ], [ 39.183404451, 12.630297141000028 ], [ 39.183045385000185, 12.612292836000108 ], [ 39.204276216999972, 12.575996239000062 ], [ 39.209217693000085, 12.560590495000099 ], [ 39.208717652000018, 12.549562514000115 ], [ 39.214285997000047, 12.543377172000078 ], [ 39.217556656000056, 12.535959006000041 ], [ 39.218125639000164, 12.530051263000189 ], [ 39.22271463900006, 12.522300177000091 ], [ 39.222259617000077, 12.516662520000011 ], [ 39.229773857000055, 12.501081519000024 ], [ 39.231594924000035, 12.493144192000102 ], [ 39.23091322900018, 12.486169538000183 ], [ 39.236354548000179, 12.473085540000113 ], [ 39.236161215000095, 12.448997578000103 ], [ 39.241432914000086, 12.425628094999979 ], [ 39.241842341000108, 12.403594628000121 ], [ 39.239920299000062, 12.394543647000035 ], [ 39.246491552000123, 12.359924011000146 ], [ 39.245529419000036, 12.352944384000068 ], [ 39.251188691000038, 12.344123187000037 ], [ 39.262855115000036, 12.334706440000048 ], [ 39.263455215000135, 12.330429333000097 ], [ 39.284784732000048, 12.299688143000139 ], [ 39.290874255, 12.296071961000052 ], [ 39.305208342000071, 12.297280244000149 ], [ 39.321702794000032, 12.304866179000101 ], [ 39.33381518300007, 12.300604146000182 ], [ 39.342345232000014, 12.300702117000185 ], [ 39.350151601000164, 12.298413428000117 ], [ 39.372576739000181, 12.3012953490001 ], [ 39.388595784000188, 12.300496204000126 ], [ 39.402885922000053, 12.295279038000103 ], [ 39.419514241000172, 12.296596725000143 ], [ 39.440743658000144, 12.315499537999983 ], [ 39.455564056000185, 12.325027175000059 ], [ 39.47051795200008, 12.32139860500007 ], [ 39.507440992000113, 12.332852040000091 ], [ 39.522661952000078, 12.326414029000091 ], [ 39.53853635500019, 12.291911820000053 ], [ 39.543273525000075, 12.265007941000022 ], [ 39.555184250000138, 12.255511219000141 ], [ 39.572543903000053, 12.255925598000033 ], [ 39.591869765000183, 12.270975589000159 ], [ 39.605000344000075, 12.270562435999977 ], [ 39.614212959000042, 12.275731232999988 ], [ 39.625122954000062, 12.287998835 ], [ 39.620934418000047, 12.300221699000076 ], [ 39.632274431000155, 12.307654083000045 ], [ 39.658701245000032, 12.306381335000083 ], [ 39.679314630000192, 12.307815882 ], [ 39.706265144000042, 12.306206621000172 ], [ 39.721501852000074, 12.308228335000138 ], [ 39.739107259000036, 12.312837382 ], [ 39.75855376100003, 12.319953055000155 ], [ 39.761546943000042, 12.303252023000141 ], [ 39.777141025000162, 12.310884940000108 ], [ 39.800328207, 12.316388865000135 ], [ 39.817611330000148, 12.324029795000172 ], [ 39.824736882000138, 12.317740811000078 ], [ 39.82365524700009, 12.291624827000021 ], [ 39.827579057000037, 12.240457884000136 ], [ 39.807546950000187, 12.238868944999979 ], [ 39.803625913000189, 12.229686998000147 ], [ 39.802676841, 12.210930031999965 ], [ 39.799860768000144, 12.194985067000061 ], [ 39.807101721000038, 12.170387082000104 ], [ 39.81282870300015, 12.15664008400006 ], [ 39.819151621000174, 12.123438116000045 ], [ 39.828600589000189, 12.099837122000054 ], [ 39.861724730000049, 12.088369026000123 ], [ 39.859786676000112, 12.08333101400018 ], [ 39.843502548000117, 12.065308125000115 ], [ 39.841262494000034, 12.053548152000076 ], [ 39.85410897800017, 12.029162647000078 ], [ 39.861397960000033, 12.012602648000097 ], [ 39.866738428000133, 11.995188157000143 ], [ 39.876546907000147, 11.974361157000146 ], [ 39.887100224000164, 11.905738230000111 ], [ 39.878096897000148, 11.882652046999965 ], [ 39.877956600000175, 11.85839525200015 ], [ 39.873469554000167, 11.79855950000001 ], [ 39.874871622000171, 11.778754453000147 ], [ 39.879218206000075, 11.767397210000013 ], [ 39.885107160000075, 11.761788683000077 ], [ 39.902213140000072, 11.73655034 ], [ 39.91146717700002, 11.718042234000052 ], [ 39.923946133000129, 11.700796031000152 ], [ 39.950030926000011, 11.682392051000079 ], [ 39.969655659000125, 11.664480789000095 ], [ 39.99411318600005, 11.681157761000065 ], [ 40.015285517000052, 11.645552521000184 ], [ 39.99745104100009, 11.612226044000067 ], [ 39.992544466000084, 11.597410374999981 ], [ 39.993314070000167, 11.58379725900005 ], [ 40.006473079000102, 11.558640850000018 ], [ 40.024012733000063, 11.530850727000086 ], [ 40.054877989000033, 11.487684908000176 ], [ 40.060914350000019, 11.474131536000129 ], [ 40.067064544000175, 11.44292464 ], [ 40.066334076000146, 11.428689165000151 ], [ 40.070186855000145, 11.373664184000063 ], [ 40.067218370000091, 11.360568220000118 ], [ 40.064956347000077, 11.337759224000081 ], [ 40.07123437700011, 11.325645610000038 ], [ 40.102577586000052, 11.316914856999972 ], [ 40.122803653000176, 11.296106744000042 ], [ 40.145619762000138, 11.255625560000112 ], [ 40.172875988000101, 11.239979554000172 ], [ 40.21243793400015, 11.108908124000095 ], [ 40.19379644300011, 11.096367235000116 ], [ 40.195512819000157, 11.068224788000123 ], [ 40.193180431000087, 11.047865564000119 ], [ 40.186939037000059, 11.025342766000165 ], [ 40.169002056000181, 11.001571813000055 ], [ 40.144128374000047, 10.952115006999975 ], [ 40.123771524000063, 10.93763921600015 ], [ 40.132943092000062, 10.915161270000169 ], [ 40.149310951000132, 10.895796132000157 ], [ 40.180501636000088, 10.896861903000115 ], [ 40.178509752000139, 10.884326842000121 ], [ 40.175857201000099, 10.877782504000038 ], [ 40.169951585000149, 10.873524746000044 ], [ 40.166952659000174, 10.847467200000153 ], [ 40.168065674000161, 10.842075440000087 ], [ 40.167107675000011, 10.834037032000026 ], [ 40.164088408000055, 10.828607851000186 ], [ 40.166695362000098, 10.805048304000138 ], [ 40.122031309000022, 10.768172394999965 ], [ 40.108423512000059, 10.763825469000039 ], [ 40.102610932000175, 10.755046175000132 ], [ 40.102545855000187, 10.739684215000068 ], [ 40.109076607000191, 10.723884582000096 ], [ 40.128496319000078, 10.617484683999976 ], [ 40.150632407000046, 10.470404321000046 ], [ 40.152901391, 10.43928583100012 ], [ 40.161587952000104, 10.435340451 ], [ 40.163639855000156, 10.41236375200009 ], [ 40.16305743800001, 10.374804112000106 ], [ 40.159094259000142, 10.35627886400016 ], [ 40.160385655000027, 10.300797679000141 ], [ 40.157497908000096, 10.285365440000021 ], [ 40.146659743000157, 10.277217092000171 ], [ 40.155579610000188, 10.257410691000132 ], [ 40.149868846000174, 10.233329594000111 ], [ 40.128993667000032, 10.173546208000062 ], [ 40.137057146000075, 10.145037694000052 ], [ 40.158145723000132, 10.090278606000084 ], [ 40.132584922000092, 10.071093523000116 ], [ 40.107150834000095, 10.071179958000073 ], [ 40.069024911000099, 10.079061598000123 ], [ 40.024008584000171, 10.074357291000183 ], [ 39.993562753000049, 10.076897555000187 ], [ 39.988950811, 10.088315128000147 ], [ 39.980178402000092, 10.087851924000176 ], [ 39.969169678000128, 10.08493983000011 ], [ 39.948171668000043, 10.084464076000188 ], [ 39.927274822000129, 10.089962566 ], [ 39.936785070999974, 10.062210044000039 ], [ 39.943444662000047, 10.059189888000105 ], [ 39.941619856000102, 10.043069890000027 ], [ 39.924699313000076, 10.014096156999983 ], [ 39.92734821200014, 10.012638682000102 ], [ 39.931263981000029, 10.014446273000033 ], [ 39.931762313000092, 10.007020612000133 ], [ 39.929689071000155, 10.005838085999983 ], [ 39.947354193000137, 9.993374848000144 ], [ 39.992409775000056, 9.993308733000106 ], [ 40.009808274000136, 9.991180830000133 ], [ 40.031952431000093, 9.994486964000146 ], [ 40.04315937500013, 9.991030512000179 ], [ 40.058905264000089, 9.977105247000054 ], [ 40.066215378000095, 9.966267384000105 ], [ 40.067272148000086, 9.960070327000096 ], [ 40.080422791999979, 9.948390634000134 ], [ 40.088842507000038, 9.93480546100011 ], [ 40.077824466000152, 9.905461926000044 ], [ 40.069378800000152, 9.90479778100007 ], [ 40.063559105000138, 9.902413099000114 ], [ 40.058430127000122, 9.864339007000012 ], [ 40.070692824000162, 9.857416624000052 ], [ 40.052670644000102, 9.842197328000054 ], [ 40.03520665700006, 9.842798544000061 ], [ 40.027798376000021, 9.829902364000077 ], [ 40.017490673999987, 9.820008066000128 ], [ 40.011025413000027, 9.818556814000146 ], [ 40.004456721000111, 9.795230372000105 ], [ 40.00763943600009, 9.788720263000187 ], [ 40.008073401000047, 9.78177612800016 ], [ 39.993429114000094, 9.763604967999981 ], [ 39.991154010000116, 9.756725605000042 ], [ 40.001832232000083, 9.747931774000108 ], [ 40.005915073000153, 9.741022347000126 ], [ 40.013766690000068, 9.737567590000026 ], [ 40.009369776000085, 9.732856664000167 ], [ 39.973530739000125, 9.729228756 ], [ 39.954730654000059, 9.730248808000056 ], [ 39.91816051700016, 9.74175889900016 ], [ 39.875800348000098, 9.752809007000167 ], [ 39.862140287000045, 9.75395904200019 ], [ 39.856580224000027, 9.752579042000036 ], [ 39.84977405800015, 9.748358985000039 ], [ 39.839127550000171, 9.723559838000085 ], [ 39.848452679000161, 9.708697035 ], [ 39.852678544000128, 9.698681828000133 ], [ 39.849919096000065, 9.68772538900015 ], [ 39.857662588000039, 9.655151854000167 ], [ 39.861597645000131, 9.651590045999967 ], [ 39.879327954000132, 9.624249912000039 ], [ 39.883795549000183, 9.610633282000151 ], [ 39.881479557000091, 9.593015202000117 ], [ 39.87714658800013, 9.57656938700012 ], [ 39.847578568000017, 9.564292121000051 ], [ 39.856768087000034, 9.556498578000117 ], [ 39.857324161000179, 9.547084830000131 ], [ 39.847911496000052, 9.525209400000108 ], [ 39.847098365000193, 9.510716289000072 ], [ 39.83752582600016, 9.50189908100009 ], [ 39.847831218000181, 9.481207726000036 ], [ 39.872525838000058, 9.459261316000152 ], [ 39.873097015000155, 9.446840990000112 ], [ 39.871412381000027, 9.441606532000094 ], [ 39.874407748000181, 9.407751854000082 ], [ 39.878645824000159, 9.400410595000039 ], [ 39.872891826000171, 9.397763554000164 ], [ 39.821455806000131, 9.417440211000098 ], [ 39.807222469000067, 9.412840961000029 ], [ 39.799799680999968, 9.399677135000104 ], [ 39.785192561000031, 9.395607140999971 ], [ 39.791478857000016, 9.369819571999983 ], [ 39.749826332000112, 9.369215006000047 ], [ 39.752017154000157, 9.361535949000029 ], [ 39.759174693000091, 9.353173466999976 ], [ 39.758707254, 9.346935495000082 ], [ 39.761432266000099, 9.34276579800013 ], [ 39.77001275900011, 9.336843004000173 ], [ 39.774872146000121, 9.314217300000053 ], [ 39.778879464, 9.30986388499997 ], [ 39.787044867000191, 9.306919948000029 ], [ 39.789141232000134, 9.304219598999964 ], [ 39.816712985000152, 9.307667610000067 ], [ 39.833857295000087, 9.314753878000033 ], [ 39.844136254000148, 9.314182703000085 ], [ 39.859998318, 9.307126238000023 ], [ 39.885989008000081, 9.269359403000067 ], [ 39.857005408000191, 9.270074091000083 ], [ 39.862955322000118, 9.242262559000039 ], [ 39.873228492000123, 9.233576338000091 ], [ 39.873029747000089, 9.227292375000047 ], [ 39.853504703000169, 9.210812634000092 ], [ 39.847767217000126, 9.201510889000076 ], [ 39.836117591000061, 9.188299398000026 ], [ 39.813013316000024, 9.171110355000053 ], [ 39.81622420900004, 9.161578789000089 ], [ 39.815223703000072, 9.154150174000165 ], [ 39.817420679000122, 9.136314175000109 ], [ 39.807734578000066, 9.135445119000167 ], [ 39.801961832000075, 9.12605138300006 ], [ 39.797130838000044, 9.121466700000099 ], [ 39.793804393000073, 9.112743744000056 ], [ 39.780248003000168, 9.104351018000045 ], [ 39.763918031000117, 9.095129858 ], [ 39.742452111000034, 9.091257804000122 ], [ 39.747495818000175, 9.063134944000069 ], [ 39.746167469000113, 9.05515718900017 ], [ 39.740242244000058, 9.039542641000139 ], [ 39.741155712000136, 9.023024694000071 ], [ 39.746161200000074, 9.015260697000087 ], [ 39.746512058000121, 9.00975989300008 ], [ 39.748012874000153, 8.910277915000165 ], [ 39.738497455000015, 8.872060636000072 ], [ 39.736884188000033, 8.857209494000188 ], [ 39.731332700000053, 8.844191349000141 ], [ 39.733277203000114, 8.826240115000076 ], [ 39.716727868000135, 8.816080567000029 ], [ 39.679168335000099, 8.815652545000148 ], [ 39.66213722700013, 8.813192484000069 ], [ 39.650100091000127, 8.80275302400014 ], [ 39.634068651000121, 8.79879552400007 ], [ 39.617022723000161, 8.786868968000022 ], [ 39.591500282000084, 8.796872673000053 ], [ 39.561986771000136, 8.817839618000164 ], [ 39.551786236000169, 8.768750596000189 ], [ 39.533776130000035, 8.757960639000089 ], [ 39.50075019000019, 8.714812531000121 ], [ 39.492252683000117, 8.725284609000084 ], [ 39.470243519000178, 8.741751308000175 ], [ 39.449226619000115, 8.752237944000115 ], [ 39.43973125500014, 8.767691543000012 ], [ 39.431244769000159, 8.79011773600007 ], [ 39.417751568000085, 8.814541965000103 ], [ 39.405485663000093, 8.80996092100014 ], [ 39.386184200000116, 8.798635429000058 ], [ 39.378164, 8.791171490000067 ], [ 39.374646972000164, 8.779717721000111 ], [ 39.373632388000033, 8.766766981999979 ], [ 39.377101170000174, 8.730897078000055 ], [ 39.361069288000124, 8.72094988900011 ], [ 39.342048858, 8.726945429000011 ], [ 39.331546789000186, 8.740902973000061 ], [ 39.324542076000114, 8.746886870000026 ], [ 39.305306773000098, 8.721725774000049 ], [ 39.298982556000055, 8.718513632000054 ], [ 39.28581489000004, 8.71779125300003 ], [ 39.270448014000067, 8.724513068000135 ], [ 39.261952115000099, 8.74693588100007 ], [ 39.272982659000093, 8.766853948000062 ], [ 39.271993109000107, 8.783044547000088 ], [ 39.254487030000178, 8.813194945000021 ], [ 39.243854955000018, 8.8276813 ], [ 39.243985598000108, 8.836614986000029 ], [ 39.265526457000078, 8.843076076000159 ], [ 39.260523305, 8.85055186600016 ], [ 39.23749115600009, 8.862024795000082 ], [ 39.241015087000051, 8.888922484000091 ], [ 39.259082359000161, 8.910017081000092 ], [ 39.26538142600009, 8.922385056000167 ], [ 39.258599611000193, 8.962636107000151 ], [ 39.269635275000041, 8.980561282999986 ], [ 39.288188371000047, 8.9989783850001 ], [ 39.296751314, 9.053268940000123 ], [ 39.315299487, 9.060227243000099 ], [ 39.347025586000029, 9.064174540000067 ], [ 39.357012271000087, 9.062080326 ], [ 39.35420909000004, 9.070741290000058 ], [ 39.348468864000097, 9.076579679000019 ], [ 39.348602913999969, 9.088063156000089 ], [ 39.328844038000113, 9.137206135000042 ], [ 39.320164556000123, 9.140222525000013 ], [ 39.323169034000045, 9.14878646000011 ], [ 39.294126330000097, 9.149269342000082 ], [ 39.249522225000192, 9.135586015000115 ], [ 39.233676833000061, 9.157924935000153 ], [ 39.214637411000183, 9.173379248000117 ], [ 39.188588721000144, 9.209260135000022 ], [ 39.213682513000037, 9.228121843999986 ], [ 39.199743126000158, 9.249969509000152 ], [ 39.194086784000035, 9.252412850000098 ], [ 39.177743712000165, 9.271073861 ], [ 39.207188084000109, 9.291940727999986 ], [ 39.233662219000109, 9.293612357000029 ], [ 39.260424441000168, 9.250324625000076 ], [ 39.266168844000049, 9.244486984000105 ], [ 39.284730547000095, 9.27753734300012 ], [ 39.266205776000049, 9.288451741000074 ], [ 39.264416277000066, 9.324190917000067 ], [ 39.278281597000102, 9.312249715 ], [ 39.285437568000077, 9.315796503000058 ], [ 39.291469046000145, 9.331731852000019 ], [ 39.292988364000053, 9.349165239000172 ], [ 39.303025935000051, 9.356628683000054 ], [ 39.306545273000097, 9.366090126000131 ], [ 39.319585813000117, 9.365580384000054 ], [ 39.320095235000167, 9.374048143000039 ], [ 39.325117202000115, 9.380519217000028 ], [ 39.337155518000145, 9.380507842999975 ], [ 39.346683843999983, 9.378506033000065 ], [ 39.356705941000143, 9.369031534000158 ], [ 39.373014457000181, 9.375739299000145 ], [ 39.376283725000121, 9.383954929000083 ], [ 39.394851937000112, 9.391904538000176 ], [ 39.403867557000183, 9.380437388000132 ], [ 39.411885922000067, 9.374450564000028 ], [ 39.420409205000169, 9.371451719000106 ], [ 39.425936339000032, 9.379415034999965 ], [ 39.44048497100016, 9.381389617000139 ], [ 39.445643121000103, 9.383906186000047 ], [ 39.452242330000161, 9.393915417000187 ], [ 39.453874523000081, 9.401201864000086 ], [ 39.449567369000079, 9.404710445000035 ], [ 39.443087363000188, 9.414380454000138 ], [ 39.447632372000101, 9.418805413000086 ], [ 39.449322423000069, 9.425273760000152 ], [ 39.447705766000126, 9.432491261 ], [ 39.430325357000129, 9.433876471000076 ], [ 39.411252300000058, 9.447480510000048 ], [ 39.393927236000081, 9.455048550000072 ], [ 39.38790094400008, 9.449784319000173 ], [ 39.378400471000134, 9.446080598000037 ], [ 39.37274111000005, 9.44683061000012 ], [ 39.373340476000067, 9.457993935000161 ], [ 39.376923534000071, 9.463288481000177 ], [ 39.375070510000057, 9.467057258000182 ], [ 39.363082137000106, 9.473860614000159 ], [ 39.355617100000188, 9.474233966000156 ], [ 39.350387071000057, 9.471960648000163 ], [ 39.343777039000088, 9.472300666000081 ], [ 39.338567022000063, 9.474780677000183 ], [ 39.314850219000164, 9.467004079000105 ], [ 39.309691863000012, 9.46768075600005 ], [ 39.305529359000047, 9.473743262000028 ], [ 39.301063538000108, 9.487787432000175 ], [ 39.294095184000184, 9.491740781000146 ], [ 39.293621870999971, 9.500593268000102 ], [ 39.305191574999981, 9.505244059000063 ], [ 39.302544087000172, 9.511996460000034 ], [ 39.302133469000125, 9.52269657 ], [ 39.312939889000177, 9.535559958000135 ], [ 39.32294279100006, 9.525733537 ], [ 39.329693778000035, 9.526557331000163 ], [ 39.341400900000053, 9.545392053000171 ], [ 39.352845787000149, 9.54920158800013 ], [ 39.360604479000131, 9.54606323600018 ], [ 39.372623652000073, 9.56403799300017 ], [ 39.376473449, 9.567334510000137 ], [ 39.378527472000087, 9.573092503000055 ], [ 39.377930203000119, 9.580163790000086 ], [ 39.373251493000055, 9.582892380000089 ], [ 39.373358609000036, 9.592027721000022 ], [ 39.379662509000127, 9.596266459999981 ], [ 39.384189058000061, 9.602902185000062 ], [ 39.385307603000172, 9.610724820000087 ], [ 39.388819113000125, 9.615740414000129 ], [ 39.3858586610001, 9.630821438000055 ], [ 39.375453967000055, 9.629229868000152 ], [ 39.361687794000147, 9.618915774000129 ], [ 39.354392020000091, 9.617683390000138 ], [ 39.352048529000058, 9.622053936999976 ], [ 39.357750507000048, 9.656863755000131 ], [ 39.36213104, 9.661528836000059 ], [ 39.368184991000078, 9.663033065000093 ], [ 39.371299046000104, 9.669967687999986 ], [ 39.360979105000183, 9.68027947600001 ], [ 39.369723807000071, 9.689567241000134 ], [ 39.37011478900007, 9.699377299000048 ], [ 39.364135159, 9.701451828000188 ], [ 39.344486328000073, 9.699004271000092 ], [ 39.339346295000155, 9.703918864000173 ], [ 39.338028522000116, 9.710214133000136 ], [ 39.340762895000125, 9.717095345000189 ], [ 39.34671639000004, 9.725141529000155 ], [ 39.341784939000149, 9.727459945000135 ], [ 39.328772035999975, 9.72436790900008 ], [ 39.320450965000134, 9.724124522000125 ], [ 39.313349592000066, 9.731436754000072 ], [ 39.30809898900003, 9.744016390000183 ], [ 39.297855516000084, 9.748032986000169 ], [ 39.291740805000131, 9.74513298700009 ], [ 39.287584113000094, 9.733964613000069 ], [ 39.280391628000189, 9.733186717000024 ], [ 39.268117776000167, 9.739742061000072 ], [ 39.260049558000162, 9.729310192000185 ], [ 39.249905994000017, 9.704906936000043 ], [ 39.244772662, 9.701821501000097 ], [ 39.239024934000156, 9.702390966000053 ], [ 39.23280876299998, 9.69916128300008 ], [ 39.228063057000099, 9.693712076000168 ], [ 39.223495732000117, 9.705209304 ], [ 39.216750541000067, 9.708398152000086 ], [ 39.211392605000128, 9.704746635 ], [ 39.208636507000165, 9.710909938000043 ], [ 39.204894644000092, 9.706556352000121 ], [ 39.200125532000186, 9.708735719 ], [ 39.197351785000137, 9.716352590000099 ], [ 39.184172578000073, 9.720062338999981 ], [ 39.184024695000176, 9.685757296000133 ], [ 39.178634945000113, 9.689287075000038 ], [ 39.174227379000115, 9.694849772000111 ], [ 39.166267251000136, 9.692684129000099 ], [ 39.16178271900003, 9.688778226000125 ], [ 39.155690855000103, 9.688694825000084 ], [ 39.145374471000025, 9.693345943000168 ], [ 39.145955734000097, 9.70844044 ], [ 39.147743968999976, 9.715357992000065 ], [ 39.144327574000044, 9.720709426000155 ], [ 39.144895907000091, 9.728643156000032 ], [ 39.143037324000034, 9.735316459000046 ], [ 39.139302682000107, 9.740658277000023 ], [ 39.133470717000137, 9.741385676000107 ], [ 39.122691446000033, 9.73494024200005 ], [ 39.116999520000036, 9.733276837 ], [ 39.10960357600004, 9.732476078000104 ], [ 39.097686024000041, 9.73544210600005 ], [ 39.097403997000072, 9.743819908000091 ], [ 39.104532009000081, 9.748596004000035 ], [ 39.101773470000182, 9.755054706000067 ], [ 39.092213444000038, 9.763080850000165 ], [ 39.087110289000123, 9.761510614000088 ], [ 39.082092003000184, 9.75697829700016 ], [ 39.07653697, 9.754583894 ], [ 39.068875885000068, 9.752956417000121 ], [ 39.050451669999973, 9.753436381000029 ], [ 39.036000521000062, 9.747013346000131 ], [ 39.03496885800007, 9.752804655000148 ], [ 39.030573243000049, 9.755483930000082 ], [ 39.023616714000127, 9.757856779 ], [ 39.016590379000036, 9.757725298000082 ], [ 39.012200041000085, 9.752203313000166 ], [ 38.990104350000024, 9.745970874000079 ], [ 38.980758462000153, 9.751982071000157 ], [ 38.974420311000188, 9.761105070000099 ], [ 38.967947351000191, 9.756165535000036 ], [ 38.964139393000039, 9.749053772000025 ], [ 38.952088058000072, 9.738662725000154 ], [ 38.95271846300011, 9.732682811000075 ], [ 38.959099790999971, 9.718518472000085 ], [ 38.960252750999985, 9.710757137000144 ], [ 38.953816753000012, 9.713805489000094 ], [ 38.940269714000124, 9.725163848000136 ], [ 38.934733068000128, 9.727943276000076 ], [ 38.928162320000013, 9.725091544000179 ], [ 38.917753296000171, 9.71152540300011 ], [ 38.909342186000174, 9.70873160400015 ], [ 38.896749111000133, 9.714293416999965 ], [ 38.866542034000076, 9.733633362000091 ], [ 38.858487022000077, 9.744935040000144 ], [ 38.840262793000022, 9.75700924400013 ], [ 38.828900269000144, 9.769105514000046 ], [ 38.821505269000056, 9.784497606000116 ], [ 38.818226617, 9.802729966000186 ], [ 38.81369528800019, 9.806201778 ], [ 38.807775707000019, 9.819546366000168 ], [ 38.808356165000077, 9.835316770000077 ], [ 38.803028846000132, 9.86211411000005 ], [ 38.790852865000147, 9.882626782000159 ], [ 38.795969984000124, 9.88906411500011 ], [ 38.802462994, 9.909464233000165 ], [ 38.801332186000081, 9.922175059999972 ], [ 38.79782384900011, 9.927783397000098 ], [ 38.796395525000094, 9.933715064000182 ], [ 38.797322213000029, 9.940775058000099 ], [ 38.801425563000066, 9.946511681 ], [ 38.802667275000147, 9.953555034000033 ], [ 38.800570287000028, 9.962196032 ], [ 38.796867758000189, 9.96772484700017 ], [ 38.789601590000075, 9.971902095000132 ], [ 38.784755181000094, 9.978342527999985 ], [ 38.779325189000076, 9.982384738000121 ], [ 38.771217387000149, 9.978101136000078 ], [ 38.764877686000091, 9.980644976000065 ], [ 38.75805634, 9.980672016000028 ], [ 38.752125432000071, 9.984718474000147 ], [ 38.74024204400007, 9.987528502000146 ], [ 38.733573357000125, 9.992879847000154 ], [ 38.725445310000055, 9.991341868000177 ], [ 38.718622289000109, 9.996016882999982 ], [ 38.709850248000066, 9.998393987000043 ], [ 38.694117194000171, 10.007819936000033 ], [ 38.686490153000193, 10.008004733000121 ], [ 38.681117141000072, 10.013423967000165 ], [ 38.673815107, 10.015149482000027 ], [ 38.669499095000162, 10.019171988000153 ], [ 38.660815087000174, 10.033812000000182 ], [ 38.660483453000097, 10.045468660000097 ], [ 38.657235115000049, 10.051451997000186 ], [ 38.662665134000179, 10.057361952 ], [ 38.688685274000193, 10.050231917000133 ], [ 38.695724, 10.050900488000082 ], [ 38.701460338000061, 10.049361887000089 ], [ 38.70565883900008, 10.053001850000044 ], [ 38.721357446000013, 10.051443834000111 ], [ 38.733852189000118, 10.05632846400016 ], [ 38.740982208000048, 10.061087590000113 ], [ 38.751243963999968, 10.063330500000063 ], [ 38.757922317, 10.068251705000023 ], [ 38.764947802000165, 10.070805042000131 ], [ 38.777264958000046, 10.082801640000127 ], [ 38.791977126000177, 10.089359859000183 ], [ 38.799528450000025, 10.090274104000059 ], [ 38.805298457000049, 10.093496569000138 ], [ 38.810943160000193, 10.094408716000032 ], [ 38.82361609700007, 10.109681501000068 ], [ 38.829000151000059, 10.109663512999987 ], [ 38.839087882000115, 10.114398149000067 ], [ 38.84260955200017, 10.109924813000134 ], [ 38.852601234000133, 10.118053021000151 ], [ 38.84858978900013, 10.123890452000069 ], [ 38.847218571000042, 10.138735194000162 ], [ 38.844322655000042, 10.14430778100018 ], [ 38.839206808000142, 10.148952456000131 ], [ 38.833744314000114, 10.161852710000119 ], [ 38.834399029000167, 10.179244778000111 ], [ 38.838099182000178, 10.19806416900019 ], [ 38.833672259000082, 10.203954760000045 ], [ 38.832683441000142, 10.212113422000073 ], [ 38.835273491000066, 10.22573390600013 ], [ 38.847628605000011, 10.244327023000096 ], [ 38.844449006000104, 10.250652760000094 ], [ 38.844580870000186, 10.25606710500017 ], [ 38.860843744000192, 10.277980931 ], [ 38.859468653000192, 10.286027665 ], [ 38.855678282000042, 10.294737793000024 ], [ 38.853233875000171, 10.333777266000141 ], [ 38.845066556000063, 10.354761937000148 ], [ 38.845728709000014, 10.361023596000166 ], [ 38.815645262000032, 10.364320465000162 ], [ 38.806468477000067, 10.368835610000076 ], [ 38.790692305000164, 10.366524404000188 ], [ 38.772146040000166, 10.366160703 ], [ 38.761233883000102, 10.375586974000043 ], [ 38.746122051000157, 10.383746507000069 ], [ 38.738243772000089, 10.385626615000035 ], [ 38.7126352840001, 10.386869343000171 ], [ 38.697399984000185, 10.379391839000164 ], [ 38.68230453200016, 10.379040964000183 ], [ 38.676015733000042, 10.37742002900012 ], [ 38.671344033000025, 10.374095110000042 ], [ 38.664156367000032, 10.372755606000055 ], [ 38.656484954000064, 10.373610750000125 ], [ 38.630276588000186, 10.382174811000027 ], [ 38.623847379000154, 10.3783499970001 ], [ 38.604663884000161, 10.37460028400011 ], [ 38.592112450000116, 10.37438608400015 ], [ 38.577968382000108, 10.377172751000046 ], [ 38.565961678000178, 10.374313584 ], [ 38.560209328000099, 10.375922873000036 ], [ 38.541154505000122, 10.370294047000073 ], [ 38.53439304200009, 10.366504696000163 ], [ 38.523782947000029, 10.36780989000016 ], [ 38.50284261600018, 10.363264156000071 ], [ 38.483491186000037, 10.365448870000023 ], [ 38.476676643000133, 10.363259946000085 ], [ 38.47608955600009, 10.356225629000107 ], [ 38.479540211000085, 10.351125974000126 ], [ 38.481201353000188, 10.344366625000134 ], [ 38.475065384000118, 10.330666752000184 ], [ 38.473721502000103, 10.314608434000036 ], [ 38.467923962000043, 10.31109028100019 ], [ 38.466090771000154, 10.305224893000172 ], [ 38.472529056000042, 10.291804716000115 ], [ 38.460067299000059, 10.28997032 ], [ 38.457868668000117, 10.28200929000019 ], [ 38.462671906000139, 10.267672455000081 ], [ 38.455336517000092, 10.2611353530001 ], [ 38.454191224000112, 10.246689368000091 ], [ 38.448073008000165, 10.240251887000056 ], [ 38.430718196000043, 10.231622436000066 ], [ 38.424174337000125, 10.222707461000084 ], [ 38.419384806000039, 10.219846971000038 ], [ 38.41939135500013, 10.213229645000126 ], [ 38.430043544000171, 10.193132966000121 ], [ 38.421050215000093, 10.180752498000174 ], [ 38.425893983000151, 10.177830737000079 ], [ 38.425724645000173, 10.171756064000078 ], [ 38.406310336000047, 10.160372298000027 ], [ 38.402055248000067, 10.154705364000108 ], [ 38.400936694000052, 10.148641903000112 ], [ 38.397499996000136, 10.144277914999975 ], [ 38.375631208000073, 10.14035463800019 ], [ 38.366302158, 10.140485495000121 ], [ 38.358061014999976, 10.144311013000049 ], [ 38.357013805000065, 10.150842677000128 ], [ 38.354075465000108, 10.155074349000131 ], [ 38.348278775000097, 10.158841026000118 ], [ 38.340049563000093, 10.156221874000153 ], [ 38.333319679000169, 10.151362734000088 ], [ 38.325961926000048, 10.133119432000171 ], [ 38.323713225000063, 10.123433777 ], [ 38.326517508000165, 10.114547729000037 ], [ 38.321809506000193, 10.107186793999972 ], [ 38.308600941, 10.107952823000062 ], [ 38.302266728000063, 10.103446173 ], [ 38.300353366000024, 10.095405351000124 ], [ 38.295274989000177, 10.089247869000133 ], [ 38.286125774000027, 10.088537890999987 ], [ 38.280773253000064, 10.090926903000138 ], [ 38.271760707000055, 10.09180042600002 ], [ 38.258109789000173, 10.087652959000138 ], [ 38.252375598000128, 10.088427973000137 ], [ 38.251519728000176, 10.096478969000145 ], [ 38.247788605000096, 10.101949476000073 ], [ 38.240426651000064, 10.102633868000055 ], [ 38.221974445000114, 10.092252544000132 ], [ 38.216389899000092, 10.086364262000188 ], [ 38.203744824000182, 10.081783095000105 ], [ 38.184300933000145, 10.066836900999988 ], [ 38.176628260000086, 10.063105421000159 ], [ 38.170611389000101, 10.05775259 ], [ 38.169906568000101, 10.050658695000095 ], [ 38.167339535000053, 10.046083701999976 ], [ 38.16035400200019, 10.044102222000163 ], [ 38.150565228000119, 10.035121651000054 ], [ 38.145129029000032, 10.03668688800019 ], [ 38.142158153000025, 10.043251766000139 ], [ 38.136950886000079, 10.047414026000126 ], [ 38.130939688000069, 10.047449623000091 ], [ 38.125302690000126, 10.043157056000155 ], [ 38.118326909000189, 10.028991664000102 ], [ 38.117089557000099, 10.023617337000132 ], [ 38.118277216000081, 10.01775053700004 ], [ 38.11312885100017, 10.015991517000145 ], [ 38.100720679000062, 10.022257194000133 ], [ 38.094081094000046, 10.020217393000053 ], [ 38.087563260000024, 10.020250808000071 ], [ 38.080279709000024, 10.015223327 ], [ 38.082708503000049, 10.007513927000048 ], [ 38.081207972000186, 10.00217543399998 ], [ 38.069796920000158, 10.001523961000032 ], [ 38.06431588200013, 9.997895474000075 ], [ 38.059931978000179, 9.981803496 ], [ 38.04811374000019, 9.981532249000054 ], [ 38.043585946, 9.969779788000096 ], [ 38.033875649000151, 9.967522421000126 ], [ 38.02558220800006, 9.96831218300008 ], [ 38.016012429000057, 9.966778481 ], [ 38.008454708999977, 9.964134820000027 ], [ 37.993421392000187, 9.949085918000094 ], [ 37.978418396000166, 9.949081703000047 ], [ 37.957067176000123, 9.938637757000095 ], [ 37.95193574700005, 9.938396570000123 ], [ 37.938744691000181, 9.944079796000153 ], [ 37.932837886000186, 9.941279304999966 ], [ 37.930787682000016, 9.930517155000189 ], [ 37.935321745000124, 9.925963099000171 ], [ 37.935078513000065, 9.918986318000123 ], [ 37.93007431000018, 9.914587167000036 ], [ 37.923404941000172, 9.914747847000172 ], [ 37.909325902000091, 9.930448536000085 ], [ 37.901391277000016, 9.9303743050001 ], [ 37.893029142000159, 9.927258909000045 ], [ 37.880155013000092, 9.921508226000071 ], [ 37.875928694000095, 9.916305954000052 ], [ 37.874460673000044, 9.911163960000181 ], [ 37.869932308000102, 9.907533973000113 ], [ 37.864462584000137, 9.912861637000049 ], [ 37.860390935000169, 9.912788657000078 ], [ 37.859221566000087, 9.900221250000186 ], [ 37.855936372000087, 9.895941178000101 ], [ 37.848416253000039, 9.89757802600019 ], [ 37.842680721000136, 9.896703164000087 ], [ 37.836414116000014, 9.887891808000063 ], [ 37.830822381000189, 9.884637571000155 ], [ 37.823254017000181, 9.873890709000023 ], [ 37.816021511000031, 9.867150363000121 ], [ 37.80699187700003, 9.865290796000181 ], [ 37.800583501000062, 9.861824149000142 ], [ 37.774592017000145, 9.856502211000134 ], [ 37.769088723999971, 9.851441725000143 ], [ 37.760968684000147, 9.851929246000054 ], [ 37.753955623000138, 9.857077113000116 ], [ 37.748529877000067, 9.855939259000138 ], [ 37.748228188000041, 9.84666427500008 ], [ 37.742891812000153, 9.840662288000033 ], [ 37.736004775000083, 9.840794303000052 ], [ 37.730696423000154, 9.844859315000122 ], [ 37.724346388000072, 9.844544327 ], [ 37.710657144000038, 9.842614358000105 ], [ 37.700652080000168, 9.836714383000185 ], [ 37.694565392000186, 9.842702727000017 ], [ 37.685116209, 9.857514409000032 ], [ 37.680392862000076, 9.862317749000113 ], [ 37.666927448000081, 9.85946444800004 ], [ 37.661852758000123, 9.860484457000155 ], [ 37.651584392000188, 9.869109477000052 ], [ 37.641381363000164, 9.882482492000122 ], [ 37.636624343000051, 9.885549500000025 ], [ 37.623566783000058, 9.889039531000037 ], [ 37.618226764000099, 9.893889540000146 ], [ 37.617453612000077, 9.901690871000028 ], [ 37.612827604000074, 9.909410379000121 ], [ 37.599317217000191, 9.917790570000136 ], [ 37.592396684, 9.918764587000169 ], [ 37.589669186000094, 9.926849588000039 ], [ 37.590633204000142, 9.932982585000047 ], [ 37.586934200000144, 9.939397922000182 ], [ 37.574322469000151, 9.941947947000074 ], [ 37.557232403000114, 9.953861312000186 ], [ 37.552929056000096, 9.958554656 ], [ 37.551362415000085, 9.973427987000036 ], [ 37.529236929000092, 9.996176773000059 ], [ 37.519731469000192, 9.99991387700004 ], [ 37.501603865999982, 9.997948083000097 ], [ 37.488545476000127, 10.003044774000159 ], [ 37.483134779000125, 10.003508787000101 ], [ 37.478073764000158, 10.0091831310001 ], [ 37.475749295000128, 10.014938975000121 ], [ 37.461330181000108, 10.01211333100008 ], [ 37.444469594000111, 10.014559267000152 ], [ 37.424354027000106, 10.033786401999976 ], [ 37.398275411999975, 10.046150453000109 ], [ 37.387303329000133, 10.046544061000134 ], [ 37.380399909000062, 10.043098992000125 ], [ 37.373575102000132, 10.042199342000117 ], [ 37.362194709000107, 10.043178533000059 ], [ 37.356983174000106, 10.040231709000125 ], [ 37.34930214700006, 10.011948576000066 ], [ 37.344751172000031, 10.005818236000152 ], [ 37.339302518000011, 10.004518493000148 ], [ 37.329539616000147, 10.00584845200018 ], [ 37.323254586000019, 10.008101796000062 ], [ 37.317822912000054, 10.018050139000138 ], [ 37.305609863000029, 10.02665316000008 ], [ 37.299724525000158, 10.03877516700004 ], [ 37.296539298000084, 10.052849455000171 ], [ 37.287711844000171, 10.062879183000121 ], [ 37.282507821000081, 10.06489119400004 ], [ 37.271640445000116, 10.073638879000043 ], [ 37.261882731000071, 10.076671901000168 ], [ 37.24074594700005, 10.075610279000102 ], [ 37.21331582300013, 10.087907831000109 ], [ 37.195504985000127, 10.104525905000173 ], [ 37.190737458000115, 10.111555897000073 ], [ 37.179776391000075, 10.144378865000022 ], [ 37.167702323000071, 10.16327334600004 ], [ 37.170955666000054, 10.173960838000085 ], [ 37.182522363000089, 10.188005802000077 ], [ 37.193427418000056, 10.206010788000128 ], [ 37.19748743800011, 10.213875782000059 ], [ 37.199896749000061, 10.223296519000144 ], [ 37.195997441000031, 10.230910795000057 ], [ 37.190367745000117, 10.236270790000106 ], [ 37.181811114000141, 10.241264534000095 ], [ 37.174532325000143, 10.243307446000017 ], [ 37.134835455000086, 10.245980758000087 ], [ 37.087101871000186, 10.259494065000013 ], [ 37.078103285000111, 10.263374553000119 ], [ 37.069705347000138, 10.276084058000038 ], [ 37.061839465000162, 10.281734372000187 ], [ 37.050771007000094, 10.283604095000044 ], [ 37.045871990000194, 10.288399330000061 ], [ 37.040094036000141, 10.285358865000092 ], [ 37.013265300000057, 10.28493867300017 ], [ 37.007204940000065, 10.288850184000069 ], [ 36.997104462000152, 10.302968842000098 ], [ 36.97992079900007, 10.314026481000099 ], [ 36.971651231000067, 10.315093348 ], [ 36.964747210000041, 10.311882386999969 ], [ 36.930769963000103, 10.310939978000079 ], [ 36.924635362000117, 10.313794346000179 ], [ 36.919172833000118, 10.314188357000035 ], [ 36.89796121, 10.312848153000118 ], [ 36.888736163000146, 10.31551692000005 ], [ 36.883108434000178, 10.320654680000075 ], [ 36.875821329000019, 10.333769139000083 ], [ 36.869241516000159, 10.340692899000089 ], [ 36.818706523000174, 10.341900383000166 ] ] ] } },
{ "type": "Feature", "properties": { "name": "Oromia" }, "geometry": { "type": "Polygon", "coordinates": [ [ [ 36.224696245000132, 7.484387976000107 ], [ 36.200596399000062, 7.503638852000108 ], [ 36.180886529000134, 7.523599760000025 ], [ 36.156556678000129, 7.542620626000144 ], [ 36.127616857000078, 7.555641226000091 ], [ 36.086947099000156, 7.553891164000049 ], [ 36.062197248000075, 7.557481339 ], [ 36.045067358000097, 7.565481707000117 ], [ 36.03532741700019, 7.572582032000071 ], [ 36.032487444000139, 7.591452878000041 ], [ 36.047127371000101, 7.634324800000059 ], [ 36.051907352000057, 7.653905677000068 ], [ 36.041897424000183, 7.674366604000056 ], [ 36.020557553000117, 7.692017406000105 ], [ 35.997237715999972, 7.745119799000122 ], [ 35.986359087000039, 7.754656940000075 ], [ 35.941628057000059, 7.773921118000089 ], [ 35.922558176000052, 7.786701699000162 ], [ 35.897788331000072, 7.806912618000069 ], [ 35.875058471000159, 7.821793289000027 ], [ 35.859988565000094, 7.829333635000069 ], [ 35.848618632000012, 7.838964073 ], [ 35.851128624000069, 7.847954473000129 ], [ 35.859083629, 7.860137938000037 ], [ 35.874220502000014, 7.875784037000074 ], [ 35.886874435000152, 7.89253824400015 ], [ 35.90242834999998, 7.92620795900001 ], [ 35.905128344000104, 7.946018852000066 ], [ 35.898788394000121, 7.971089973000119 ], [ 35.888038466000069, 8.000521298000137 ], [ 35.872718576000125, 8.058773906 ], [ 35.860868654000171, 8.077234741000098 ], [ 35.816348919000177, 8.082424990999982 ], [ 35.798079023000184, 8.079134846000159 ], [ 35.76576921200018, 8.081234959000142 ], [ 35.753341643000169, 8.067842138000174 ], [ 35.74399414300018, 8.050941897000087 ], [ 35.728003735000129, 8.039569454000173 ], [ 35.722852992000014, 8.022467005000067 ], [ 35.738512741000136, 7.988824024000053 ], [ 35.767412267000168, 7.969112283000072 ], [ 35.771372202000123, 7.962891733000163 ], [ 35.782512014000076, 7.95395093999997 ], [ 35.795271807000063, 7.948020420000091 ], [ 35.799921729000062, 7.940669771000046 ], [ 35.799721733000183, 7.932609052000032 ], [ 35.776066029000106, 7.899170272000163 ], [ 35.762149159000046, 7.882606059000182 ], [ 35.739539285000149, 7.866625353000074 ], [ 35.716439421000075, 7.855474859000083 ], [ 35.703469498000118, 7.85910503100007 ], [ 35.693729554000129, 7.86435527000009 ], [ 35.676419651000117, 7.853464788000167 ], [ 35.666969708000067, 7.844894406000151 ], [ 35.618279986000061, 7.814743066000119 ], [ 35.606221748000166, 7.809577896000178 ], [ 35.589620153000112, 7.808632804000126 ], [ 35.570170268000084, 7.812923003000094 ], [ 35.554630358000054, 7.82021333400013 ], [ 35.544400425000163, 7.83099382 ], [ 35.536210480000079, 7.849384648000068 ], [ 35.530520523000121, 7.879986025999983 ], [ 35.520725584000161, 7.8956067310001 ], [ 35.512180636000153, 7.892346585000155 ], [ 35.504800676000059, 7.884706249000033 ], [ 35.497190718000127, 7.880296048000105 ], [ 35.490230763000056, 7.882566156000166 ], [ 35.474310848000073, 7.873505752000085 ], [ 35.459730937000131, 7.872515717000169 ], [ 35.433531098000174, 7.882756181000161 ], [ 35.428734945000087, 7.880825225000081 ], [ 35.418426955000029, 7.864135241000099 ], [ 35.409488424000187, 7.843360872000119 ], [ 35.400578841000083, 7.829573682000103 ], [ 35.389141341000027, 7.827023693000058 ], [ 35.371991444000059, 7.832473946000107 ], [ 35.358051522000096, 7.84299441800016 ], [ 35.349859201000186, 7.834874142000103 ], [ 35.342029587000184, 7.821368869000082 ], [ 35.340877649000106, 7.776610678000054 ], [ 35.324896698000089, 7.765330942000048 ], [ 35.310801782, 7.760980748000179 ], [ 35.293031884000186, 7.751900344999967 ], [ 35.289885559000027, 7.74723416900008 ], [ 35.275566916000059, 7.74600805200015 ], [ 35.24794388000015, 7.726512071000059 ], [ 35.222732824000161, 7.703102542000181 ], [ 35.220165326000142, 7.680242694000015 ], [ 35.22032125800007, 7.662597221000112 ], [ 35.212324139000032, 7.651496985000051 ], [ 35.172934602000055, 7.654229187000169 ], [ 35.11603360700019, 7.645092153000178 ], [ 35.077095841000073, 7.731005248000145 ], [ 34.995473251000135, 7.747974243000044 ], [ 34.931977556000163, 7.728168627000173 ], [ 34.937111947000119, 7.764793453000038 ], [ 34.932276357999967, 7.827954211000133 ], [ 34.944275153000035, 7.879393290000166 ], [ 34.950686634000022, 7.890286446000175 ], [ 35.00061526900015, 7.862321638000026 ], [ 35.013101335000101, 7.882457938000073 ], [ 35.008480071, 7.923502092000035 ], [ 35.048340566000036, 7.954436467000107 ], [ 35.108557973000188, 7.957113076000155 ], [ 35.141024095000091, 7.989027562000047 ], [ 35.140716397000176, 8.021689461000051 ], [ 35.117936250000184, 8.082588241000167 ], [ 35.089087727000049, 8.113922156000058 ], [ 35.103878786, 8.115117707000138 ], [ 35.143271224000102, 8.142853244000037 ], [ 35.157659299000159, 8.136710000000107 ], [ 35.138131458000089, 8.181827079000016 ], [ 35.118913490000182, 8.200608826000177 ], [ 35.073245997000072, 8.220184827000139 ], [ 35.018258912000078, 8.219643652 ], [ 34.964792083000134, 8.247346959000083 ], [ 34.882584465000093, 8.250930866000033 ], [ 34.855094825000037, 8.250647129000129 ], [ 34.826427111000044, 8.261935566000034 ], [ 34.785803330000135, 8.303639340000018 ], [ 34.795072045999973, 8.326909195999974 ], [ 34.785250433000101, 8.355242661000148 ], [ 34.767639886999973, 8.363379096000017 ], [ 34.728751828000156, 8.390022244000022 ], [ 34.66742669000007, 8.395039591000113 ], [ 34.63033589600019, 8.402000729 ], [ 34.574273499000071, 8.403479556999969 ], [ 34.556526754000117, 8.455134120000082 ], [ 34.522687101000031, 8.475544933000037 ], [ 34.471195893000015, 8.447576749000177 ], [ 34.43635263900012, 8.421774275000075 ], [ 34.347280143000148, 8.376647333000165 ], [ 34.32918745600017, 8.386959562000129 ], [ 34.313296408000042, 8.389928504000125 ], [ 34.31520781800009, 8.406792855000049 ], [ 34.334910708000166, 8.43860618399998 ], [ 34.344057182000029, 8.469241671000191 ], [ 34.357432848000087, 8.499928235000084 ], [ 34.358223376000126, 8.522043527999983 ], [ 34.345471368000176, 8.600099974000102 ], [ 34.312429023000107, 8.682099813000093 ], [ 34.279388977, 8.708837029000108 ], [ 34.255733657000121, 8.70263865700008 ], [ 34.235176567999986, 8.686147335000157 ], [ 34.22351863200015, 8.669767441999966 ], [ 34.189639021000119, 8.651632735000078 ], [ 34.124245703000042, 8.651479982000126 ], [ 34.134406861000059, 8.9625607750001 ], [ 34.430651004000083, 8.967436632000044 ], [ 34.503707991000169, 9.004134039000178 ], [ 34.483666689000188, 9.047145573000023 ], [ 34.458330016000161, 9.073183166000092 ], [ 34.426835009000115, 9.071795454000039 ], [ 34.39326997600017, 9.116329925000059 ], [ 34.340877048000152, 9.168779030000167 ], [ 34.401742184, 9.186634573000049 ], [ 34.439560022000194, 9.215575531000127 ], [ 34.452389509000056, 9.257480946000044 ], [ 34.451728095000078, 9.308702328000038 ], [ 34.46627046499998, 9.365810855000063 ], [ 34.45180644800007, 9.449110630000121 ], [ 34.512974770000142, 9.448000646000139 ], [ 34.498732266000161, 9.514231065999979 ], [ 34.523230916000159, 9.541112503000079 ], [ 34.532142688000192, 9.590564430000029 ], [ 34.548466702999974, 9.629662940000117 ], [ 34.585394227000052, 9.630359738000038 ], [ 34.632014748000188, 9.588021403000027 ], [ 34.685918390000097, 9.563686404000123 ], [ 34.735137544000054, 9.545301779000113 ], [ 34.782986711000035, 9.553331130000061 ], [ 34.792057445000069, 9.603314873999977 ], [ 34.810854103000111, 9.63011872900006 ], [ 34.809960447000037, 9.702241158000106 ], [ 34.796142518000124, 9.736239464999983 ], [ 34.807312914000136, 9.761054017000049 ], [ 34.831665465000015, 9.803115600000126 ], [ 34.854463903000067, 9.816683680999972 ], [ 34.869726977000141, 9.820667072000163 ], [ 34.877076124000098, 9.845435784000131 ], [ 34.892152899000109, 9.864603877000093 ], [ 34.897683516000029, 9.881757181000069 ], [ 34.866795099, 9.902260916000046 ], [ 34.887781453000059, 9.908213967999984 ], [ 34.904420085000083, 9.955878686000119 ], [ 34.92765547700003, 9.93527945600016 ], [ 34.942995979999978, 9.933567317000154 ], [ 34.98818221300013, 9.996766925000031 ], [ 35.015017487000193, 9.995190863000062 ], [ 35.019654361000164, 9.928791940000167 ], [ 35.048513532000129, 9.917741245000059 ], [ 35.08102060900012, 9.921920612000065 ], [ 35.080817089000163, 9.939007724000078 ], [ 35.088341497000101, 9.950488895000092 ], [ 35.159583687000065, 9.948402073000125 ], [ 35.220798401000025, 9.925425696 ], [ 35.222887775000061, 9.910256200000049 ], [ 35.230743591000078, 9.893252214000029 ], [ 35.278471869000157, 9.907078983000133 ], [ 35.297454005000077, 9.922483253000166 ], [ 35.310989362999976, 9.911236665999979 ], [ 35.32469285600007, 9.884796300000062 ], [ 35.349800616000039, 9.866075812000133 ], [ 35.363788997000086, 9.813043185000026 ], [ 35.386891587000036, 9.801893602000064 ], [ 35.408037332000049, 9.794520219000105 ], [ 35.419628528000032, 9.785145035000085 ], [ 35.378831148000074, 9.765406404000032 ], [ 35.383031169000049, 9.758996405000175 ], [ 35.375364654000123, 9.749950717000104 ], [ 35.36508100900005, 9.727466421000145 ], [ 35.368397025000149, 9.719289413000183 ], [ 35.389386521000063, 9.720048720000023 ], [ 35.410766331000161, 9.713677552000092 ], [ 35.455374985000162, 9.672230703000082 ], [ 35.468423574000042, 9.670376197000166 ], [ 35.505106154000089, 9.688702257000159 ], [ 35.533277301000169, 9.690418498000156 ], [ 35.533972316000188, 9.696418494000056 ], [ 35.539392348000092, 9.697638485000027 ], [ 35.553727423000055, 9.696118466000144 ], [ 35.56108746200016, 9.692018451000081 ], [ 35.578517519, 9.665518421 ], [ 35.594427594000081, 9.656038397000088 ], [ 35.624757762000115, 9.651168351000024 ], [ 35.634727814000087, 9.65148833000012 ], [ 35.653437895000025, 9.634928304000027 ], [ 35.650547846000052, 9.613028310000061 ], [ 35.64357966200015, 9.594550314000116 ], [ 35.647491968000168, 9.553310385000032 ], [ 35.67139109600015, 9.517234552000161 ], [ 35.686486869000134, 9.510415440000145 ], [ 35.710760712000138, 9.486771922000173 ], [ 35.731851748000111, 9.481498485000031 ], [ 35.752891093000187, 9.481694207000032 ], [ 35.764992988000074, 9.473350736999976 ], [ 35.777325831000098, 9.440139413999987 ], [ 35.778415380000069, 9.430699023000045 ], [ 35.765921236000167, 9.42760016200009 ], [ 35.754002660000026, 9.416548201000182 ], [ 35.750121341000181, 9.40308330400012 ], [ 35.755178038000111, 9.364788126000064 ], [ 35.749197976000062, 9.348613135000164 ], [ 35.750557958000115, 9.331128127000113 ], [ 35.756747975999986, 9.323638114000062 ], [ 35.773954600000138, 9.324324043000047 ], [ 35.797191691000137, 9.308617540000171 ], [ 35.808452928000065, 9.308875943000146 ], [ 35.859870325000088, 9.324971589000143 ], [ 35.911088774000177, 9.315957987000104 ], [ 35.917871966000064, 9.285639052000136 ], [ 35.930726687000117, 9.267231865000099 ], [ 35.949321024000028, 9.249153646000082 ], [ 35.975413179000157, 9.24290733800018 ], [ 36.031577196000171, 9.23342605900001 ], [ 36.043965147000108, 9.195062900000096 ], [ 36.05361065600016, 9.119437129000119 ], [ 36.034022845000095, 9.107416687000125 ], [ 36.028074519000143, 9.055977324000082 ], [ 36.042449086000147, 9.032177624000155 ], [ 36.042155393000087, 9.015047793000065 ], [ 36.063941576000161, 9.019908036000118 ], [ 36.086545823000165, 9.012616791000028 ], [ 36.096974614000032, 9.032414896000034 ], [ 36.075537254000153, 9.062637626000139 ], [ 36.08417349299998, 9.058420663000163 ], [ 36.094643415000121, 9.06497890300011 ], [ 36.108553458000074, 9.080031575000021 ], [ 36.128686398000184, 9.051117363 ], [ 36.131429030999982, 9.020788201000016 ], [ 36.159633019000182, 9.020659939999973 ], [ 36.167087864000166, 9.027992276000077 ], [ 36.176790550000078, 9.044525228 ], [ 36.225949202000152, 9.030967937000128 ], [ 36.246477824000124, 9.040962060000084 ], [ 36.23580792100006, 9.050946048000128 ], [ 36.207650458000103, 9.067152766000106 ], [ 36.184585928000047, 9.07195168700008 ], [ 36.161473421000039, 9.105351872000085 ], [ 36.171912299000098, 9.10829718500014 ], [ 36.203947895000056, 9.157346813000061 ], [ 36.22892516800016, 9.229031010000085 ], [ 36.226336010000182, 9.27172814000005 ], [ 36.194894703999978, 9.288973481000085 ], [ 36.194597216000091, 9.326289034000183 ], [ 36.205892528000106, 9.35473969200018 ], [ 36.234268717000077, 9.347006928000042 ], [ 36.214586972000063, 9.332416972000033 ], [ 36.21476227, 9.314871306000157 ], [ 36.218373047000057, 9.297118325000042 ], [ 36.253179406000072, 9.30182331200001 ], [ 36.270227608000027, 9.328369870000017 ], [ 36.275117402000149, 9.343833046000157 ], [ 36.289636754000128, 9.321529922000025 ], [ 36.295482496000091, 9.30169163700009 ], [ 36.318996195000068, 9.305850016000136 ], [ 36.326178685000173, 9.330773086000136 ], [ 36.333767936000072, 9.339799325000058 ], [ 36.349261464000165, 9.344891507000057 ], [ 36.374716538000143, 9.358019170000091 ], [ 36.46141108900008, 9.357156935000091 ], [ 36.484109647000025, 9.367867244000081 ], [ 36.475190875000123, 9.394637238000143 ], [ 36.483643934000099, 9.405160159000104 ], [ 36.507265609000115, 9.419345341000167 ], [ 36.514911091000158, 9.444134004000091 ], [ 36.498663554000075, 9.472884584000042 ], [ 36.494429858000103, 9.509365743000046 ], [ 36.461168171000054, 9.528057690000026 ], [ 36.40062950700019, 9.510988321000184 ], [ 36.380307981000101, 9.480480466000074 ], [ 36.355136505000189, 9.494722695000121 ], [ 36.335955124000179, 9.511994007000055 ], [ 36.301025209000102, 9.555515471000035 ], [ 36.266265467000039, 9.568695262000119 ], [ 36.23177701600008, 9.570323043000087 ], [ 36.229136071000141, 9.579825374000166 ], [ 36.200777372000175, 9.614928768000084 ], [ 36.192611702000136, 9.658495492999975 ], [ 36.191865862000043, 9.68787751800005 ], [ 36.177496121000104, 9.701314421000063 ], [ 36.161887956000157, 9.730466683000031 ], [ 36.159057226000073, 9.746936508000033 ], [ 36.143416943000148, 9.757751812000151 ], [ 36.105286613000033, 9.773323643000083 ], [ 36.136471135000079, 9.807447298000056 ], [ 36.128207082000131, 9.852213635000055 ], [ 36.152343448000011, 9.8489314790001 ], [ 36.152193868000097, 9.866363134999972 ], [ 36.134029472000122, 9.915889309000079 ], [ 36.119798732000049, 9.961333164000052 ], [ 36.120648739000103, 9.971573161000094 ], [ 36.139898364000089, 10.009705090000068 ], [ 36.184567068000092, 10.049661314000048 ], [ 36.218924192000088, 10.053212510000094 ], [ 36.258919556000194, 10.078452010000092 ], [ 36.267882755000073, 10.088488737000034 ], [ 36.271892158000071, 10.113087661000179 ], [ 36.332317141000033, 10.13839473400003 ], [ 36.369421904000092, 10.161652776000096 ], [ 36.395273872000189, 10.187097928000071 ], [ 36.416193201000056, 10.216764841000099 ], [ 36.445350893000125, 10.245844166000154 ], [ 36.490912873000184, 10.234268733000079 ], [ 36.515488472000072, 10.2399315400001 ], [ 36.52244132400017, 10.250435702000061 ], [ 36.54507527800007, 10.269258209000043 ], [ 36.549343413000031, 10.278826927000011 ], [ 36.554480933000036, 10.285072005000188 ], [ 36.575847829000111, 10.279235559000085 ], [ 36.574685618000103, 10.264173395000114 ], [ 36.610570507000148, 10.259221846000173 ], [ 36.659690716000171, 10.27704084100003 ], [ 36.692191505000153, 10.296289130000048 ], [ 36.688715418000015, 10.311415593000106 ], [ 36.685399333000191, 10.317595047000168 ], [ 36.685918187000141, 10.323130120000087 ], [ 36.6809025230001, 10.334614838000164 ], [ 36.688146831000154, 10.344998716000134 ], [ 36.69165352300007, 10.357319884000106 ], [ 36.718015600000172, 10.35792214300011 ], [ 36.723517571, 10.360799991000022 ], [ 36.731396567, 10.361351825000042 ], [ 36.745716973000071, 10.3599699130001 ], [ 36.752417379000065, 10.36598423099997 ], [ 36.76175988600005, 10.367309494000096 ], [ 36.766611903000182, 10.362340819000167 ], [ 36.776600381000094, 10.345968642000059 ], [ 36.791959332000147, 10.343385827000134 ], [ 36.798735519000104, 10.337841097000023 ], [ 36.806598428000086, 10.335371293000151 ], [ 36.811815440000089, 10.337275070000032 ], [ 36.817007813000089, 10.341741558000081 ], [ 36.824736483000095, 10.342464167000117 ], [ 36.839610439000126, 10.340801011000167 ], [ 36.869241516000159, 10.340692899000089 ], [ 36.875821329000019, 10.333769139000083 ], [ 36.883108434000178, 10.320654680000075 ], [ 36.888736163000146, 10.31551692000005 ], [ 36.89796121, 10.312848153000118 ], [ 36.919172833000118, 10.314188357000035 ], [ 36.924635362000117, 10.313794346000179 ], [ 36.930769963000103, 10.310939978000079 ], [ 36.964747210000041, 10.311882386999969 ], [ 36.971651231000067, 10.315093348 ], [ 36.97992079900007, 10.314026481000099 ], [ 36.997104462000152, 10.302968842000098 ], [ 37.007204940000065, 10.288850184000069 ], [ 37.013265300000057, 10.28493867300017 ], [ 37.040094036000141, 10.285358865000092 ], [ 37.045871990000194, 10.288399330000061 ], [ 37.050771007000094, 10.283604095000044 ], [ 37.061839465000162, 10.281734372000187 ], [ 37.069705347000138, 10.276084058000038 ], [ 37.078103285000111, 10.263374553000119 ], [ 37.087101871000186, 10.259494065000013 ], [ 37.134835455000086, 10.245980758000087 ], [ 37.174532325000143, 10.243307446000017 ], [ 37.181811114000141, 10.241264534000095 ], [ 37.190367745000117, 10.236270790000106 ], [ 37.195997441000031, 10.230910795000057 ], [ 37.199896749000061, 10.223296519000144 ], [ 37.19748743800011, 10.213875782000059 ], [ 37.182522363000089, 10.188005802000077 ], [ 37.170955666000054, 10.173960838000085 ], [ 37.167702323000071, 10.16327334600004 ], [ 37.179776391000075, 10.144378865000022 ], [ 37.190737458000115, 10.111555897000073 ], [ 37.195504985000127, 10.104525905000173 ], [ 37.21331582300013, 10.087907831000109 ], [ 37.220499518000054, 10.083913318999976 ], [ 37.24074594700005, 10.075610279000102 ], [ 37.261882731000071, 10.076671901000168 ], [ 37.271640445000116, 10.073638879000043 ], [ 37.282507821000081, 10.06489119400004 ], [ 37.287711844000171, 10.062879183000121 ], [ 37.296539298000084, 10.052849455000171 ], [ 37.299724525000158, 10.03877516700004 ], [ 37.305609863000029, 10.02665316000008 ], [ 37.317822912000054, 10.018050139000138 ], [ 37.323254586000019, 10.008101796000062 ], [ 37.339302518000011, 10.004518493000148 ], [ 37.344751172000031, 10.005818236000152 ], [ 37.34930214700006, 10.011948576000066 ], [ 37.356983174000106, 10.040231709000125 ], [ 37.362194709000107, 10.043178533000059 ], [ 37.373575102000132, 10.042199342000117 ], [ 37.380399909000062, 10.043098992000125 ], [ 37.387303329000133, 10.046544061000134 ], [ 37.398275411999975, 10.046150453000109 ], [ 37.424354027000106, 10.033786401999976 ], [ 37.444469594000111, 10.014559267000152 ], [ 37.461330181000108, 10.01211333100008 ], [ 37.475749295000128, 10.014938975000121 ], [ 37.478073764000158, 10.0091831310001 ], [ 37.483134779000125, 10.003508787000101 ], [ 37.488545476000127, 10.003044774000159 ], [ 37.501603865999982, 9.997948083000097 ], [ 37.519731469000192, 9.99991387700004 ], [ 37.529236929000092, 9.996176773000059 ], [ 37.551362415000085, 9.973427987000036 ], [ 37.552929056000096, 9.958554656 ], [ 37.557232403000114, 9.953861312000186 ], [ 37.574322469000151, 9.941947947000074 ], [ 37.586934200000144, 9.939397922000182 ], [ 37.590633204000142, 9.932982585000047 ], [ 37.589669186000094, 9.926849588000039 ], [ 37.592396684, 9.918764587000169 ], [ 37.599317217000191, 9.917790570000136 ], [ 37.612827604000074, 9.909410379000121 ], [ 37.617453612000077, 9.901690871000028 ], [ 37.618226764000099, 9.893889540000146 ], [ 37.623566783000058, 9.889039531000037 ], [ 37.636624343000051, 9.885549500000025 ], [ 37.641381363000164, 9.882482492000122 ], [ 37.651584392000188, 9.869109477000052 ], [ 37.661852758000123, 9.860484457000155 ], [ 37.666927448000081, 9.85946444800004 ], [ 37.680392862000076, 9.862317749000113 ], [ 37.685116209, 9.857514409000032 ], [ 37.694565392000186, 9.842702727000017 ], [ 37.700652080000168, 9.836714383000185 ], [ 37.710657144000038, 9.842614358000105 ], [ 37.724346388000072, 9.844544327 ], [ 37.730696423000154, 9.844859315000122 ], [ 37.736004775000083, 9.840794303000052 ], [ 37.742891812000153, 9.840662288000033 ], [ 37.748228188000041, 9.84666427500008 ], [ 37.748529877000067, 9.855939259000138 ], [ 37.753955623000138, 9.857077113000116 ], [ 37.760968684000147, 9.851929246000054 ], [ 37.769088723999971, 9.851441725000143 ], [ 37.774592017000145, 9.856502211000134 ], [ 37.800583501000062, 9.861824149000142 ], [ 37.80699187700003, 9.865290796000181 ], [ 37.816021511000031, 9.867150363000121 ], [ 37.823254017000181, 9.873890709000023 ], [ 37.830822381000189, 9.884637571000155 ], [ 37.836414116000014, 9.887891808000063 ], [ 37.842680721000136, 9.896703164000087 ], [ 37.848416253000039, 9.89757802600019 ], [ 37.855936372000087, 9.895941178000101 ], [ 37.859221566000087, 9.900221250000186 ], [ 37.860390935000169, 9.912788657000078 ], [ 37.864462584000137, 9.912861637000049 ], [ 37.869932308000102, 9.907533973000113 ], [ 37.874460673000044, 9.911163960000181 ], [ 37.875928694000095, 9.916305954000052 ], [ 37.880155013000092, 9.921508226000071 ], [ 37.893029142000159, 9.927258909000045 ], [ 37.901391277000016, 9.9303743050001 ], [ 37.909325902000091, 9.930448536000085 ], [ 37.923404941000172, 9.914747847000172 ], [ 37.93007431000018, 9.914587167000036 ], [ 37.935078513000065, 9.918986318000123 ], [ 37.935321745000124, 9.925963099000171 ], [ 37.930787682000016, 9.930517155000189 ], [ 37.932837886000186, 9.941279304999966 ], [ 37.938744691000181, 9.944079796000153 ], [ 37.95193574700005, 9.938396570000123 ], [ 37.957067176000123, 9.938637757000095 ], [ 37.978418396000166, 9.949081703000047 ], [ 37.993421392000187, 9.949085918000094 ], [ 38.008454708999977, 9.964134820000027 ], [ 38.016012429000057, 9.966778481 ], [ 38.02558220800006, 9.96831218300008 ], [ 38.033875649000151, 9.967522421000126 ], [ 38.043585946, 9.969779788000096 ], [ 38.04811374000019, 9.981532249000054 ], [ 38.059931978000179, 9.981803496 ], [ 38.06431588200013, 9.997895474000075 ], [ 38.069796920000158, 10.001523961000032 ], [ 38.081207972000186, 10.00217543399998 ], [ 38.082708503000049, 10.007513927000048 ], [ 38.080279709000024, 10.015223327 ], [ 38.087563260000024, 10.020250808000071 ], [ 38.094081094000046, 10.020217393000053 ], [ 38.100720679000062, 10.022257194000133 ], [ 38.11312885100017, 10.015991517000145 ], [ 38.118277216000081, 10.01775053700004 ], [ 38.117089557000099, 10.023617337000132 ], [ 38.118326909000189, 10.028991664000102 ], [ 38.125302690000126, 10.043157056000155 ], [ 38.130939688000069, 10.047449623000091 ], [ 38.136950886000079, 10.047414026000126 ], [ 38.142158153000025, 10.043251766000139 ], [ 38.145129029000032, 10.03668688800019 ], [ 38.150565228000119, 10.035121651000054 ], [ 38.16035400200019, 10.044102222000163 ], [ 38.167339535000053, 10.046083701999976 ], [ 38.169906568000101, 10.050658695000095 ], [ 38.170611389000101, 10.05775259 ], [ 38.176628260000086, 10.063105421000159 ], [ 38.184300933000145, 10.066836900999988 ], [ 38.203744824000182, 10.081783095000105 ], [ 38.216389899000092, 10.086364262000188 ], [ 38.221974445000114, 10.092252544000132 ], [ 38.240426651000064, 10.102633868000055 ], [ 38.247788605000096, 10.101949476000073 ], [ 38.251519728000176, 10.096478969000145 ], [ 38.252375598000128, 10.088427973000137 ], [ 38.258109789000173, 10.087652959000138 ], [ 38.271760707000055, 10.09180042600002 ], [ 38.280773253000064, 10.090926903000138 ], [ 38.286125774000027, 10.088537890999987 ], [ 38.295274989000177, 10.089247869000133 ], [ 38.300353366000024, 10.095405351000124 ], [ 38.302266728000063, 10.103446173 ], [ 38.308600941, 10.107952823000062 ], [ 38.321809506000193, 10.107186793999972 ], [ 38.326517508000165, 10.114547729000037 ], [ 38.323713225000063, 10.123433777 ], [ 38.325961926000048, 10.133119432000171 ], [ 38.333319679000169, 10.151362734000088 ], [ 38.340049563000093, 10.156221874000153 ], [ 38.348278775000097, 10.158841026000118 ], [ 38.354075465000108, 10.155074349000131 ], [ 38.357013805000065, 10.150842677000128 ], [ 38.358061014999976, 10.144311013000049 ], [ 38.366302158, 10.140485495000121 ], [ 38.375631208000073, 10.14035463800019 ], [ 38.397499996000136, 10.144277914999975 ], [ 38.400936694000052, 10.148641903000112 ], [ 38.402055248000067, 10.154705364000108 ], [ 38.406310336000047, 10.160372298000027 ], [ 38.425724645000173, 10.171756064000078 ], [ 38.425893983000151, 10.177830737000079 ], [ 38.421050215000093, 10.180752498000174 ], [ 38.430043544000171, 10.193132966000121 ], [ 38.41939135500013, 10.213229645000126 ], [ 38.419384806000039, 10.219846971000038 ], [ 38.424174337000125, 10.222707461000084 ], [ 38.430718196000043, 10.231622436000066 ], [ 38.448073008000165, 10.240251887000056 ], [ 38.454191224000112, 10.246689368000091 ], [ 38.455336517000092, 10.2611353530001 ], [ 38.462671906000139, 10.267672455000081 ], [ 38.457868668000117, 10.28200929000019 ], [ 38.460067299000059, 10.28997032 ], [ 38.472529056000042, 10.291804716000115 ], [ 38.466090771000154, 10.305224893000172 ], [ 38.467923962000043, 10.31109028100019 ], [ 38.473721502000103, 10.314608434000036 ], [ 38.475065384000118, 10.330666752000184 ], [ 38.481201353000188, 10.344366625000134 ], [ 38.479540211000085, 10.351125974000126 ], [ 38.47608955600009, 10.356225629000107 ], [ 38.476676643000133, 10.363259946000085 ], [ 38.483491186000037, 10.365448870000023 ], [ 38.50284261600018, 10.363264156000071 ], [ 38.523782947000029, 10.36780989000016 ], [ 38.53439304200009, 10.366504696000163 ], [ 38.541154505000122, 10.370294047000073 ], [ 38.560209328000099, 10.375922873000036 ], [ 38.565961678000178, 10.374313584 ], [ 38.577968382000108, 10.377172751000046 ], [ 38.592112450000116, 10.37438608400015 ], [ 38.604663884000161, 10.37460028400011 ], [ 38.623847379000154, 10.3783499970001 ], [ 38.630276588000186, 10.382174811000027 ], [ 38.656484954000064, 10.373610750000125 ], [ 38.664156367000032, 10.372755606000055 ], [ 38.671344033000025, 10.374095110000042 ], [ 38.676015733000042, 10.37742002900012 ], [ 38.68230453200016, 10.379040964000183 ], [ 38.697399984000185, 10.379391839000164 ], [ 38.7126352840001, 10.386869343000171 ], [ 38.738243772000089, 10.385626615000035 ], [ 38.746122051000157, 10.383746507000069 ], [ 38.761233883000102, 10.375586974000043 ], [ 38.772146040000166, 10.366160703 ], [ 38.790692305000164, 10.366524404000188 ], [ 38.806468477000067, 10.368835610000076 ], [ 38.815645262000032, 10.364320465000162 ], [ 38.845728709000014, 10.361023596000166 ], [ 38.845066556000063, 10.354761937000148 ], [ 38.853233875000171, 10.333777266000141 ], [ 38.855678282000042, 10.294737793000024 ], [ 38.859468653000192, 10.286027665 ], [ 38.860843744000192, 10.277980931 ], [ 38.844580870000186, 10.25606710500017 ], [ 38.844449006000104, 10.250652760000094 ], [ 38.847628605000011, 10.244327023000096 ], [ 38.835273491000066, 10.22573390600013 ], [ 38.832683441000142, 10.212113422000073 ], [ 38.833672259000082, 10.203954760000045 ], [ 38.838099182000178, 10.19806416900019 ], [ 38.834399029000167, 10.179244778000111 ], [ 38.833744314000114, 10.161852710000119 ], [ 38.839206808000142, 10.148952456000131 ], [ 38.844322655000042, 10.14430778100018 ], [ 38.847218571000042, 10.138735194000162 ], [ 38.84858978900013, 10.123890452000069 ], [ 38.852601234000133, 10.118053021000151 ], [ 38.84260955200017, 10.109924813000134 ], [ 38.839087882000115, 10.114398149000067 ], [ 38.829000151000059, 10.109663512999987 ], [ 38.82361609700007, 10.109681501000068 ], [ 38.810943160000193, 10.094408716000032 ], [ 38.805298457000049, 10.093496569000138 ], [ 38.799528450000025, 10.090274104000059 ], [ 38.791977126000177, 10.089359859000183 ], [ 38.777264958000046, 10.082801640000127 ], [ 38.764947802000165, 10.070805042000131 ], [ 38.757922317, 10.068251705000023 ], [ 38.751243963999968, 10.063330500000063 ], [ 38.740982208000048, 10.061087590000113 ], [ 38.733852189000118, 10.05632846400016 ], [ 38.721357446000013, 10.051443834000111 ], [ 38.70565883900008, 10.053001850000044 ], [ 38.701460338000061, 10.049361887000089 ], [ 38.695724, 10.050900488000082 ], [ 38.688685274000193, 10.050231917000133 ], [ 38.662665134000179, 10.057361952 ], [ 38.657235115000049, 10.051451997000186 ], [ 38.660483453000097, 10.045468660000097 ], [ 38.660815087000174, 10.033812000000182 ], [ 38.669499095000162, 10.019171988000153 ], [ 38.673815107, 10.015149482000027 ], [ 38.681117141000072, 10.013423967000165 ], [ 38.686490153000193, 10.008004733000121 ], [ 38.694117194000171, 10.007819936000033 ], [ 38.709850248000066, 9.998393987000043 ], [ 38.718622289000109, 9.996016882999982 ], [ 38.725445310000055, 9.991341868000177 ], [ 38.733573357000125, 9.992879847000154 ], [ 38.74024204400007, 9.987528502000146 ], [ 38.752125432000071, 9.984718474000147 ], [ 38.75805634, 9.980672016000028 ], [ 38.764877686000091, 9.980644976000065 ], [ 38.771217387000149, 9.978101136000078 ], [ 38.779325189000076, 9.982384738000121 ], [ 38.784755181000094, 9.978342527999985 ], [ 38.789601590000075, 9.971902095000132 ], [ 38.796867758000189, 9.96772484700017 ], [ 38.800570287000028, 9.962196032 ], [ 38.802667275000147, 9.953555034000033 ], [ 38.801425563000066, 9.946511681 ], [ 38.797322213000029, 9.940775058000099 ], [ 38.796395525000094, 9.933715064000182 ], [ 38.79782384900011, 9.927783397000098 ], [ 38.801332186000081, 9.922175059999972 ], [ 38.802462994, 9.909464233000165 ], [ 38.795969984000124, 9.88906411500011 ], [ 38.790852865000147, 9.882626782000159 ], [ 38.803028846000132, 9.86211411000005 ], [ 38.808356165000077, 9.835316770000077 ], [ 38.807775707000019, 9.819546366000168 ], [ 38.81369528800019, 9.806201778 ], [ 38.818226617, 9.802729966000186 ], [ 38.821505269000056, 9.784497606000116 ], [ 38.828900269000144, 9.769105514000046 ], [ 38.840262793000022, 9.75700924400013 ], [ 38.858487022000077, 9.744935040000144 ], [ 38.866542034000076, 9.733633362000091 ], [ 38.896749111000133, 9.714293416999965 ], [ 38.909342186000174, 9.70873160400015 ], [ 38.917753296000171, 9.71152540300011 ], [ 38.928162320000013, 9.725091544000179 ], [ 38.934733068000128, 9.727943276000076 ], [ 38.940269714000124, 9.725163848000136 ], [ 38.953816753000012, 9.713805489000094 ], [ 38.960252750999985, 9.710757137000144 ], [ 38.959099790999971, 9.718518472000085 ], [ 38.95271846300011, 9.732682811000075 ], [ 38.952088058000072, 9.738662725000154 ], [ 38.964139393000039, 9.749053772000025 ], [ 38.967947351000191, 9.756165535000036 ], [ 38.974420311000188, 9.761105070000099 ], [ 38.980758462000153, 9.751982071000157 ], [ 38.990104350000024, 9.745970874000079 ], [ 39.012200041000085, 9.752203313000166 ], [ 39.016590379000036, 9.757725298000082 ], [ 39.023616714000127, 9.757856779 ], [ 39.030573243000049, 9.755483930000082 ], [ 39.03496885800007, 9.752804655000148 ], [ 39.036000521000062, 9.747013346000131 ], [ 39.050451669999973, 9.753436381000029 ], [ 39.068875885000068, 9.752956417000121 ], [ 39.07653697, 9.754583894 ], [ 39.082092003000184, 9.75697829700016 ], [ 39.087110289000123, 9.761510614000088 ], [ 39.092213444000038, 9.763080850000165 ], [ 39.101773470000182, 9.755054706000067 ], [ 39.104532009000081, 9.748596004000035 ], [ 39.097403997000072, 9.743819908000091 ], [ 39.097686024000041, 9.73544210600005 ], [ 39.10960357600004, 9.732476078000104 ], [ 39.116999520000036, 9.733276837 ], [ 39.122691446000033, 9.73494024200005 ], [ 39.133470717000137, 9.741385676000107 ], [ 39.139302682000107, 9.740658277000023 ], [ 39.143037324000034, 9.735316459000046 ], [ 39.144895907000091, 9.728643156000032 ], [ 39.144327574000044, 9.720709426000155 ], [ 39.147743968999976, 9.715357992000065 ], [ 39.145955734000097, 9.70844044 ], [ 39.145374471000025, 9.693345943000168 ], [ 39.155690855000103, 9.688694825000084 ], [ 39.16178271900003, 9.688778226000125 ], [ 39.166267251000136, 9.692684129000099 ], [ 39.174227379000115, 9.694849772000111 ], [ 39.178634945000113, 9.689287075000038 ], [ 39.184024695000176, 9.685757296000133 ], [ 39.184172578000073, 9.720062338999981 ], [ 39.197351785000137, 9.716352590000099 ], [ 39.200125532000186, 9.708735719 ], [ 39.204894644000092, 9.706556352000121 ], [ 39.208636507000165, 9.710909938000043 ], [ 39.211392605000128, 9.704746635 ], [ 39.216750541000067, 9.708398152000086 ], [ 39.223495732000117, 9.705209304 ], [ 39.228063057000099, 9.693712076000168 ], [ 39.23280876299998, 9.69916128300008 ], [ 39.239024934000156, 9.702390966000053 ], [ 39.244772662, 9.701821501000097 ], [ 39.249905994000017, 9.704906936000043 ], [ 39.260049558000162, 9.729310192000185 ], [ 39.268117776000167, 9.739742061000072 ], [ 39.280391628000189, 9.733186717000024 ], [ 39.287584113000094, 9.733964613000069 ], [ 39.291740805000131, 9.74513298700009 ], [ 39.297855516000084, 9.748032986000169 ], [ 39.30809898900003, 9.744016390000183 ], [ 39.313349592000066, 9.731436754000072 ], [ 39.320450965000134, 9.724124522000125 ], [ 39.328772035999975, 9.72436790900008 ], [ 39.341784939000149, 9.727459945000135 ], [ 39.34671639000004, 9.725141529000155 ], [ 39.340762895000125, 9.717095345000189 ], [ 39.338028522000116, 9.710214133000136 ], [ 39.339346295000155, 9.703918864000173 ], [ 39.344486328000073, 9.699004271000092 ], [ 39.364135159, 9.701451828000188 ], [ 39.37011478900007, 9.699377299000048 ], [ 39.369723807000071, 9.689567241000134 ], [ 39.360979105000183, 9.68027947600001 ], [ 39.371299046000104, 9.669967687999986 ], [ 39.368184991000078, 9.663033065000093 ], [ 39.36213104, 9.661528836000059 ], [ 39.357750507000048, 9.656863755000131 ], [ 39.352048529000058, 9.622053936999976 ], [ 39.354392020000091, 9.617683390000138 ], [ 39.361687794000147, 9.618915774000129 ], [ 39.375453967000055, 9.629229868000152 ], [ 39.3858586610001, 9.630821438000055 ], [ 39.388819113000125, 9.615740414000129 ], [ 39.385307603000172, 9.610724820000087 ], [ 39.384189058000061, 9.602902185000062 ], [ 39.379662509000127, 9.596266459999981 ], [ 39.373358609000036, 9.592027721000022 ], [ 39.373251493000055, 9.582892380000089 ], [ 39.377930203000119, 9.580163790000086 ], [ 39.378527472000087, 9.573092503000055 ], [ 39.376473449, 9.567334510000137 ], [ 39.372623652000073, 9.56403799300017 ], [ 39.360604479000131, 9.54606323600018 ], [ 39.352845787000149, 9.54920158800013 ], [ 39.341400900000053, 9.545392053000171 ], [ 39.329693778000035, 9.526557331000163 ], [ 39.32294279100006, 9.525733537 ], [ 39.312939889000177, 9.535559958000135 ], [ 39.302133469000125, 9.52269657 ], [ 39.302544087000172, 9.511996460000034 ], [ 39.305191574999981, 9.505244059000063 ], [ 39.293621870999971, 9.500593268000102 ], [ 39.294095184000184, 9.491740781000146 ], [ 39.301063538000108, 9.487787432000175 ], [ 39.305529359000047, 9.473743262000028 ], [ 39.309691863000012, 9.46768075600005 ], [ 39.314850219000164, 9.467004079000105 ], [ 39.338567022000063, 9.474780677000183 ], [ 39.343777039000088, 9.472300666000081 ], [ 39.350387071000057, 9.471960648000163 ], [ 39.355617100000188, 9.474233966000156 ], [ 39.363082137000106, 9.473860614000159 ], [ 39.375070510000057, 9.467057258000182 ], [ 39.376923534000071, 9.463288481000177 ], [ 39.373340476000067, 9.457993935000161 ], [ 39.37274111000005, 9.44683061000012 ], [ 39.378400471000134, 9.446080598000037 ], [ 39.38790094400008, 9.449784319000173 ], [ 39.393927236000081, 9.455048550000072 ], [ 39.411252300000058, 9.447480510000048 ], [ 39.430325357000129, 9.433876471000076 ], [ 39.447705766000126, 9.432491261 ], [ 39.449322423000069, 9.425273760000152 ], [ 39.447632372000101, 9.418805413000086 ], [ 39.443087363000188, 9.414380454000138 ], [ 39.449567369000079, 9.404710445000035 ], [ 39.453874523000081, 9.401201864000086 ], [ 39.452242330000161, 9.393915417000187 ], [ 39.445643121000103, 9.383906186000047 ], [ 39.44048497100016, 9.381389617000139 ], [ 39.425936339000032, 9.379415034999965 ], [ 39.420409205000169, 9.371451719000106 ], [ 39.411885922000067, 9.374450564000028 ], [ 39.403867557000183, 9.380437388000132 ], [ 39.394851937000112, 9.391904538000176 ], [ 39.376283725000121, 9.383954929000083 ], [ 39.373014457000181, 9.375739299000145 ], [ 39.356705941000143, 9.369031534000158 ], [ 39.346683843999983, 9.378506033000065 ], [ 39.337155518000145, 9.380507842999975 ], [ 39.325117202000115, 9.380519217000028 ], [ 39.320095235000167, 9.374048143000039 ], [ 39.319585813000117, 9.365580384000054 ], [ 39.306545273000097, 9.366090126000131 ], [ 39.303025935000051, 9.356628683000054 ], [ 39.292988364000053, 9.349165239000172 ], [ 39.291469046000145, 9.331731852000019 ], [ 39.285437568000077, 9.315796503000058 ], [ 39.278281597000102, 9.312249715 ], [ 39.264416277000066, 9.324190917000067 ], [ 39.266205776000049, 9.288451741000074 ], [ 39.284730547000095, 9.27753734300012 ], [ 39.266168844000049, 9.244486984000105 ], [ 39.260424441000168, 9.250324625000076 ], [ 39.233662219000109, 9.293612357000029 ], [ 39.207188084000109, 9.291940727999986 ], [ 39.177743712000165, 9.271073861 ], [ 39.194086784000035, 9.252412850000098 ], [ 39.199743126000158, 9.249969509000152 ], [ 39.213682513000037, 9.228121843999986 ], [ 39.188588721000144, 9.209260135000022 ], [ 39.214637411000183, 9.173379248000117 ], [ 39.233676833000061, 9.157924935000153 ], [ 39.249522225000192, 9.135586015000115 ], [ 39.294126330000097, 9.149269342000082 ], [ 39.323169034000045, 9.14878646000011 ], [ 39.320164556000123, 9.140222525000013 ], [ 39.328844038000113, 9.137206135000042 ], [ 39.348602913999969, 9.088063156000089 ], [ 39.348468864000097, 9.076579679000019 ], [ 39.35420909000004, 9.070741290000058 ], [ 39.357012271000087, 9.062080326 ], [ 39.347025586000029, 9.064174540000067 ], [ 39.315299487, 9.060227243000099 ], [ 39.296751314, 9.053268940000123 ], [ 39.288188371000047, 8.9989783850001 ], [ 39.269635275000041, 8.980561282999986 ], [ 39.258599611000193, 8.962636107000151 ], [ 39.26538142600009, 8.922385056000167 ], [ 39.259082359000161, 8.910017081000092 ], [ 39.241015087000051, 8.888922484000091 ], [ 39.23749115600009, 8.862024795000082 ], [ 39.260523305, 8.85055186600016 ], [ 39.265526457000078, 8.843076076000159 ], [ 39.243985598000108, 8.836614986000029 ], [ 39.243854955000018, 8.8276813 ], [ 39.254487030000178, 8.813194945000021 ], [ 39.271993109000107, 8.783044547000088 ], [ 39.272982659000093, 8.766853948000062 ], [ 39.261952115000099, 8.74693588100007 ], [ 39.270448014000067, 8.724513068000135 ], [ 39.28581489000004, 8.71779125300003 ], [ 39.298982556000055, 8.718513632000054 ], [ 39.305306773000098, 8.721725774000049 ], [ 39.324542076000114, 8.746886870000026 ], [ 39.331546789000186, 8.740902973000061 ], [ 39.342048858, 8.726945429000011 ], [ 39.361069288000124, 8.72094988900011 ], [ 39.377101170000174, 8.730897078000055 ], [ 39.373632388000033, 8.766766981999979 ], [ 39.374646972000164, 8.779717721000111 ], [ 39.378164, 8.791171490000067 ], [ 39.386184200000116, 8.798635429000058 ], [ 39.405485663000093, 8.80996092100014 ], [ 39.417751568000085, 8.814541965000103 ], [ 39.431244769000159, 8.79011773600007 ], [ 39.43973125500014, 8.767691543000012 ], [ 39.449226619000115, 8.752237944000115 ], [ 39.470243519000178, 8.741751308000175 ], [ 39.492252683000117, 8.725284609000084 ], [ 39.50075019000019, 8.714812531000121 ], [ 39.533776130000035, 8.757960639000089 ], [ 39.551786236000169, 8.768750596000189 ], [ 39.561986771000136, 8.817839618000164 ], [ 39.591500282000084, 8.796872673000053 ], [ 39.617022723000161, 8.786868968000022 ], [ 39.634068651000121, 8.79879552400007 ], [ 39.650100091000127, 8.80275302400014 ], [ 39.66213722700013, 8.813192484000069 ], [ 39.679168335000099, 8.815652545000148 ], [ 39.716727868000135, 8.816080567000029 ], [ 39.733277203000114, 8.826240115000076 ], [ 39.731332700000053, 8.844191349000141 ], [ 39.736884188000033, 8.857209494000188 ], [ 39.738497455000015, 8.872060636000072 ], [ 39.748012874000153, 8.910277915000165 ], [ 39.746512058000121, 9.00975989300008 ], [ 39.746161200000074, 9.015260697000087 ], [ 39.741155712000136, 9.023024694000071 ], [ 39.740242244000058, 9.039542641000139 ], [ 39.746167469000113, 9.05515718900017 ], [ 39.747495818000175, 9.063134944000069 ], [ 39.742452111000034, 9.091257804000122 ], [ 39.763918031000117, 9.095129858 ], [ 39.793804393000073, 9.112743744000056 ], [ 39.797130838000044, 9.121466700000099 ], [ 39.801961832000075, 9.12605138300006 ], [ 39.807734578000066, 9.135445119000167 ], [ 39.849008538000078, 9.138129605000074 ], [ 39.877658687000121, 9.144729525000059 ], [ 39.898418767000067, 9.138939472000175 ], [ 39.909018797000158, 9.131799454000031 ], [ 39.915608737000071, 9.097339463000139 ], [ 39.91874867000007, 9.068409475000124 ], [ 39.928398676000029, 9.054149459000087 ], [ 39.94245872800019, 9.047689431000094 ], [ 39.951868717000139, 9.029989418000071 ], [ 39.947628630000054, 9.00359944700017 ], [ 39.968168722000087, 9.003559392000113 ], [ 39.999558877000027, 9.007159309000031 ], [ 40.021928961000128, 9.002279258000101 ], [ 40.034819002000063, 8.994449229000168 ], [ 40.047459013999969, 8.977889205000054 ], [ 40.051098990000071, 8.96135920800009 ], [ 40.043878907000135, 8.942319245000078 ], [ 40.036618778000104, 8.906529287000183 ], [ 40.019268652000051, 8.889129347000051 ], [ 40.01091856700009, 8.87077937700019 ], [ 40.010408527000152, 8.856089392000058 ], [ 40.024218561000055, 8.845049361000065 ], [ 40.040348623000114, 8.841109322000136 ], [ 40.051188669000112, 8.840629298000181 ], [ 40.06695374800006, 8.843969253000068 ], [ 40.080968830000074, 8.851349213000162 ], [ 40.094496917000185, 8.86216516900015 ], [ 40.120539126000097, 8.895779080000011 ], [ 40.152249361000088, 8.931958967000128 ], [ 40.169889522000062, 8.96449889600018 ], [ 40.187459629000159, 8.97431884100007 ], [ 40.222329819000151, 8.987748737000175 ], [ 40.23780991000018, 8.99733868800007 ], [ 40.242259974000092, 9.013158659000112 ], [ 40.246030052000151, 9.035408635000067 ], [ 40.244270101000097, 9.055598623000094 ], [ 40.245500161000052, 9.074868599000013 ], [ 40.254310228000065, 9.086078568 ], [ 40.30061055200008, 9.128138409000087 ], [ 40.327020742, 9.154658312000095 ], [ 40.369531111000072, 9.218268139000145 ], [ 40.408121459000029, 9.28118796900003 ], [ 40.425771605000079, 9.304277894999984 ], [ 40.47102194900009, 9.354757718000087 ], [ 40.49882213300009, 9.375047621000135 ], [ 40.528412291000052, 9.385457529000064 ], [ 40.605962653000176, 9.391047300000082 ], [ 40.635972799000058, 9.395947209000042 ], [ 40.659552928000039, 9.404307129000074 ], [ 40.675543034000043, 9.417517067000063 ], [ 40.688893157000166, 9.438357002000146 ], [ 40.693560753000042, 9.444382942000118 ], [ 40.698563231000037, 9.447646965999979 ], [ 40.71953330700012, 9.443876908000163 ], [ 40.783223598000063, 9.447886716000085 ], [ 40.815763756000194, 9.452736614000116 ], [ 40.842363908000038, 9.463586528000064 ], [ 40.862183991000109, 9.463016470000127 ], [ 40.889994069000011, 9.448646402000065 ], [ 40.917524111000034, 9.421836350000149 ], [ 40.92751409900012, 9.405136336 ], [ 40.913854017000176, 9.397196392000126 ], [ 40.891213899000093, 9.389536466000152 ], [ 40.858223742000064, 9.385366568000109 ], [ 40.828063631000134, 9.393096648000039 ], [ 40.797643508000192, 9.395556737000106 ], [ 40.788823447000027, 9.386896769000145 ], [ 40.79262340300005, 9.367396777000181 ], [ 40.80851335300008, 9.32675677900005 ], [ 40.812563326000088, 9.310926782000081 ], [ 40.824753361000148, 9.305356758000187 ], [ 40.844103443000165, 9.3047967010001 ], [ 40.874103588000025, 9.309446605000119 ], [ 40.902963734000139, 9.318216515000074 ], [ 40.926973855000142, 9.323126437999974 ], [ 40.953554005000115, 9.335576340000159 ], [ 40.970714125000086, 9.35150627600018 ], [ 41.014074331000188, 9.357206139000027 ], [ 41.030084447000092, 9.372456071000101 ], [ 41.056484617000081, 9.391065970000056 ], [ 41.083544768000024, 9.404415874999984 ], [ 41.145445100000074, 9.42462566100005 ], [ 41.170455255000036, 9.441405560000135 ], [ 41.19480542600013, 9.462295465000068 ], [ 41.219885617000045, 9.490715353000041 ], [ 41.239315729000111, 9.498795281000127 ], [ 41.252250787000094, 9.500380239000151 ], [ 41.26755585300009, 9.499365192000084 ], [ 41.279675905000147, 9.501535149000176 ], [ 41.308696037000175, 9.503075062000107 ], [ 41.336496130000114, 9.494634984000072 ], [ 41.393086338000103, 9.485754821000114 ], [ 41.432616474000042, 9.475854707000053 ], [ 41.47903661800018, 9.460024588000067 ], [ 41.490966655000079, 9.45742454700013 ], [ 41.522066872000153, 9.485324414000104 ], [ 41.540606997000054, 9.499584337000044 ], [ 41.564157121999983, 9.506944249000071 ], [ 41.642597468000076, 9.515143991000116 ], [ 41.654157407000071, 9.481234004000044 ], [ 41.670197435000148, 9.470633967000083 ], [ 41.702277556000126, 9.466653867000105 ], [ 41.721947641000042, 9.467533805000073 ], [ 41.734617702000037, 9.471483758000147 ], [ 41.754527826000015, 9.484573675000092 ], [ 41.772997927000119, 9.49105360700014 ], [ 41.792547997000156, 9.489513541000065 ], [ 41.815198051000039, 9.476743490000104 ], [ 41.838678148000042, 9.477913414000113 ], [ 41.859708268000134, 9.48801333 ], [ 41.913378429000034, 9.472463175000087 ], [ 41.938748556000121, 9.479543086000149 ], [ 41.982523831000037, 9.508492896 ], [ 41.995358876000182, 9.506462857000031 ], [ 42.019098978000159, 9.508172774 ], [ 42.031719010000018, 9.504402737000078 ], [ 42.043909045000134, 9.498312706000092 ], [ 42.052139050000108, 9.49195269400019 ], [ 42.067614055000035, 9.474807665000071 ], [ 42.074771083000144, 9.473716646000128 ], [ 42.081059154000059, 9.488162599000191 ], [ 42.09625926300015, 9.501312526000106 ], [ 42.109679332000042, 9.507962472000031 ], [ 42.138899537000157, 9.53469233300018 ], [ 42.152599667000061, 9.556372258000124 ], [ 42.146129695000127, 9.570632250000131 ], [ 42.13340968100016, 9.582492279000121 ], [ 42.127849717, 9.598372269000038 ], [ 42.124859761000096, 9.61452225000005 ], [ 42.142249848000176, 9.620292188000121 ], [ 42.180380082000113, 9.644342017000099 ], [ 42.200530191000155, 9.653141934000132 ], [ 42.220520277000162, 9.656161865000172 ], [ 42.240770360000113, 9.656641789999981 ], [ 42.258635415000072, 9.651581739000108 ], [ 42.271850519000168, 9.666951669000127 ], [ 42.285940607000157, 9.676141605000055 ], [ 42.318140839000023, 9.705661442000121 ], [ 42.339772808000134, 9.719617623000147 ], [ 42.346191003000115, 9.72136131600007 ], [ 42.355761031000043, 9.717861289000155 ], [ 42.376572174000046, 9.713839606000022 ], [ 42.448535114000094, 9.721988407000026 ], [ 42.498958445000142, 9.721054470000126 ], [ 42.568057145000182, 9.73692815000004 ], [ 42.618480555000076, 9.758404454000129 ], [ 42.647427344, 9.775212033000173 ], [ 42.663794574000121, 9.776549058000057 ], [ 42.681042896000122, 9.774278154000058 ], [ 42.694115592000173, 9.768675546000168 ], [ 42.703453207000109, 9.758404151000036 ], [ 42.713724562999971, 9.740662673000031 ], [ 42.73053226900015, 9.721053651000148 ], [ 42.790293150000025, 9.693040634 ], [ 42.822974869000063, 9.674365316000092 ], [ 42.853789080000126, 9.662226324000017 ], [ 42.897676006000097, 9.650087287000076 ], [ 42.907947424000156, 9.650087250000183 ], [ 42.917285105000133, 9.657557297000153 ], [ 42.925689047000049, 9.672497427000167 ], [ 42.935026727000093, 9.679967474000136 ], [ 42.950900710000155, 9.672497336000049 ], [ 42.963973362, 9.655689608000102 ], [ 42.977979742000173, 9.62861051699997 ], [ 42.979847194000172, 9.607134029000065 ], [ 42.968641956000113, 9.592193908000183 ], [ 42.943430277000175, 9.58752519899997 ], [ 42.921019829000045, 9.565115037000112 ], [ 42.908880874000147, 9.563247560000036 ], [ 42.892073139000047, 9.574452741000187 ], [ 42.879934228000138, 9.584724145000052 ], [ 42.864060224000127, 9.586591722000094 ], [ 42.840716079000174, 9.582856765000088 ], [ 42.813636848000044, 9.572585500000116 ], [ 42.787491242000158, 9.523096305000138 ], [ 42.776286019000054, 9.511891223000077 ], [ 42.747339257000021, 9.501619963000053 ], [ 42.736134051000192, 9.495083681000153 ], [ 42.72866388500006, 9.482944825000118 ], [ 42.714657375000058, 9.474541032000161 ], [ 42.681975572000056, 9.469872345000113 ], [ 42.666101523000123, 9.458667278000178 ], [ 42.65583009400018, 9.455866032000074 ], [ 42.640889819000108, 9.447462241999972 ], [ 42.603539099000159, 9.416648284000019 ], [ 42.584863766000126, 9.40917826600014 ], [ 42.56712217900008, 9.39610568300003 ], [ 42.552181884000163, 9.382099331000063 ], [ 42.537453342000106, 9.372981780000146 ], [ 42.551580485000045, 9.345241258000101 ], [ 42.556290423, 9.321051281000166 ], [ 42.546950331000119, 9.30523133500003 ], [ 42.551360282000076, 9.286571357000071 ], [ 42.561080268000126, 9.270301348000146 ], [ 42.570990259000041, 9.258181333000152 ], [ 42.579610222000156, 9.237501343000076 ], [ 42.583590165000032, 9.21538136700002 ], [ 42.595480137000038, 9.193591358000049 ], [ 42.614300135000065, 9.173961327000029 ], [ 42.634700161000069, 9.158521290000181 ], [ 42.635110110000142, 9.143971312000133 ], [ 42.62596003800013, 9.132081361000189 ], [ 42.609429932000069, 9.118461437 ], [ 42.599345568000047, 9.106174348000081 ], [ 42.61929987100001, 9.08928145100009 ], [ 42.644349907000048, 9.072981394000124 ], [ 42.662289891000057, 9.048961372000065 ], [ 42.680129841000166, 9.015021373000025 ], [ 42.703069812000081, 8.980911350000099 ], [ 42.730639804000077, 8.948021313000083 ], [ 42.761179809000168, 8.917711263000058 ], [ 42.805159809000031, 8.870031190000191 ], [ 42.849549881000087, 8.844291089000023 ], [ 42.865329867000128, 8.825111068000183 ], [ 42.865359802, 8.804351102000055 ], [ 42.843919574000097, 8.75792124700007 ], [ 42.837129454000149, 8.727831313000138 ], [ 42.831989324000119, 8.695231381000042 ], [ 42.838419246000115, 8.664391413000033 ], [ 42.859879233000129, 8.636301388000163 ], [ 42.89878926, 8.602671316000055 ], [ 42.905319211000062, 8.582221323999988 ], [ 42.907609114000081, 8.549031371000183 ], [ 42.912369041000147, 8.522101393000071 ], [ 42.910828963000085, 8.498781437000048 ], [ 42.897028782, 8.457751538000139 ], [ 42.89884863900005, 8.409101609000118 ], [ 42.884408557000029, 8.398511668000083 ], [ 42.858098442000141, 8.391691759000082 ], [ 42.79818817000006, 8.370071980000091 ], [ 42.779378119000114, 8.373262037000188 ], [ 42.768168047000188, 8.363172085000031 ], [ 42.753947918000165, 8.337122165000096 ], [ 42.734877721000146, 8.29437228300003 ], [ 42.719147516000078, 8.24566240200005 ], [ 42.711157367000055, 8.206762476000051 ], [ 42.701597256000127, 8.179612544 ], [ 42.678517081000109, 8.147322652000184 ], [ 42.661356973000125, 8.130282726000189 ], [ 42.651406933000032, 8.129672756000161 ], [ 42.630626897000184, 8.140432805000046 ], [ 42.61597690200017, 8.159602825000093 ], [ 42.578096982000147, 8.2285328480001 ], [ 42.567027021, 8.255612845000087 ], [ 42.550077254000144, 8.350502768000126 ], [ 42.53872735900012, 8.397222738000039 ], [ 42.52976750400012, 8.454832691000092 ], [ 42.520137541000111, 8.478712686 ], [ 42.502557518000117, 8.492082721000031 ], [ 42.323037013000146, 8.53677320800017 ], [ 42.307147024000187, 8.559643230000063 ], [ 42.294687059000125, 8.586043233000112 ], [ 42.27499707700008, 8.615103251999983 ], [ 42.263077100000146, 8.635953264000136 ], [ 42.23966702600012, 8.639883325000142 ], [ 42.232676985000069, 8.635033353000097 ], [ 42.215616852000096, 8.611203440000111 ], [ 42.097746132000111, 8.518988912000054 ], [ 42.069725950000077, 8.493974029000185 ], [ 42.041305705000184, 8.447464167000078 ], [ 42.026005586000167, 8.425834241000075 ], [ 42.027053755000111, 8.323024846000123 ], [ 41.948404642000071, 8.200894719000132 ], [ 41.926344219999976, 8.080564910000021 ], [ 41.922163920000173, 7.978105022000079 ], [ 41.912403516000097, 7.844395182000028 ], [ 41.957143487000053, 7.774785126000154 ], [ 41.942493313000114, 7.727465209000059 ], [ 41.904802935000134, 7.635925389000079 ], [ 41.867792539000163, 7.538175568000042 ], [ 41.867102525000064, 7.53277558000002 ], [ 41.893602325000131, 7.41868560000006 ], [ 41.896122317000106, 7.411205596000059 ], [ 42.19911009600014, 7.291440179000119 ], [ 42.209853015000192, 7.264004914 ], [ 42.209842922000178, 7.226904942999965 ], [ 42.203456820000099, 7.19463298800008 ], [ 42.204702686000132, 7.141035027000157 ], [ 42.18696251700004, 7.096395109000014 ], [ 42.157612300000096, 7.051325216000123 ], [ 42.162642213000026, 7.007115234000025 ], [ 42.139942035000104, 6.967265314000144 ], [ 42.134161987000027, 6.954165339999975 ], [ 42.106051829000194, 6.930215429000157 ], [ 42.09873177500009, 6.915735454000128 ], [ 42.076231629000176, 6.886735527999974 ], [ 42.07552156800017, 6.863985540000044 ], [ 42.062880760000155, 6.825923126000077 ], [ 42.055531229, 6.748755663000054 ], [ 42.025491026000054, 6.706415754999966 ], [ 42.014640930999974, 6.680445797000061 ], [ 42.013460876000124, 6.658605806000025 ], [ 41.999180790000082, 6.641615850000107 ], [ 42.00038076200002, 6.628645853000137 ], [ 42.006480748000115, 6.614385852 ], [ 42.004040703999976, 6.597625860000107 ], [ 41.999540669000055, 6.589845874000105 ], [ 41.93641037600014, 6.553176036000082 ], [ 41.887980170999981, 6.535346155000184 ], [ 41.860730083000078, 6.535341221000124 ], [ 41.853665850000084, 6.568909076000125 ], [ 41.819660021000061, 6.570476295 ], [ 41.798769924000112, 6.557466345000023 ], [ 41.757879747000175, 6.540536444000168 ], [ 41.738929635000034, 6.519906501000037 ], [ 41.704499373000033, 6.452406599000142 ], [ 41.690329268000085, 6.429416634000177 ], [ 41.684169237000106, 6.424136654000108 ], [ 41.656129110000052, 6.409176722000041 ], [ 41.633348992000094, 6.3913867710001 ], [ 41.619688883000094, 6.361716810000019 ], [ 41.528008793000026, 6.464936979000072 ], [ 41.43778865400003, 6.543967151000061 ], [ 41.380038496000168, 6.565527268999972 ], [ 41.358388418000118, 6.5655273160001 ], [ 41.228468081000187, 6.623007581000081 ], [ 41.17432796200012, 6.65892769200002 ], [ 41.156287934000147, 6.67688773000009 ], [ 41.131027873000107, 6.691257775999986 ], [ 41.072077665000052, 6.694327906000183 ], [ 41.071207651000179, 6.687897910000174 ], [ 41.015537354, 6.644558033000067 ], [ 40.98996717700004, 6.604238100999964 ], [ 40.936146869000083, 6.551158222000083 ], [ 40.900056653000036, 6.511638298000094 ], [ 40.885616520000099, 6.472118329000068 ], [ 40.860356352000167, 6.436198390000129 ], [ 40.856746236000049, 6.385908396000048 ], [ 40.86100619900003, 6.361108386000126 ], [ 40.86443619500011, 6.352278384000158 ], [ 40.861946173000149, 6.345718391000162 ], [ 40.864506130000109, 6.320258382000077 ], [ 40.879696083000113, 6.266508351000141 ], [ 40.881621045000031, 6.244343346000051 ], [ 40.877975918000118, 6.18766835800011 ], [ 40.867875811000147, 6.151288376000082 ], [ 40.866428984000095, 6.133653443000128 ], [ 40.866435737000188, 6.113768378000032 ], [ 40.869515706000186, 6.094498368000075 ], [ 40.86667566400007, 6.076638368999966 ], [ 40.871185641000068, 6.055768359000183 ], [ 40.878405537000049, 5.987518345000183 ], [ 40.874795190000043, 5.807898320000163 ], [ 40.922295132000045, 5.683378211000104 ], [ 40.865004901000077, 5.669018307000158 ], [ 40.832204765000142, 5.655898367000134 ], [ 40.811484657000108, 5.634908392000057 ], [ 40.752884376000168, 5.594398484000067 ], [ 40.694374115000187, 5.567168583000068 ], [ 40.679584018000071, 5.540638594000143 ], [ 40.63305383200003, 5.530068672000084 ], [ 40.605383670000151, 5.490288706000058 ], [ 40.581043554000132, 5.475948735000088 ], [ 40.563503454000113, 5.453908761000093 ], [ 40.548983361000182, 5.427678773000025 ], [ 40.532893277000085, 5.410648792000018 ], [ 40.3695026420001, 5.386409046000097 ], [ 40.310372412999982, 5.376309137000135 ], [ 40.276672278999968, 5.368169189000014 ], [ 40.240632142000095, 5.366079246000027 ], [ 40.208352001000037, 5.35554928900018 ], [ 40.174431875000153, 5.353379345000064 ], [ 40.134591737000108, 5.357869407000123 ], [ 40.09795160800013, 5.364879467000151 ], [ 40.063401505000058, 5.378549535000047 ], [ 40.033681420999983, 5.396789590000139 ], [ 39.942290907000086, 5.284989659000075 ], [ 39.90730067200019, 5.219609665 ], [ 39.878400448000093, 5.14031964600008 ], [ 39.833590126000104, 5.032769630000189 ], [ 39.81286000200015, 5.002069636000044 ], [ 39.80444989900019, 4.951479603000109 ], [ 39.78398973600008, 4.890589574000046 ], [ 39.765069607000044, 4.846849563000092 ], [ 39.7585095230001, 4.801069525000116 ], [ 39.743559362999974, 4.723479474000101 ], [ 39.74589929300015, 4.666579411000157 ], [ 39.725129173000084, 4.633059405000154 ], [ 39.717009120000114, 4.615679399000044 ], [ 39.709829072000048, 4.59736938500015 ], [ 39.703269004000106, 4.568169368000042 ], [ 39.690148928000099, 4.543289350000066 ], [ 39.674648820000129, 4.505189331999986 ], [ 39.655588703000092, 4.468889319000084 ], [ 39.642058611000039, 4.435939291000125 ], [ 39.61881844100003, 4.368469242000117 ], [ 39.585778237999989, 4.29653919499998 ], [ 39.56696812600012, 4.26458918100019 ], [ 39.539687995000065, 4.235169173000145 ], [ 39.528787869000041, 4.16673909800005 ], [ 39.509097737000161, 4.114419055000155 ], [ 39.478277542000114, 4.040328985000144 ], [ 39.499677537000025, 3.96572886000007 ], [ 39.482847451000112, 3.941998843000135 ], [ 39.399616985000193, 3.79565871799997 ], [ 39.28469638700011, 3.623078557000156 ], [ 39.220496128999969, 3.602478588000054 ], [ 39.097917698000174, 3.536690094000164 ], [ 39.091117958000154, 3.531103962000145 ], [ 39.084720000000118, 3.534440000000131 ], [ 38.913610000000176, 3.513890000000117 ], [ 38.729440000000181, 3.56722 ], [ 38.621940000000166, 3.601670000000126 ], [ 38.51694, 3.62694 ], [ 38.448050000000194, 3.599440000000129 ], [ 38.32388, 3.60889 ], [ 38.121110000000158, 3.61167 ], [ 38.056110000000103, 3.651940000000138 ], [ 38.03361, 3.698060000000112 ], [ 37.99805, 3.728610000000117 ], [ 37.280550000000176, 4.19444 ], [ 37.13027000000011, 4.28639 ], [ 37.099160000000154, 4.33167 ], [ 37.039720000000102, 4.375550000000146 ], [ 36.88777, 4.43472 ], [ 36.714253964000136, 4.433850543000176 ], [ 36.691493763000153, 4.495508197000049 ], [ 36.657532315000026, 4.580373675999965 ], [ 36.680841202000067, 4.604300630000125 ], [ 36.646409141000163, 4.710757126000146 ], [ 36.828479986000104, 4.709174806000135 ], [ 36.85473946500008, 4.736059609000165 ], [ 36.863475655000116, 4.793039446000137 ], [ 36.860849493000103, 4.93506512700003 ], [ 36.864798571000165, 4.944198410000126 ], [ 36.860708967, 4.978767301000175 ], [ 36.882185791000097, 5.074983650000149 ], [ 36.892970983000055, 5.109787746 ], [ 36.921227864000059, 5.145130641000151 ], [ 36.948966654000174, 5.19468654700006 ], [ 36.983099968000147, 5.19241227200007 ], [ 37.003311116000134, 5.199082903000033 ], [ 37.08212078400004, 5.186382331000061 ], [ 37.112230264000175, 5.186272328000086 ], [ 37.181829059000108, 5.193923041000119 ], [ 37.197158784000067, 5.21031453 ], [ 37.216908441000044, 5.21268475 ], [ 37.238108078000039, 5.199433549000048 ], [ 37.292357141000025, 5.1943630990001 ], [ 37.317246713000088, 5.173531212000171 ], [ 37.340736313000093, 5.159599949999972 ], [ 37.367175851000127, 5.155099544000109 ], [ 37.417214982000132, 5.16655059500016 ], [ 37.465584144000104, 5.193173024000146 ], [ 37.491273695000132, 5.202913917000103 ], [ 37.517863236000096, 5.220475515000089 ], [ 37.551352649000137, 5.233926748000044 ], [ 37.577853644000186, 5.24238892600016 ], [ 37.579830213000037, 5.247677435000128 ], [ 37.629734811000048, 5.266009696000026 ], [ 37.637286359000086, 5.283166972000117 ], [ 37.646706038000104, 5.299287273000175 ], [ 37.674230516000023, 5.307643461 ], [ 37.700880053000105, 5.305883307000045 ], [ 37.728939575000084, 5.292182065000077 ], [ 37.747129259000189, 5.276610653000091 ], [ 37.772828817000118, 5.283351274000097 ], [ 37.792608479000137, 5.274220446000129 ], [ 37.810078172000033, 5.268299910000167 ], [ 37.827127878000169, 5.249738226000034 ], [ 37.852657442, 5.234646854000118 ], [ 37.885085524000147, 5.234310022000159 ], [ 37.900819335000165, 5.244854087000135 ], [ 37.904384624000159, 5.27937665900015 ], [ 37.904774635000024, 5.303957793000052 ], [ 37.896374714, 5.349879911000073 ], [ 37.901212375000171, 5.373247752000054 ], [ 37.919273874000055, 5.395977250000044 ], [ 37.935224497000036, 5.423033255 ], [ 37.940214484000194, 5.449924484000064 ], [ 37.946814455000151, 5.474285600000087 ], [ 37.949254456000119, 5.507597133000161 ], [ 37.947814487000073, 5.537688512000102 ], [ 37.941534539000088, 5.568449926000142 ], [ 37.941128269000046, 5.585105321000015 ], [ 37.93017464400009, 5.616672147000088 ], [ 37.943519996000134, 5.639464151000141 ], [ 37.977465236000171, 5.649404522000054 ], [ 38.008014704000118, 5.650154599000075 ], [ 38.024074429000052, 5.66006549500014 ], [ 38.040814141000112, 5.67364673000003 ], [ 38.075163846000123, 5.688940437000042 ], [ 38.08708369600015, 5.72125684700012 ], [ 38.088883692000024, 5.745607964000158 ], [ 38.072077750000062, 5.762558968000064 ], [ 38.05415393300018, 5.764148838000153 ], [ 38.039214033000064, 5.772389224 ], [ 38.019874167000182, 5.79004003700004 ], [ 38.01227422300019, 5.804270699000085 ], [ 38.007134285000177, 5.849272763000158 ], [ 37.982474467000145, 5.887824539000178 ], [ 37.978994500000056, 5.907575443000098 ], [ 37.977584522000086, 5.927776367000149 ], [ 37.96857460200016, 5.956017667000083 ], [ 37.952694705000113, 5.96334801200004 ], [ 37.922824898000044, 5.960077881000075 ], [ 37.903975012000046, 5.960507907000135 ], [ 37.894985082000119, 5.974498552000171 ], [ 37.880485181000097, 5.985039044000132 ], [ 37.865535278000095, 5.986629124000046 ], [ 37.856545346000189, 5.999009700000158 ], [ 37.842965438000135, 6.0109402490001 ], [ 37.827095533000033, 6.009990222000113 ], [ 37.813325615000053, 5.997789667 ], [ 37.803736092000065, 5.993178829999977 ], [ 37.79148575500011, 5.99590959600016 ], [ 37.783175819000178, 6.010600270000111 ], [ 37.789775800000143, 6.049442044000102 ], [ 37.78513584600006, 6.072633105000023 ], [ 37.777725904000192, 6.098124275000146 ], [ 37.775736828000106, 6.113575488000038 ], [ 37.774695944000143, 6.123855449000189 ], [ 37.778095935000181, 6.149596620000068 ], [ 37.790533273000165, 6.172462230000178 ], [ 37.809798034000153, 6.196093978000022 ], [ 37.825567018000129, 6.220731572000034 ], [ 37.840265601000112, 6.248251081000149 ], [ 37.84804557200016, 6.278822470000023 ], [ 37.852155563000167, 6.304783646999965 ], [ 37.850285590000055, 6.326844653000137 ], [ 37.848205605000032, 6.331664878000083 ], [ 37.840085687000169, 6.378747021000038 ], [ 37.819595828000104, 6.393427707000058 ], [ 37.807835908000129, 6.410178477000102 ], [ 37.797455987000092, 6.429239352000025 ], [ 37.796286005000127, 6.449460269000099 ], [ 37.799926004000099, 6.478181572000153 ], [ 37.807774881000171, 6.500655317000053 ], [ 37.814594753999984, 6.510571948000177 ], [ 37.842477421000183, 6.541685166000036 ], [ 37.87148281900005, 6.582228514000121 ], [ 37.892775954000172, 6.596070541000074 ], [ 37.912612031000151, 6.590668957000105 ], [ 37.918460805000166, 6.574375835000069 ], [ 37.932700593000106, 6.557206405000045 ], [ 37.952662912000051, 6.549619914000175 ], [ 37.9687658470001, 6.548954434000166 ], [ 37.972380934000114, 6.550926512000103 ], [ 37.973658794000187, 6.549719645000152 ], [ 37.97721522300003, 6.550851236000085 ], [ 37.980933309000136, 6.556347536000089 ], [ 37.989594826000143, 6.558193181000149 ], [ 38.000978636000013, 6.568471726000155 ], [ 38.007444871000132, 6.569118349000121 ], [ 38.018846062000136, 6.573269380000113 ], [ 38.033513198000094, 6.561493097000152 ], [ 38.05159517900006, 6.534738812000114 ], [ 38.090731515000073, 6.526068446000181 ], [ 38.101134847000026, 6.512691303000111 ], [ 38.114510558000177, 6.499561886000095 ], [ 38.139280388000088, 6.506002737000017 ], [ 38.149683719000109, 6.496589192000158 ], [ 38.143491266000126, 6.458191833000058 ], [ 38.155222080000158, 6.439255981999963 ], [ 38.170621815000061, 6.449826935000033 ], [ 38.215500334000126, 6.463468269000032 ], [ 38.221450942000047, 6.461097959000028 ], [ 38.24559052900014, 6.468228601000078 ], [ 38.260080284000082, 6.452157153000087 ], [ 38.282403501000147, 6.437769978000119 ], [ 38.283649847000049, 6.42667147200001 ], [ 38.281009852000182, 6.415491105000172 ], [ 38.28494059999997, 6.410374955000179 ], [ 38.282933853000145, 6.408303044999968 ], [ 38.293151967000028, 6.397952940999971 ], [ 38.293229727000096, 6.372039930000085 ], [ 38.288230414000054, 6.359842237000066 ], [ 38.272512918000075, 6.347885324000117 ], [ 38.248603058000072, 6.336279819000083 ], [ 38.231363165000118, 6.331104592999964 ], [ 38.213893281000082, 6.330174559000113 ], [ 38.197577785000192, 6.319003268000131 ], [ 38.188421530000142, 6.304253797 ], [ 38.18177164500014, 6.284271994000051 ], [ 38.173741781000103, 6.266810420000184 ], [ 38.17191181600009, 6.255329379000159 ], [ 38.17905169200003, 6.238337847000082 ], [ 38.193311450000067, 6.226176747000181 ], [ 38.197921375000192, 6.206434972000181 ], [ 38.187396841000179, 6.182210307000162 ], [ 38.171033441000191, 6.166887159000112 ], [ 38.158393517000093, 6.159526828000139 ], [ 38.14138362000017, 6.154456615000129 ], [ 38.125063726000064, 6.155126650000057 ], [ 38.117003786000055, 6.167057203000127 ], [ 38.102301546000035, 6.180448387000013 ], [ 38.086728393000158, 6.161044785000058 ], [ 38.079863412000122, 6.116986871000108 ], [ 38.098593093000034, 6.087079167000184 ], [ 38.100143072000151, 6.077273283000125 ], [ 38.104982984000173, 6.066032269000118 ], [ 38.116492788000016, 6.050200836000045 ], [ 38.121592709000026, 6.016677806000075 ], [ 38.138832409000031, 6.01026722600011 ], [ 38.150342212000169, 6.000406334000104 ], [ 38.159322065000026, 5.985024947999989 ], [ 38.170151883000074, 5.957022411000082 ], [ 38.180971692000128, 5.941651025000112 ], [ 38.203731305000019, 5.935020423000026 ], [ 38.211791169999969, 5.9166687660001 ], [ 38.214811116000078, 5.893246647000069 ], [ 38.208883893000063, 5.879059612000162 ], [ 38.199699594000151, 5.864800523000099 ], [ 38.198391404000063, 5.849452678000034 ], [ 38.207991237999977, 5.840191838000123 ], [ 38.223380975000168, 5.8386116960001 ], [ 38.239230702000157, 5.844372226000132 ], [ 38.254500440000072, 5.858508504000042 ], [ 38.270430162000025, 5.868524416000128 ], [ 38.303749591999974, 5.861443774000122 ], [ 38.325329223000153, 5.868814446000101 ], [ 38.358138651000047, 5.902137461000109 ], [ 38.380878259000156, 5.903997631000038 ], [ 38.396085707000054, 5.920052383000041 ], [ 38.388428368000064, 5.933000963000097 ], [ 38.374809066000068, 5.943043287000023 ], [ 38.338252919000126, 5.955583607000051 ], [ 38.327529177000145, 5.95537227900013 ], [ 38.318949083, 5.975062712000124 ], [ 38.304543440000145, 5.979980626999975 ], [ 38.293129549000128, 5.973339744000043 ], [ 38.282259951000128, 5.970703664000041 ], [ 38.271710141000142, 5.986579348000021 ], [ 38.279240003000041, 6.006286885000179 ], [ 38.313880505000043, 6.027833492000127 ], [ 38.319869299000118, 6.047420609000085 ], [ 38.351505673000133, 6.096230788000071 ], [ 38.362512178000145, 6.120194896999976 ], [ 38.365283175000172, 6.142800061 ], [ 38.376973710000129, 6.164516717000083 ], [ 38.394218009999975, 6.1817727560001 ], [ 38.434682692000138, 6.19876580500005 ], [ 38.438971759000026, 6.216879246000133 ], [ 38.432981834000088, 6.265531469000166 ], [ 38.425391898000044, 6.290092588999983 ], [ 38.427461894000089, 6.300193047000107 ], [ 38.424931914000183, 6.306613342000105 ], [ 38.42177494800012, 6.348226496000109 ], [ 38.423751105000122, 6.365554395 ], [ 38.427645317999975, 6.385945006000043 ], [ 38.441037189000042, 6.405362953000065 ], [ 38.453291701000012, 6.416769169000077 ], [ 38.475286600000118, 6.430375209000147 ], [ 38.50379611600016, 6.436345751000147 ], [ 38.537580534000085, 6.436795793999977 ], [ 38.566545038000129, 6.440456127000061 ], [ 38.583314749000067, 6.437015816999974 ], [ 38.606317161000106, 6.422836127000039 ], [ 38.626744008000117, 6.417034019000141 ], [ 38.645016020000071, 6.423178951000182 ], [ 38.661453411000025, 6.419084203000125 ], [ 38.672013236000055, 6.408983293000119 ], [ 38.690622915000176, 6.406223044000114 ], [ 38.707162634000099, 6.392451803000085 ], [ 38.738652093000042, 6.408953289000124 ], [ 38.757956764000141, 6.40906830400013 ], [ 38.771491529000116, 6.399762461000137 ], [ 38.812130839000133, 6.35591850600008 ], [ 38.83202535800018, 6.343216403999975 ], [ 38.852540145000148, 6.320335301000114 ], [ 38.874109772000054, 6.300833539 ], [ 38.885579581000059, 6.284772087000135 ], [ 38.897739369000192, 6.25860972300012 ], [ 38.920918973000141, 6.228557013000113 ], [ 38.936508710000169, 6.200334458000043 ], [ 38.950048478000099, 6.180372660999979 ], [ 38.960598297000161, 6.159270747000164 ], [ 38.98812782400006, 6.147099653000168 ], [ 39.03448703000015, 6.137438774000088 ], [ 39.055616663000023, 6.145909545999984 ], [ 39.079716255999983, 6.153000181000039 ], [ 39.102895851000028, 6.15734057300017 ], [ 39.13185995300006, 6.158786172000134 ], [ 39.130417249000061, 6.165996395000093 ], [ 39.113207371000044, 6.176556888 ], [ 39.103597450000109, 6.202248067000028 ], [ 39.099707489000025, 6.218528806 ], [ 39.085967610000125, 6.252010342000062 ], [ 39.090850623000165, 6.270802640999989 ], [ 39.109445747000052, 6.287332323000044 ], [ 39.119546178000064, 6.298994291000042 ], [ 39.125747409000041, 6.321893482000178 ], [ 39.127387417000193, 6.344354499000076 ], [ 39.121227489000148, 6.380586145000109 ], [ 39.107527626000035, 6.437688744000184 ], [ 39.099967691000074, 6.455579568000019 ], [ 39.095397734000073, 6.472090315000059 ], [ 39.096617764000086, 6.521612558000072 ], [ 39.086217855000143, 6.545168636000085 ], [ 39.069787970000107, 6.553294018000031 ], [ 39.052568086000122, 6.556984197000133 ], [ 39.048448124000117, 6.569824785000094 ], [ 39.05292012200016, 6.584047603999977 ], [ 39.064525077000098, 6.598816795000118 ], [ 39.059308084, 6.608786533999989 ], [ 39.032198258000165, 6.61180669700002 ], [ 38.959640225000101, 6.60087935100006 ], [ 38.941678844000194, 6.61033670900008 ], [ 38.944458841000085, 6.630277605000117 ], [ 38.949423820999982, 6.643803218000073 ], [ 38.934424959000125, 6.655611414000077 ], [ 38.917849034000085, 6.659208938 ], [ 38.901769143000024, 6.665659248000111 ], [ 38.855119444000138, 6.668699427000035 ], [ 38.837751030000163, 6.674915718000022 ], [ 38.833539606000045, 6.691660483000021 ], [ 38.817929714000059, 6.703611031000094 ], [ 38.809879761000047, 6.701320938000038 ], [ 38.779299955999988, 6.700210911000113 ], [ 38.754240115000187, 6.697030791000088 ], [ 38.742290194000077, 6.700940976000084 ], [ 38.727360296000029, 6.711971491000099 ], [ 38.720940350000149, 6.730102313000145 ], [ 38.705550464000112, 6.742042868 ], [ 38.688540571000033, 6.744362986000112 ], [ 38.678420642000162, 6.748963198000069 ], [ 38.672000692000097, 6.762273805000177 ], [ 38.658210783000129, 6.769624153999985 ], [ 38.643490875000111, 6.768724126000166 ], [ 38.635670932000096, 6.771714267 ], [ 38.63639095200017, 6.799705531000029 ], [ 38.639853442000117, 6.812686850000034 ], [ 38.667598290000171, 6.832275422 ], [ 38.69834276000006, 6.848572888000035 ], [ 38.714084698000136, 6.860577375000048 ], [ 38.699760634000143, 6.903340156000013 ], [ 38.704630624000174, 6.930631385000083 ], [ 38.701200664000055, 6.945092038000098 ], [ 38.694770716000107, 6.957492603000048 ], [ 38.700531159000036, 6.968645 ], [ 38.711167949000128, 6.973757076000084 ], [ 38.714380616000085, 6.991414114000179 ], [ 38.710500658000058, 7.012985094000044 ], [ 38.697659787000134, 7.013830057000064 ], [ 38.689381633000153, 7.000867257000095 ], [ 38.677412797000159, 7.005354711000109 ], [ 38.674380891000112, 7.016475283000091 ], [ 38.678075653000121, 7.02879726000009 ], [ 38.684450746000095, 7.033951444000024 ], [ 38.680870877000132, 7.048356713000089 ], [ 38.668000970000094, 7.05985724400017 ], [ 38.653511062000064, 7.061707334000118 ], [ 38.63695117400016, 7.06609754699997 ], [ 38.64617113900016, 7.09554310600015 ], [ 38.630341248000036, 7.110849564999967 ], [ 38.611491380000189, 7.124180187000036 ], [ 38.583641554000167, 7.126290302000086 ], [ 38.566361653000115, 7.112319693000131 ], [ 38.546114525000178, 7.090876842000057 ], [ 38.52813187300012, 7.091028762 ], [ 38.505102017000127, 7.087838642 ], [ 38.480022182000084, 7.090398776000143 ], [ 38.463912287000028, 7.099829213000135 ], [ 38.460022326000114, 7.118190046000109 ], [ 38.4425483280001, 7.126812556000118 ], [ 38.420841937000091, 7.122521219000078 ], [ 38.400632700000131, 7.121470242000044 ], [ 38.378072847000055, 7.129760635000082 ], [ 38.35691299400014, 7.14585137600011 ], [ 38.342193101000191, 7.164452227000027 ], [ 38.321894933000067, 7.161742447 ], [ 38.313429299, 7.147109674000149 ], [ 38.305258961999982, 7.121612751000043 ], [ 38.289183384000012, 7.107109683000147 ], [ 38.254430708000143, 7.059897726000145 ], [ 38.237920596000095, 7.02005471300015 ], [ 38.21636376500004, 7.014405561999979 ], [ 38.193793906000167, 7.012345484000093 ], [ 38.17007404900005, 7.000874987000032 ], [ 38.146584174000054, 6.977463948000036 ], [ 38.129297916000098, 6.973829854000087 ], [ 38.117114364000145, 6.98091412500014 ], [ 38.108939428000156, 6.999629978000144 ], [ 38.10191447800014, 7.010775482000042 ], [ 38.087874581000108, 7.022946043000104 ], [ 38.073364671000036, 7.029606355000169 ], [ 38.064154741000038, 7.043386989000112 ], [ 38.0614289990001, 7.072213040000179 ], [ 38.066464760000144, 7.087708982000152 ], [ 38.069474765000052, 7.122390543999984 ], [ 38.07639475000019, 7.154081969000174 ], [ 38.07801476100019, 7.180263146000073 ], [ 38.086965242000133, 7.194943441000134 ], [ 38.104332846000034, 7.210875364 ], [ 38.143972172000133, 7.232207289000144 ], [ 38.181081531000075, 7.25789959500014 ], [ 38.198591237000187, 7.2615499260001 ], [ 38.205775974, 7.26547931000016 ], [ 38.220030871000063, 7.275541182000097 ], [ 38.233630636999976, 7.287932290000015 ], [ 38.265210099000058, 7.306723977000104 ], [ 38.275674189000028, 7.318941660000178 ], [ 38.28152741700012, 7.338683435000178 ], [ 38.277177438000194, 7.361183443000186 ], [ 38.279442839000126, 7.380599418000031 ], [ 38.292489621000129, 7.391411572000095 ], [ 38.308869347000041, 7.401492471000097 ], [ 38.31891194300016, 7.41416739500005 ], [ 38.325197786000047, 7.433893377000061 ], [ 38.328217844000164, 7.456383378999988 ], [ 38.327244892000124, 7.461681727000155 ], [ 38.341228791000162, 7.478579378 ], [ 38.391727932000038, 7.501921474000085 ], [ 38.413857554000117, 7.504171670000119 ], [ 38.426748651000139, 7.514721252000072 ], [ 38.429542876000141, 7.533898747000137 ], [ 38.425662915000032, 7.553869645000134 ], [ 38.418914805000156, 7.569457974000045 ], [ 38.401043085000083, 7.578700777000165 ], [ 38.400824613000111, 7.595303162000107 ], [ 38.420263009000166, 7.624342803000047 ], [ 38.418223039000111, 7.642483620000121 ], [ 38.410883103000174, 7.662234509000143 ], [ 38.412433326000098, 7.681553431000054 ], [ 38.425820481000073, 7.696760837000113 ], [ 38.438652980000029, 7.718867017999969 ], [ 38.444847429000163, 7.759533909000083 ], [ 38.492442884000127, 7.795393342000182 ], [ 38.499962688999972, 7.811221087000149 ], [ 38.503462685000045, 7.8309519660001 ], [ 38.512908086000039, 7.848910445000172 ], [ 38.549485231000176, 7.870874441000069 ], [ 38.563087169000084, 7.885196245000088 ], [ 38.566602366000041, 7.905365226000072 ], [ 38.575757317000182, 7.924280396000142 ], [ 38.586507289000053, 7.938259967000135 ], [ 38.588672290000034, 7.96106768400017 ], [ 38.597367683000186, 7.990588941000169 ], [ 38.612198872000079, 8.006840839000176 ], [ 38.609965563000173, 8.011580329000083 ], [ 38.624545258000069, 8.026155847000098 ], [ 38.627701764000108, 8.03359527900011 ], [ 38.612682218000145, 8.043301324000026 ], [ 38.616112212000075, 8.056661916000053 ], [ 38.62185218999997, 8.068412431000183 ], [ 38.593412387000114, 8.090883463000125 ], [ 38.583944895000116, 8.108104487000048 ], [ 38.58848244800015, 8.127235082000084 ], [ 38.587262489000182, 8.156236371000034 ], [ 38.581462537999982, 8.171877069000118 ], [ 38.568022644000166, 8.193928063000101 ], [ 38.542552826000076, 8.225849506000145 ], [ 38.542052848000083, 8.246110405000081 ], [ 38.549258653000038, 8.26268337099998 ], [ 38.560745005000115, 8.266089618000024 ], [ 38.593544457000178, 8.260199101000126 ], [ 38.600724336000155, 8.249628164000114 ], [ 38.603544290000059, 8.222935785000175 ], [ 38.635133765000148, 8.132337731000121 ], [ 38.654093445000171, 8.113746082000091 ], [ 38.666593239000065, 8.095604465000122 ], [ 38.672843128000181, 8.089863961000162 ], [ 38.679258693000122, 8.095811832000152 ], [ 38.684511863000068, 8.12245477200014 ], [ 38.678641948000177, 8.171226948000026 ], [ 38.682187349000117, 8.190427868000143 ], [ 38.693152779000059, 8.203384057 ], [ 38.716018428000041, 8.219447782000145 ], [ 38.715921776000073, 8.23115956800018 ], [ 38.70205188000017, 8.244470173000082 ], [ 38.662062149000121, 8.270841388000065 ], [ 38.650952231000133, 8.285082027000158 ], [ 38.666025158000025, 8.32696015700003 ], [ 38.667231758000014, 8.350485245000186 ], [ 38.661641542000041, 8.376016047000121 ], [ 38.654451646000041, 8.394637113000044 ], [ 38.639641649000112, 8.412097670000094 ], [ 38.61675172200006, 8.431138369 ], [ 38.604271997000126, 8.43156842999997 ], [ 38.590882148000105, 8.426018643000077 ], [ 38.584172134000028, 8.432678627000087 ], [ 38.575784188, 8.444891630000143 ], [ 38.565672185000096, 8.448279328000126 ], [ 38.526842520000116, 8.45761957000002 ], [ 38.501452516000086, 8.44396940900009 ], [ 38.477883440000028, 8.447359394000046 ], [ 38.468288238000184, 8.435005139000054 ], [ 38.461606663000055, 8.399791483 ], [ 38.45170682700018, 8.38503017700009 ], [ 38.440727013000128, 8.335265758000048 ], [ 38.432467157000076, 8.312213707000069 ], [ 38.43020872600016, 8.298750815000119 ], [ 38.421633616000122, 8.289022429000056 ], [ 38.400863733000165, 8.279512023999985 ], [ 38.382403841000098, 8.273471774000086 ], [ 38.375495037000121, 8.265936839000062 ], [ 38.347344031000034, 8.254240952000032 ], [ 38.333175065000091, 8.258550706999984 ], [ 38.321884204000128, 8.272341781000137 ], [ 38.30703432100006, 8.299693011000102 ], [ 38.30787434500013, 8.329864350000094 ], [ 38.312204335000104, 8.352445345000149 ], [ 38.311464357000148, 8.369946127999981 ], [ 38.300824431000194, 8.376356417000068 ], [ 38.289254506000077, 8.38069662099997 ], [ 38.282044566000025, 8.399557461000029 ], [ 38.266314665000152, 8.406637793000186 ], [ 38.238334836000092, 8.409307936000062 ], [ 38.217544956000154, 8.408777934000057 ], [ 38.18003017000018, 8.392867265000177 ], [ 38.164180883000029, 8.408050598000102 ], [ 38.138955429000077, 8.409418033000179 ], [ 38.122545523000156, 8.406587924000064 ], [ 38.109999975000051, 8.390368230999968 ], [ 38.102955626000153, 8.389007159000187 ], [ 38.086535726000079, 8.390097227000126 ], [ 38.077095768000106, 8.380616816000042 ], [ 38.066705828000181, 8.375966615000152 ], [ 38.038926009000193, 8.38921722900011 ], [ 38.028041075000033, 8.390282286000058 ], [ 38.008236178000118, 8.372506516000101 ], [ 37.988166285000148, 8.359525958000063 ], [ 37.948376531000065, 8.367416344000105 ], [ 37.927986659000169, 8.378166835000115 ], [ 37.909986760000095, 8.370486511000024 ], [ 37.887626878000106, 8.34987561700018 ], [ 37.862947009000095, 8.33570500999997 ], [ 37.839147147000119, 8.332144866000135 ], [ 37.816257282000095, 8.331804870000042 ], [ 37.796587407000175, 8.334715019000043 ], [ 37.778997515000128, 8.339695253 ], [ 37.765452458000027, 8.347116267000104 ], [ 37.747967710000182, 8.351765815000078 ], [ 37.717047880000166, 8.334095058 ], [ 37.704547954000134, 8.337035197000034 ], [ 37.692218038000078, 8.353565942000046 ], [ 37.678708141000072, 8.377707025000063 ], [ 37.666063217999977, 8.383537295 ], [ 37.611968519000186, 8.354086028000097 ], [ 37.598038610000174, 8.365316537000012 ], [ 37.576078774000052, 8.41406872500005 ], [ 37.557978897000055, 8.425509241000043 ], [ 37.534933501000182, 8.423591804000068 ], [ 37.512209156000154, 8.416968900000086 ], [ 37.498569627000052, 8.403618948000087 ], [ 37.471383310000135, 8.350706936000108 ], [ 37.466153402000089, 8.331315219000146 ], [ 37.462573473000134, 8.305932963000032 ], [ 37.46408344800011, 8.282420873999968 ], [ 37.472023320000119, 8.266089422000164 ], [ 37.480860937000102, 8.258579291000046 ], [ 37.487884174000101, 8.258741430000043 ], [ 37.49010574100015, 8.255592025000169 ], [ 37.506301852000036, 8.254395118000161 ], [ 37.523302426000157, 8.26177923500012 ], [ 37.527225625000142, 8.266004516000066 ], [ 37.529147732000126, 8.265820187000031 ], [ 37.535539718000166, 8.258426815000064 ], [ 37.537967476000119, 8.251353808000033 ], [ 37.540231544000051, 8.24959159000008 ], [ 37.547700894000059, 8.249570874000142 ], [ 37.550265319000061, 8.244460121000145 ], [ 37.555692859000089, 8.244527555000047 ], [ 37.561234464000052, 8.239618817000121 ], [ 37.567982517000132, 8.239786509000169 ], [ 37.577568703000168, 8.232068680999987 ], [ 37.587908916000117, 8.235119818000101 ], [ 37.595804293000128, 8.230027372000109 ], [ 37.601768173000153, 8.234641952 ], [ 37.605773802000158, 8.22924861100006 ], [ 37.614231464000056, 8.22812942000013 ], [ 37.617970371000069, 8.223404930000186 ], [ 37.615296918000126, 8.211464468999964 ], [ 37.621680815000161, 8.209034394000071 ], [ 37.623886783000046, 8.200043598000093 ], [ 37.616970905000187, 8.177201565000132 ], [ 37.605761099000119, 8.150399179999965 ], [ 37.595431285000188, 8.111725733000128 ], [ 37.592137343000161, 8.093134079000038 ], [ 37.591801358000168, 8.074012381000102 ], [ 37.601581207000095, 8.010666743000172 ], [ 37.601076223000064, 7.97410848700008 ], [ 37.602829784000107, 7.964857662000043 ], [ 37.572768440000118, 7.952238162000015 ], [ 37.557518523000169, 7.948338 ], [ 37.549438575000067, 7.949258044000032 ], [ 37.539278640000077, 7.953858262000153 ], [ 37.532808681000063, 7.959608516 ], [ 37.521728763000056, 7.977069308000011 ], [ 37.518428791000076, 7.991859969000188 ], [ 37.513998827000137, 7.999670325000181 ], [ 37.501688912000134, 8.01182087300009 ], [ 37.490798981000125, 8.017061117000083 ], [ 37.477639053000189, 8.014210995000155 ], [ 37.459649155000079, 8.007650717 ], [ 37.416689412000153, 8.001160459000175 ], [ 37.409447782000143, 7.998311931000046 ], [ 37.404124479000131, 7.993590132000065 ], [ 37.391790293000156, 7.992900512 ], [ 37.387734828000077, 7.974383455000122 ], [ 37.389814797000099, 7.961972350000053 ], [ 37.398973614000056, 7.95402079500019 ], [ 37.416614349000099, 7.943580719000011 ], [ 37.428854146000049, 7.93070957000009 ], [ 37.436714014000188, 7.918528487 ], [ 37.434404058000041, 7.898066667000023 ], [ 37.411774454000124, 7.853922722 ], [ 37.404844578000166, 7.827260347000106 ], [ 37.400024687000041, 7.741052648000107 ], [ 37.401194678000138, 7.682667443000014 ], [ 37.406974591000051, 7.657605201000081 ], [ 37.419841568000038, 7.633803167000167 ], [ 37.435404128000187, 7.584058643000105 ], [ 37.44510397, 7.564316881000025 ], [ 37.438654087000032, 7.546135248000155 ], [ 37.407219633000125, 7.492180415000121 ], [ 37.390284942, 7.402422383000101 ], [ 37.379733601000169, 7.380000817000166 ], [ 37.356589329000087, 7.360931799000184 ], [ 37.331157124000185, 7.349708520000149 ], [ 37.331224325000164, 7.343444724000051 ], [ 37.287639735000141, 7.334420649000037 ], [ 37.262269883000158, 7.325430255000128 ], [ 37.237830025, 7.312059669000178 ], [ 37.211550172000159, 7.292718813000022 ], [ 37.182750336000026, 7.264857581000115 ], [ 37.154180492000137, 7.240666506000082 ], [ 37.128590638000048, 7.228445968000017 ], [ 37.104830783000125, 7.224495804000071 ], [ 37.068131017000098, 7.235246314000108 ], [ 37.039511190000042, 7.240016542000092 ], [ 37.003291408000109, 7.234436310000092 ], [ 36.964645170000097, 7.224732706000111 ], [ 36.96579892, 7.241924506999965 ], [ 36.95546430700017, 7.260490995000168 ], [ 36.879154575000143, 7.329694398000072 ], [ 36.840936200000101, 7.325989875000062 ], [ 36.791112613000166, 7.252283413000157 ], [ 36.762522895000075, 7.265907864000098 ], [ 36.719878760000142, 7.298501533000149 ], [ 36.694073330000151, 7.313130029999968 ], [ 36.672563472000149, 7.328040718000011 ], [ 36.651743607000128, 7.345011488000182 ], [ 36.638053701000047, 7.37120268100017 ], [ 36.632953738000026, 7.377862983000057 ], [ 36.62279380200016, 7.379223049000132 ], [ 36.605963893000194, 7.368362564000108 ], [ 36.598333941000021, 7.369032600000139 ], [ 36.483919654000033, 7.416009775000077 ], [ 36.470154252000043, 7.415397814000187 ], [ 36.453164846000163, 7.417424854000046 ], [ 36.406295123000177, 7.408544479000057 ], [ 36.374635311000077, 7.415574806000052 ], [ 36.348665484000094, 7.445416163000118 ], [ 36.301755766000099, 7.449876385000039 ], [ 36.2869358640001, 7.459726839000041 ], [ 36.224696245000132, 7.484387976000107 ] ], [ [ 38.706749677000118, 9.081831707000106 ], [ 38.70068164200012, 9.080511897000122 ], [ 38.68540800500017, 9.073027127000103 ], [ 38.683693560000165, 9.066316461000099 ], [ 38.683541099000081, 9.050037711000073 ], [ 38.672597780000103, 9.038672642 ], [ 38.672081496000033, 9.033145349 ], [ 38.66722298500008, 9.026232475000029 ], [ 38.667036364000012, 9.010027781000019 ], [ 38.651942039000176, 9.010284438000042 ], [ 38.651051599000027, 9.002493266000045 ], [ 38.657791869000107, 8.994818442000053 ], [ 38.659386470000186, 8.985402486000112 ], [ 38.654644678000068, 8.976936648000049 ], [ 38.639405387000068, 8.97403583300013 ], [ 38.642818508000119, 8.965853421000077 ], [ 38.676227154, 8.957604862000153 ], [ 38.680961277000108, 8.949664687000165 ], [ 38.68064233900003, 8.941089926000075 ], [ 38.687902081000118, 8.939741880000099 ], [ 38.693844563000084, 8.941897666000102 ], [ 38.696828632000177, 8.932707757000117 ], [ 38.70196616200019, 8.925628316000086 ], [ 38.708427892000145, 8.920915007000133 ], [ 38.719142294000051, 8.919715566000093 ], [ 38.731072239000127, 8.905090948000066 ], [ 38.736516278000181, 8.901290562000042 ], [ 38.743589381, 8.902585569000166 ], [ 38.744476964000171, 8.892111308000153 ], [ 38.743159370000058, 8.880412437000189 ], [ 38.747294652000051, 8.877159 ], [ 38.745200640000178, 8.869490449000125 ], [ 38.745517604000099, 8.86342367300017 ], [ 38.754117101000134, 8.858593296000095 ], [ 38.756465000000162, 8.853240602000028 ], [ 38.772991760000139, 8.857467391000114 ], [ 38.777465290000066, 8.852424952000035 ], [ 38.77838322700012, 8.841808769000181 ], [ 38.780594873000155, 8.835919558000057 ], [ 38.792024833000141, 8.835776624000118 ], [ 38.797583928000108, 8.833485285000165 ], [ 38.81254721800002, 8.840015270000038 ], [ 38.817489971000157, 8.839293082000097 ], [ 38.824393004000171, 8.841332266000109 ], [ 38.823907683000073, 8.85275832100001 ], [ 38.829409730000123, 8.868782171000134 ], [ 38.826001429000087, 8.880187270000135 ], [ 38.832983731000127, 8.882912026000156 ], [ 38.840687938000144, 8.879851636000069 ], [ 38.847077416000161, 8.880020093000041 ], [ 38.858387962000052, 8.883638332000032 ], [ 38.863808972000072, 8.882850647000112 ], [ 38.868717092000054, 8.873035683000182 ], [ 38.869831313000134, 8.88077493600008 ], [ 38.877491630000065, 8.895787247000101 ], [ 38.873309350000056, 8.905094982000037 ], [ 38.879447092000078, 8.918314232000114 ], [ 38.860833743000171, 8.932177986000056 ], [ 38.855555243000026, 8.938292853000178 ], [ 38.861418416000163, 8.942677144000129 ], [ 38.89142353800014, 8.934332078000125 ], [ 38.896759233000125, 8.937026941000056 ], [ 38.901098938000075, 8.946141094000041 ], [ 38.896234789000061, 8.954837463000047 ], [ 38.902784685000029, 8.962411731000032 ], [ 38.90624370900008, 8.977418691000025 ], [ 38.904338736000113, 8.99215702500004 ], [ 38.906053758000041, 8.99753201700014 ], [ 38.905000952000194, 9.009499839000057 ], [ 38.893343793000099, 9.037227027000029 ], [ 38.882943777000094, 9.052105380000171 ], [ 38.88195714200009, 9.068558705000044 ], [ 38.876320806000194, 9.081584122000095 ], [ 38.86821989300006, 9.084908461000111 ], [ 38.85675163500008, 9.083522517000176 ], [ 38.849527549000129, 9.078168946000176 ], [ 38.842569629000138, 9.078613269000073 ], [ 38.824736229000052, 9.075888689000067 ], [ 38.805125604000068, 9.082329191000042 ], [ 38.799963516000162, 9.078564068000162 ], [ 38.791311791999988, 9.077681516000155 ], [ 38.778186831000028, 9.093651454999986 ], [ 38.771246838000025, 9.098194705000026 ], [ 38.765214224000033, 9.098150301000089 ], [ 38.750856351000152, 9.09052873800016 ], [ 38.738020098000106, 9.086862539000151 ], [ 38.727101355, 9.085713771000144 ], [ 38.716642738000189, 9.087750198000151 ], [ 38.706749677000118, 9.081831707000106 ] ], [ [ 42.208488733000138, 9.211932605000129 ], [ 42.220788728000059, 9.196372594000138 ], [ 42.233718742000178, 9.185912564000091 ], [ 42.246028798000168, 9.187002520000021 ], [ 42.259448868000163, 9.19227247300006 ], [ 42.264718903000187, 9.197887447000141 ], [ 42.27203898800019, 9.21566739400015 ], [ 42.26871902400012, 9.229602386000124 ], [ 42.25632905000009, 9.252552392999974 ], [ 42.249349087000155, 9.270032382000068 ], [ 42.250309142000106, 9.285532357000079 ], [ 42.266049283000143, 9.309772269000064 ], [ 42.264969312, 9.32132225700019 ], [ 42.258519333000038, 9.334412256000121 ], [ 42.270312659000069, 9.361664396000094 ], [ 42.252999476000127, 9.383802192000132 ], [ 42.238079427000116, 9.384942246000151 ], [ 42.22187934700014, 9.379472308 ], [ 42.187439149, 9.361682445000042 ], [ 42.168579082000122, 9.362832511000022 ], [ 42.146619073000124, 9.387512541000092 ], [ 42.12914901400012, 9.388672600000064 ], [ 42.114228898000022, 9.372512669000173 ], [ 42.085258645000124, 9.329112833000124 ], [ 42.070468498000025, 9.303942920999987 ], [ 42.060508338000147, 9.265873009000074 ], [ 42.058878278000122, 9.249433034999981 ], [ 42.061332213000185, 9.226459058999978 ], [ 42.073688238000159, 9.220963026000106 ], [ 42.112408425000126, 9.230742891999967 ], [ 42.127348470000186, 9.226552852000054 ], [ 42.148558487000173, 9.206262811000158 ], [ 42.165718565000191, 9.21042275200017 ], [ 42.182148647000133, 9.216892684000129 ], [ 42.197458721000032, 9.219872631000044 ], [ 42.208488733000138, 9.211932605000129 ] ] ] } },
{ "type": "Feature", "properties": { "name": "Somali" }, "geometry": { "type": "Polygon", "coordinates": [ [ [ 39.86666, 3.86944 ], [ 39.782780000000173, 3.67833000000013 ], [ 39.594990000000166, 3.500830000000121 ], [ 39.560270000000116, 3.40667000000019 ], [ 39.519020000000182, 3.409310000000119 ], [ 39.50208, 3.422640000000115 ], [ 39.49958, 3.450140000000147 ], [ 39.450830000000167, 3.4625 ], [ 39.42249, 3.46 ], [ 39.331380000000138, 3.469170000000133 ], [ 39.32864, 3.49965 ], [ 39.295, 3.475280000000112 ], [ 39.248890000000188, 3.471390000000156 ], [ 39.19694, 3.478610000000174 ], [ 39.091117958000154, 3.531103962000145 ], [ 39.097917698000174, 3.536690094000164 ], [ 39.220496128999969, 3.602478588000054 ], [ 39.28469638700011, 3.623078557000156 ], [ 39.399616985000193, 3.79565871799997 ], [ 39.482847451000112, 3.941998843000135 ], [ 39.499677537000025, 3.96572886000007 ], [ 39.478277542000114, 4.040328985000144 ], [ 39.509097737000161, 4.114419055000155 ], [ 39.528787869000041, 4.16673909800005 ], [ 39.539687995000065, 4.235169173000145 ], [ 39.56696812600012, 4.26458918100019 ], [ 39.585778237999989, 4.29653919499998 ], [ 39.61881844100003, 4.368469242000117 ], [ 39.642058611000039, 4.435939291000125 ], [ 39.655588703000092, 4.468889319000084 ], [ 39.674648820000129, 4.505189331999986 ], [ 39.690148928000099, 4.543289350000066 ], [ 39.703269004000106, 4.568169368000042 ], [ 39.709829072000048, 4.59736938500015 ], [ 39.717009120000114, 4.615679399000044 ], [ 39.725129173000084, 4.633059405000154 ], [ 39.74589929300015, 4.666579411000157 ], [ 39.743559362999974, 4.723479474000101 ], [ 39.7585095230001, 4.801069525000116 ], [ 39.765069607000044, 4.846849563000092 ], [ 39.78398973600008, 4.890589574000046 ], [ 39.80444989900019, 4.951479603000109 ], [ 39.81286000200015, 5.002069636000044 ], [ 39.833590126000104, 5.032769630000189 ], [ 39.878400448000093, 5.14031964600008 ], [ 39.90730067200019, 5.219609665 ], [ 39.942290907000086, 5.284989659000075 ], [ 40.033681420999983, 5.396789590000139 ], [ 40.063401505000058, 5.378549535000047 ], [ 40.09795160800013, 5.364879467000151 ], [ 40.134591737000108, 5.357869407000123 ], [ 40.174431875000153, 5.353379345000064 ], [ 40.208352001000037, 5.35554928900018 ], [ 40.240632142000095, 5.366079246000027 ], [ 40.276672278999968, 5.368169189000014 ], [ 40.310372412999982, 5.376309137000135 ], [ 40.3695026420001, 5.386409046000097 ], [ 40.532893277000085, 5.410648792000018 ], [ 40.548983361000182, 5.427678773000025 ], [ 40.563503454000113, 5.453908761000093 ], [ 40.581043554000132, 5.475948735000088 ], [ 40.605383670000151, 5.490288706000058 ], [ 40.63305383200003, 5.530068672000084 ], [ 40.679584018000071, 5.540638594000143 ], [ 40.694374115000187, 5.567168583000068 ], [ 40.752884376000168, 5.594398484000067 ], [ 40.811484657000108, 5.634908392000057 ], [ 40.832204765000142, 5.655898367000134 ], [ 40.865004901000077, 5.669018307000158 ], [ 40.922295132000045, 5.683378211000104 ], [ 40.874795190000043, 5.807898320000163 ], [ 40.878405537000049, 5.987518345000183 ], [ 40.871185641000068, 6.055768359000183 ], [ 40.86667566400007, 6.076638368999966 ], [ 40.869515706000186, 6.094498368000075 ], [ 40.866435737000188, 6.113768378000032 ], [ 40.866428984000095, 6.133653443000128 ], [ 40.867875811000147, 6.151288376000082 ], [ 40.877975918000118, 6.18766835800011 ], [ 40.881621045000031, 6.244343346000051 ], [ 40.879696083000113, 6.266508351000141 ], [ 40.864506130000109, 6.320258382000077 ], [ 40.861946173000149, 6.345718391000162 ], [ 40.86443619500011, 6.352278384000158 ], [ 40.86100619900003, 6.361108386000126 ], [ 40.856746236000049, 6.385908396000048 ], [ 40.860356352000167, 6.436198390000129 ], [ 40.885616520000099, 6.472118329000068 ], [ 40.900056653000036, 6.511638298000094 ], [ 40.936146869000083, 6.551158222000083 ], [ 40.98996717700004, 6.604238100999964 ], [ 41.015537354, 6.644558033000067 ], [ 41.071207651000179, 6.687897910000174 ], [ 41.072077665000052, 6.694327906000183 ], [ 41.131027873000107, 6.691257775999986 ], [ 41.156287934000147, 6.67688773000009 ], [ 41.17432796200012, 6.65892769200002 ], [ 41.228468081000187, 6.623007581000081 ], [ 41.358388418000118, 6.5655273160001 ], [ 41.380038496000168, 6.565527268999972 ], [ 41.43778865400003, 6.543967151000061 ], [ 41.528008793000026, 6.464936979000072 ], [ 41.619688883000094, 6.361716810000019 ], [ 41.633348992000094, 6.3913867710001 ], [ 41.656129110000052, 6.409176722000041 ], [ 41.684169237000106, 6.424136654000108 ], [ 41.690329268000085, 6.429416634000177 ], [ 41.704499373000033, 6.452406599000142 ], [ 41.738929635000034, 6.519906501000037 ], [ 41.757879747000175, 6.540536444000168 ], [ 41.798769924000112, 6.557466345000023 ], [ 41.819660021000061, 6.570476295 ], [ 41.853665850000084, 6.568909076000125 ], [ 41.860730083000078, 6.535341221000124 ], [ 41.887980170999981, 6.535346155000184 ], [ 41.93641037600014, 6.553176036000082 ], [ 41.999540669000055, 6.589845874000105 ], [ 42.004040703999976, 6.597625860000107 ], [ 42.006480748000115, 6.614385852 ], [ 42.00038076200002, 6.628645853000137 ], [ 41.999180790000082, 6.641615850000107 ], [ 42.013460876000124, 6.658605806000025 ], [ 42.014640930999974, 6.680445797000061 ], [ 42.025491026000054, 6.706415754999966 ], [ 42.055531229, 6.748755663000054 ], [ 42.062880760000155, 6.825923126000077 ], [ 42.07552156800017, 6.863985540000044 ], [ 42.076231629000176, 6.886735527999974 ], [ 42.09873177500009, 6.915735454000128 ], [ 42.106051829000194, 6.930215429000157 ], [ 42.134161987000027, 6.954165339999975 ], [ 42.139942035000104, 6.967265314000144 ], [ 42.162642213000026, 7.007115234000025 ], [ 42.157612300000096, 7.051325216000123 ], [ 42.18696251700004, 7.096395109000014 ], [ 42.204702686000132, 7.141035027000157 ], [ 42.203456820000099, 7.19463298800008 ], [ 42.209842922000178, 7.226904942999965 ], [ 42.209853015000192, 7.264004914 ], [ 42.19911009600014, 7.291440179000119 ], [ 41.896122317000106, 7.411205596000059 ], [ 41.867102525000064, 7.53277558000002 ], [ 41.867792539000163, 7.538175568000042 ], [ 41.904802935000134, 7.635925389000079 ], [ 41.942493313000114, 7.727465209000059 ], [ 41.957143487000053, 7.774785126000154 ], [ 41.912403516000097, 7.844395182000028 ], [ 41.922163920000173, 7.978105022000079 ], [ 41.926344219999976, 8.080564910000021 ], [ 41.948404642000071, 8.200894719000132 ], [ 42.027053755000111, 8.323024846000123 ], [ 42.026005586000167, 8.425834241000075 ], [ 42.041305705000184, 8.447464167000078 ], [ 42.069725950000077, 8.493974029000185 ], [ 42.097746132000111, 8.518988912000054 ], [ 42.215616852000096, 8.611203440000111 ], [ 42.232676985000069, 8.635033353000097 ], [ 42.23966702600012, 8.639883325000142 ], [ 42.263077100000146, 8.635953264000136 ], [ 42.27499707700008, 8.615103251999983 ], [ 42.294687059000125, 8.586043233000112 ], [ 42.307147024000187, 8.559643230000063 ], [ 42.323037013000146, 8.53677320800017 ], [ 42.502557518000117, 8.492082721000031 ], [ 42.520137541000111, 8.478712686 ], [ 42.52976750400012, 8.454832691000092 ], [ 42.53872735900012, 8.397222738000039 ], [ 42.550077254000144, 8.350502768000126 ], [ 42.567027021, 8.255612845000087 ], [ 42.578096982000147, 8.2285328480001 ], [ 42.61597690200017, 8.159602825000093 ], [ 42.630626897000184, 8.140432805000046 ], [ 42.651406933000032, 8.129672756000161 ], [ 42.661356973000125, 8.130282726000189 ], [ 42.678517081000109, 8.147322652000184 ], [ 42.701597256000127, 8.179612544 ], [ 42.711157367000055, 8.206762476000051 ], [ 42.719147516000078, 8.24566240200005 ], [ 42.734877721000146, 8.29437228300003 ], [ 42.753947918000165, 8.337122165000096 ], [ 42.768168047000188, 8.363172085000031 ], [ 42.779378119000114, 8.373262037000188 ], [ 42.79818817000006, 8.370071980000091 ], [ 42.858098442000141, 8.391691759000082 ], [ 42.884408557000029, 8.398511668000083 ], [ 42.89884863900005, 8.409101609000118 ], [ 42.897028782, 8.457751538000139 ], [ 42.910828963000085, 8.498781437000048 ], [ 42.912369041000147, 8.522101393000071 ], [ 42.907609114000081, 8.549031371000183 ], [ 42.905319211000062, 8.582221323999988 ], [ 42.89878926, 8.602671316000055 ], [ 42.859879233000129, 8.636301388000163 ], [ 42.838419246000115, 8.664391413000033 ], [ 42.831989324000119, 8.695231381000042 ], [ 42.837129454000149, 8.727831313000138 ], [ 42.843919574000097, 8.75792124700007 ], [ 42.865359802, 8.804351102000055 ], [ 42.865329867000128, 8.825111068000183 ], [ 42.849549881000087, 8.844291089000023 ], [ 42.805159809000031, 8.870031190000191 ], [ 42.761179809000168, 8.917711263000058 ], [ 42.730639804000077, 8.948021313000083 ], [ 42.703069812000081, 8.980911350000099 ], [ 42.680129841000166, 9.015021373000025 ], [ 42.662289891000057, 9.048961372000065 ], [ 42.644349907000048, 9.072981394000124 ], [ 42.61929987100001, 9.08928145100009 ], [ 42.599345568000047, 9.106174348000081 ], [ 42.609429932000069, 9.118461437 ], [ 42.62596003800013, 9.132081361000189 ], [ 42.635110110000142, 9.143971312000133 ], [ 42.634700161000069, 9.158521290000181 ], [ 42.614300135000065, 9.173961327000029 ], [ 42.595480137000038, 9.193591358000049 ], [ 42.583590165000032, 9.21538136700002 ], [ 42.579610222000156, 9.237501343000076 ], [ 42.570990259000041, 9.258181333000152 ], [ 42.561080268000126, 9.270301348000146 ], [ 42.551360282000076, 9.286571357000071 ], [ 42.546950331000119, 9.30523133500003 ], [ 42.556290423, 9.321051281000166 ], [ 42.551580485000045, 9.345241258000101 ], [ 42.537453342000106, 9.372981780000146 ], [ 42.552181884000163, 9.382099331000063 ], [ 42.56712217900008, 9.39610568300003 ], [ 42.584863766000126, 9.40917826600014 ], [ 42.603539099000159, 9.416648284000019 ], [ 42.640889819000108, 9.447462241999972 ], [ 42.65583009400018, 9.455866032000074 ], [ 42.666101523000123, 9.458667278000178 ], [ 42.681975572000056, 9.469872345000113 ], [ 42.714657375000058, 9.474541032000161 ], [ 42.72866388500006, 9.482944825000118 ], [ 42.736134051000192, 9.495083681000153 ], [ 42.747339257000021, 9.501619963000053 ], [ 42.776286019000054, 9.511891223000077 ], [ 42.787491242000158, 9.523096305000138 ], [ 42.813636848000044, 9.572585500000116 ], [ 42.840716079000174, 9.582856765000088 ], [ 42.864060224000127, 9.586591722000094 ], [ 42.879934228000138, 9.584724145000052 ], [ 42.892073139000047, 9.574452741000187 ], [ 42.908880874000147, 9.563247560000036 ], [ 42.921019829000045, 9.565115037000112 ], [ 42.943430277000175, 9.58752519899997 ], [ 42.968641956000113, 9.592193908000183 ], [ 42.979847194000172, 9.607134029000065 ], [ 42.977979742000173, 9.62861051699997 ], [ 42.963973362, 9.655689608000102 ], [ 42.950900710000155, 9.672497336000049 ], [ 42.935026727000093, 9.679967474000136 ], [ 42.925689047000049, 9.672497427000167 ], [ 42.917285105000133, 9.657557297000153 ], [ 42.907947424000156, 9.650087250000183 ], [ 42.897676006000097, 9.650087287000076 ], [ 42.853789080000126, 9.662226324000017 ], [ 42.822974869000063, 9.674365316000092 ], [ 42.790293150000025, 9.693040634 ], [ 42.73053226900015, 9.721053651000148 ], [ 42.713724562999971, 9.740662673000031 ], [ 42.703453207000109, 9.758404151000036 ], [ 42.694115592000173, 9.768675546000168 ], [ 42.681042896000122, 9.774278154000058 ], [ 42.663794574000121, 9.776549058000057 ], [ 42.647427344, 9.775212033000173 ], [ 42.618480555000076, 9.758404454000129 ], [ 42.568057145000182, 9.73692815000004 ], [ 42.498958445000142, 9.721054470000126 ], [ 42.448535114000094, 9.721988407000026 ], [ 42.376572174000046, 9.713839606000022 ], [ 42.355761031000043, 9.717861289000155 ], [ 42.346191003000115, 9.72136131600007 ], [ 42.339772808000134, 9.719617623000147 ], [ 42.293520927000088, 9.757491440000081 ], [ 42.250990849000118, 9.783491543000082 ], [ 42.213350694000155, 9.783741669000165 ], [ 42.18577054800005, 9.773561785000027 ], [ 42.030809393000027, 9.618482565000079 ], [ 42.018909342000086, 9.617922606000036 ], [ 42.00838931800007, 9.622162633000073 ], [ 41.996429301000035, 9.631162655000139 ], [ 41.906139095000015, 9.679302884000037 ], [ 41.873238977000142, 9.683882986000128 ], [ 41.853278860000046, 9.673743065 ], [ 41.808678563000058, 9.64055326600004 ], [ 41.801038541000139, 9.642413289 ], [ 41.790998523000042, 9.649033309000117 ], [ 41.773828470000012, 9.653703360000065 ], [ 41.748601873999974, 9.636353472000167 ], [ 41.749068191000106, 9.600553523000031 ], [ 41.728027738000151, 9.489033754000047 ], [ 41.734617702000037, 9.471483758000147 ], [ 41.721947641000042, 9.467533805000073 ], [ 41.702277556000126, 9.466653867000105 ], [ 41.670197435000148, 9.470633967000083 ], [ 41.654157407000071, 9.481234004000044 ], [ 41.642597468000076, 9.515143991000116 ], [ 41.564157121999983, 9.506944249000071 ], [ 41.540606997000054, 9.499584337000044 ], [ 41.522066872000153, 9.485324414000104 ], [ 41.490966655000079, 9.45742454700013 ], [ 41.47903661800018, 9.460024588000067 ], [ 41.432616474000042, 9.475854707000053 ], [ 41.393086338000103, 9.485754821000114 ], [ 41.336496130000114, 9.494634984000072 ], [ 41.308696037000175, 9.503075062000107 ], [ 41.279675905000147, 9.501535149000176 ], [ 41.26755585300009, 9.499365192000084 ], [ 41.252250787000094, 9.500380239000151 ], [ 41.239315729000111, 9.498795281000127 ], [ 41.219885617000045, 9.490715353000041 ], [ 41.19480542600013, 9.462295465000068 ], [ 41.170455255000036, 9.441405560000135 ], [ 41.145445100000074, 9.42462566100005 ], [ 41.083544768000024, 9.404415874999984 ], [ 41.056484617000081, 9.391065970000056 ], [ 41.030084447000092, 9.372456071000101 ], [ 41.014074331000188, 9.357206139000027 ], [ 40.970714125000086, 9.35150627600018 ], [ 40.953554005000115, 9.335576340000159 ], [ 40.926973855000142, 9.323126437999974 ], [ 40.902963734000139, 9.318216515000074 ], [ 40.874103588000025, 9.309446605000119 ], [ 40.844103443000165, 9.3047967010001 ], [ 40.824753361000148, 9.305356758000187 ], [ 40.812563326000088, 9.310926782000081 ], [ 40.80851335300008, 9.32675677900005 ], [ 40.79262340300005, 9.367396777000181 ], [ 40.788823447000027, 9.386896769000145 ], [ 40.797643508000192, 9.395556737000106 ], [ 40.828063631000134, 9.393096648000039 ], [ 40.858223742000064, 9.385366568000109 ], [ 40.891213899000093, 9.389536466000152 ], [ 40.913854017000176, 9.397196392000126 ], [ 40.92751409900012, 9.405136336 ], [ 40.917524111000034, 9.421836350000149 ], [ 40.889994069000011, 9.448646402000065 ], [ 40.862183991000109, 9.463016470000127 ], [ 40.842363908000038, 9.463586528000064 ], [ 40.815763756000194, 9.452736614000116 ], [ 40.783223598000063, 9.447886716000085 ], [ 40.71953330700012, 9.443876908000163 ], [ 40.698563231000037, 9.447646965999979 ], [ 40.696138915000176, 9.446065145000091 ], [ 40.696182182000143, 9.502225672000179 ], [ 40.70220239300005, 9.536092664000137 ], [ 40.717722820000176, 9.569319690999976 ], [ 40.725023037000142, 9.593577531000165 ], [ 40.733733265000183, 9.610136051000154 ], [ 40.738523407, 9.625044720000062 ], [ 40.751893772000074, 9.654612077000024 ], [ 40.766294130000176, 9.670790614000055 ], [ 40.825564751000172, 9.763456219000034 ], [ 40.847334932000138, 9.790326117000177 ], [ 40.946675658000061, 9.88035569300007 ], [ 40.996556033000047, 9.928695472000186 ], [ 41.01393614400007, 9.939205401000152 ], [ 41.019566201000032, 9.948825373000147 ], [ 41.01335621000004, 9.959995378000031 ], [ 40.998936168000114, 9.96783541200017 ], [ 40.965806035000071, 9.971685510000043 ], [ 40.953476035000051, 9.987495526000032 ], [ 40.946036045000142, 10.001315530999989 ], [ 40.936556112000119, 10.035245519 ], [ 40.948686272000145, 10.067755434000048 ], [ 40.953846382000052, 10.09572538000009 ], [ 40.974676674000136, 10.156645228000173 ], [ 40.978826820000165, 10.194675160000145 ], [ 40.989947020000102, 10.239905060000069 ], [ 41.005097355000146, 10.318844900999977 ], [ 41.015027481, 10.34317483000018 ], [ 41.030437744000096, 10.400444692000121 ], [ 41.031847823000135, 10.422004653999977 ], [ 41.04714808000017, 10.477624517999971 ], [ 41.056978201000049, 10.500284453 ], [ 41.061378278000063, 10.516654411 ], [ 41.071308406000071, 10.54098434500014 ], [ 41.087038686000085, 10.600564198000143 ], [ 41.082448778000128, 10.632514160000085 ], [ 41.07788878000008, 10.639474169000152 ], [ 41.078988856000194, 10.658844132000127 ], [ 41.077268923000076, 10.681154098000093 ], [ 41.08997903400018, 10.696974034 ], [ 41.114869237, 10.720313912000108 ], [ 41.133109403000049, 10.744083808000028 ], [ 41.149219460000097, 10.759764788000041 ], [ 41.166429687000061, 10.779713638000032 ], [ 41.190879857000141, 10.796413524000116 ], [ 41.207460020000042, 10.820303423000155 ], [ 41.220060127000124, 10.834463355000082 ], [ 41.231980293000163, 10.863653268 ], [ 41.233600394000177, 10.891183215000126 ], [ 41.2407505380001, 10.921363138000117 ], [ 41.268160800000146, 10.957852979000108 ], [ 41.300280976000181, 10.964062852000097 ], [ 41.348581194000076, 10.962532683000063 ], [ 41.39222140600009, 10.966312520000088 ], [ 41.410081462000107, 10.958472469000014 ], [ 41.484071837000158, 10.966902183000116 ], [ 41.582232270000191, 10.962071839000146 ], [ 41.634182519000092, 10.965301641 ], [ 41.680832726000176, 10.963881473000129 ], [ 41.699542834000169, 10.969311391000133 ], [ 41.717612896000105, 10.964781335000112 ], [ 41.739543010000091, 10.96833124800014 ], [ 41.760453151000092, 10.981941141999982 ], [ 41.763363201000175, 10.990871113000026 ], [ 41.768913225000063, 10.991211091000082 ], [ 41.811704585000143, 10.983851437000055 ], [ 41.83722, 10.973050000000114 ], [ 41.88194, 10.960830000000158 ], [ 41.918050000000108, 10.95361000000014 ], [ 41.991940000000113, 10.94222 ], [ 42.01972, 10.944720000000189 ], [ 42.08034, 10.97743000000014 ], [ 42.12555, 10.999440000000163 ], [ 42.171660000000145, 11.00028 ], [ 42.30055, 11.011390000000176 ], [ 42.35889, 11.01916 ], [ 42.50111, 11.06361 ], [ 42.608240000000194, 11.09158 ], [ 42.64041, 11.09708 ], [ 42.748190000000193, 11.07792000000012 ], [ 42.75979000000018, 11.059100000000115 ], [ 42.769300000000158, 11.02319 ], [ 42.7922200000001, 10.99778 ], [ 42.81097, 10.988330000000133 ], [ 42.89097, 10.98208000000011 ], [ 42.944090000000131, 11.00244 ], [ 42.9175, 10.95528000000013 ], [ 42.83861, 10.87389 ], [ 42.764160000000118, 10.78042 ], [ 42.66479, 10.632910000000152 ], [ 42.68111000000016, 10.582780000000184 ], [ 42.709440000000143, 10.536110000000122 ], [ 42.722220000000107, 10.51792 ], [ 42.74666, 10.495690000000138 ], [ 42.786110000000122, 10.455550000000187 ], [ 42.79708, 10.42278 ], [ 42.80333, 10.38055 ], [ 42.80611, 10.35 ], [ 42.816940000000159, 10.313890000000129 ], [ 42.85069, 10.219440000000191 ], [ 42.86416, 10.20055 ], [ 42.89097, 10.17208 ], [ 42.922780000000103, 10.147780000000125 ], [ 42.98055, 10.117640000000165 ], [ 43.01305, 10.081110000000137 ], [ 43.034720000000164, 10.025 ], [ 43.04277, 9.99306 ], [ 43.05166, 9.96819 ], [ 43.06305, 9.94875 ], [ 43.0843, 9.92486 ], [ 43.110280000000159, 9.908890000000156 ], [ 43.147840000000144, 9.902780000000178 ], [ 43.18041, 9.902780000000178 ], [ 43.20409, 9.892290000000173 ], [ 43.22486, 9.86319 ], [ 43.26055, 9.68472 ], [ 43.275280000000123, 9.64556 ], [ 43.28333, 9.634720000000186 ], [ 43.328470000000152, 9.61958 ], [ 43.386660000000177, 9.55694 ], [ 43.42777, 9.485280000000159 ], [ 43.42514, 9.460830000000101 ], [ 43.425830000000133, 9.43458 ], [ 43.44166, 9.41764 ], [ 43.55527, 9.348470000000134 ], [ 43.583060000000103, 9.33611 ], [ 43.627220000000136, 9.35444 ], [ 44.010550000000137, 9.007220000000132 ], [ 44.697125902000153, 8.779709554000078 ], [ 45.504358619000129, 8.507762079999964 ], [ 45.935566371000107, 8.365377519999981 ], [ 47.011940000000152, 8.00111 ], [ 47.98824, 8.00411 ], [ 47.98722, 8.00111 ], [ 47.904050000000154, 7.92046 ], [ 47.55555, 7.59222 ], [ 46.991390000000138, 7.056940000000168 ], [ 46.56139, 6.61944 ], [ 45.955830000000105, 5.999170000000106 ], [ 45.00784, 4.96257 ], [ 44.950830000000167, 4.9025 ], [ 43.981940000000122, 4.96305 ], [ 43.922220000000152, 4.93444 ], [ 43.85583, 4.91389 ], [ 43.823424633000116, 4.909017784000184 ], [ 43.79863192, 4.86921770500004 ], [ 43.539719044000151, 4.789742177999983 ], [ 43.51273194200013, 4.82118015500015 ], [ 43.508545760000118, 4.829276613000047 ], [ 43.321660000000122, 4.74861 ], [ 43.1936, 4.68778 ], [ 43.158190000000104, 4.66639 ], [ 42.98569, 4.52542 ], [ 42.96888, 4.50431 ], [ 42.95722, 4.48111 ], [ 42.94652, 4.44611 ], [ 42.93361, 4.388750000000186 ], [ 42.91999, 4.364030000000128 ], [ 42.876660000000129, 4.31833 ], [ 42.85569, 4.30472 ], [ 42.831670000000145, 4.29528 ], [ 42.76861, 4.278330000000153 ], [ 42.74083000000013, 4.272780000000125 ], [ 42.62229, 4.260420000000124 ], [ 42.563789384000131, 4.246906928999977 ], [ 42.566458657000055, 4.244940942000142 ], [ 42.585087331000068, 4.214725171 ], [ 42.554531097000108, 4.206250191000095 ], [ 42.527348192000147, 4.203004767000152 ], [ 42.47552108800005, 4.2027311330001 ], [ 42.37097930900012, 4.189451217000169 ], [ 42.266151204000096, 4.182680943000037 ], [ 42.193443203000129, 4.178970202000073 ], [ 42.087669373000097, 4.179365158000053 ], [ 42.069023132000154, 4.168312073000095 ], [ 42.061088562, 4.161539078000033 ], [ 42.008708954000099, 4.101514816000133 ], [ 42.000000000000171, 4.093367100000137 ], [ 41.979049683000028, 4.095186233999982 ], [ 41.974220275999983, 4.080558777000022 ], [ 41.972679138000046, 4.079374790000031 ], [ 41.966911316000107, 4.080088138000065 ], [ 41.946220398000037, 4.055664063000108 ], [ 41.945991516000106, 4.044589996000184 ], [ 41.948955536000028, 4.027874947000157 ], [ 41.943458557000042, 4.016658783000082 ], [ 41.926399231, 4.002608776000102 ], [ 41.921424866000109, 3.994117021000136 ], [ 41.913089752000019, 3.990753889000018 ], [ 41.906898499000192, 3.978008032000162 ], [ 41.899078369000051, 3.975493908000146 ], [ 41.893829346000189, 3.978760004000037 ], [ 41.890090942000143, 3.978439092000144 ], [ 41.878150940000012, 3.96776795400001 ], [ 41.863864897999974, 3.963756084000067 ], [ 41.852069855000082, 3.950186968000025 ], [ 41.845451355000137, 3.950052023000126 ], [ 41.840557099000193, 3.955019951000168 ], [ 41.833488464000027, 3.945880889000023 ], [ 41.829360962000067, 3.94681406 ], [ 41.824310303000061, 3.944529056000135 ], [ 41.820648193000125, 3.94615006500004 ], [ 41.819969177000075, 3.948223114000086 ], [ 41.822509766000053, 3.953737021000052 ], [ 41.820682526000041, 3.955812931000025 ], [ 41.805778503000113, 3.957468033 ], [ 41.802108765000071, 3.955409050000128 ], [ 41.798213958000133, 3.956800938000185 ], [ 41.794788361000087, 3.96026206 ], [ 41.792980194000165, 3.969010114000127 ], [ 41.794139862000179, 3.975447892999966 ], [ 41.79254913300008, 3.979363918000104 ], [ 41.787269592000143, 3.977078914 ], [ 41.784290314000032, 3.977318049000189 ], [ 41.782234192000089, 3.979393959000163 ], [ 41.778087616000164, 3.973886013000083 ], [ 41.772579193000126, 3.972290993000058 ], [ 41.754024506000121, 3.97671794900009 ], [ 41.755420685000104, 3.984766006000143 ], [ 41.751525879000098, 3.985466957000142 ], [ 41.746932983000193, 3.983409881999989 ], [ 41.744190216, 3.985949039000047 ], [ 41.740749359000176, 3.98457908600011 ], [ 41.735710144000052, 3.986893892000126 ], [ 41.734119415000123, 3.991499901000111 ], [ 41.730205536000028, 3.986680031000105 ], [ 41.72356033300008, 3.987159967000025 ], [ 41.720588685000052, 3.992460012000095 ], [ 41.71369171200007, 3.983278036000115 ], [ 41.692581177000136, 3.978048086000115 ], [ 41.687511444000165, 3.969779968000068 ], [ 41.684070587000122, 3.970710039000039 ], [ 41.680629730000078, 3.969340086000102 ], [ 41.674411774000191, 3.959924936 ], [ 41.663879394000048, 3.965707064000071 ], [ 41.655166625999982, 3.965502024000159 ], [ 41.63159942600015, 3.982362031999969 ], [ 41.627700806000121, 3.983294010000179 ], [ 41.617820740000127, 3.973889113000155 ], [ 41.608184814000083, 3.972995997000169 ], [ 41.602230072000168, 3.974852085000066 ], [ 41.593273163000049, 3.970046043000139 ], [ 41.57630920400004, 3.970782996000082 ], [ 41.56689834600013, 3.966666937000127 ], [ 41.560260772000049, 3.97082710300009 ], [ 41.550659179000036, 3.981666088000111 ], [ 41.545158386000139, 3.982140064000077 ], [ 41.524032593000186, 3.971153975000163 ], [ 41.518268585000044, 3.959666967999965 ], [ 41.509769440000184, 3.954627991000052 ], [ 41.505191803000059, 3.954870939000102 ], [ 41.506809235000105, 3.961997986000085 ], [ 41.505668640000124, 3.96476197200019 ], [ 41.499710082999968, 3.963627100000053 ], [ 41.489379882000151, 3.957902908000051 ], [ 41.484329223000145, 3.958606958000189 ], [ 41.482040406000181, 3.957462073000045 ], [ 41.479732513000101, 3.95217704800001 ], [ 41.472858429000155, 3.955185891000042 ], [ 41.468269348000149, 3.953126907000183 ], [ 41.460254669, 3.956598997000071 ], [ 41.445339203000117, 3.953646899000034 ], [ 41.437091827000188, 3.95481896400014 ], [ 41.435466766000104, 3.947460890000059 ], [ 41.430187226000101, 3.944943905000116 ], [ 41.426750183000024, 3.945413113000029 ], [ 41.421714783000141, 3.949336052000149 ], [ 41.419189453000058, 3.94796299900014 ], [ 41.413688660000162, 3.948896885000124 ], [ 41.405448913000043, 3.953289032000043 ], [ 41.394695282000157, 3.962287903 ], [ 41.391254425000113, 3.962757110000041 ], [ 41.378616333000025, 3.951745987000152 ], [ 41.373569488000157, 3.95152902600006 ], [ 41.365783691000161, 3.954308987000104 ], [ 41.359603882000158, 3.958925009000154 ], [ 41.359382630000141, 3.96099591300009 ], [ 41.354564667000034, 3.960318089000111 ], [ 41.348350525000114, 3.950901031000058 ], [ 41.338939666000101, 3.946552992000079 ], [ 41.329750061000141, 3.939213037000059 ], [ 41.32630920500003, 3.938761950000128 ], [ 41.320133209000062, 3.943837881000093 ], [ 41.314933777000078, 3.944274903000178 ], [ 41.309829712000123, 3.947866916000123 ], [ 41.281738281000116, 3.948544979000133 ], [ 41.278068543000018, 3.949794054000051 ], [ 41.27577590900006, 3.955415011000127 ], [ 41.252189636000139, 3.954701901000135 ], [ 41.235301971000183, 3.958884954000098 ], [ 41.23011016900017, 3.956034899000088 ], [ 41.22707748400012, 3.949891091000154 ], [ 41.214550019, 3.953505993000135 ], [ 41.203208924000194, 3.947947979000162 ], [ 41.202751160000162, 3.938919068000132 ], [ 41.200981140000067, 3.93810606 ], [ 41.185871124000073, 3.941414118000182 ], [ 41.181571960000156, 3.939517975000058 ], [ 41.169265747000054, 3.942579985000066 ], [ 41.162860871000191, 3.951335907000157 ], [ 41.132629395000095, 3.966588021 ], [ 41.135620117000087, 3.971411944000067 ], [ 41.133338928000114, 3.974178076000157 ], [ 41.124855042000149, 3.97419595700012 ], [ 41.122581482000157, 3.982482910000044 ], [ 41.118003845000032, 3.987095117000024 ], [ 41.111816406000116, 3.987567902000137 ], [ 41.105388641000047, 3.985281945000111 ], [ 41.104019165000068, 3.989195108000104 ], [ 41.098529816000166, 3.995188952000092 ], [ 41.091869354000096, 4.013317108000081 ], [ 41.072650910000164, 4.022595882000076 ], [ 41.057388306000121, 4.047733784000059 ], [ 41.044361115000072, 4.058828831000142 ], [ 41.040710449000187, 4.064825058 ], [ 41.035228729000096, 4.070367813000075 ], [ 41.026065826000035, 4.07086420100012 ], [ 41.023109436000027, 4.076626777000115 ], [ 41.009860992000029, 4.089333058000136 ], [ 41.001422882000156, 4.10270977100015 ], [ 40.99341964700011, 4.107801915000096 ], [ 40.982192994000116, 4.110606192999967 ], [ 40.972156525000059, 4.125369072000126 ], [ 40.965080261000082, 4.132068157000106 ], [ 40.947910308000075, 4.140876769999977 ], [ 40.929805756000064, 4.144166947000031 ], [ 40.913780212000177, 4.151128769000138 ], [ 40.906448364000141, 4.15253686900013 ], [ 40.90415954600013, 4.154615879000175 ], [ 40.898490905000187, 4.170742989000132 ], [ 40.883205414000088, 4.192656994000117 ], [ 40.881401062, 4.198857784000154 ], [ 40.884010315000182, 4.206934929000113 ], [ 40.882381440000131, 4.212838173000023 ], [ 40.873218537000071, 4.220889092000107 ], [ 40.855766297000059, 4.226706981 ], [ 40.844100952000076, 4.246257782000043 ], [ 40.830688477000081, 4.248429775000034 ], [ 40.813842774000079, 4.255150794999963 ], [ 40.784641266000108, 4.273006916000099 ], [ 40.778388977000191, 4.280996800000025 ], [ 40.773384137000164, 4.282452356000022 ], [ 40.67222, 4.228610000000174 ], [ 40.398890000000165, 4.12306 ], [ 40.38861, 4.09889 ], [ 40.1825, 4.0225 ], [ 40.0, 3.928580000000181 ], [ 39.86666, 3.86944 ] ] ] } },
{ "type": "Feature", "properties": { "name": "Benishangul-Gumuz" }, "geometry": { "type": "Polygon", "coordinates": [ [ [ 34.532142688000192, 9.590564430000029 ], [ 34.523230916000159, 9.541112503000079 ], [ 34.498732266000161, 9.514231065999979 ], [ 34.512974770000142, 9.448000646000139 ], [ 34.45180644800007, 9.449110630000121 ], [ 34.46627046499998, 9.365810855000063 ], [ 34.451728095000078, 9.308702328000038 ], [ 34.452389509000056, 9.257480946000044 ], [ 34.439560022000194, 9.215575531000127 ], [ 34.401742184, 9.186634573000049 ], [ 34.340877048000152, 9.168779030000167 ], [ 34.39326997600017, 9.116329925000059 ], [ 34.426835009000115, 9.071795454000039 ], [ 34.458330016000161, 9.073183166000092 ], [ 34.483666689000188, 9.047145573000023 ], [ 34.503707991000169, 9.004134039000178 ], [ 34.430651004000083, 8.967436632000044 ], [ 34.134406861000059, 8.9625607750001 ], [ 34.08583, 9.55305 ], [ 34.14, 9.75805 ], [ 34.20722, 9.905 ], [ 34.230550000000164, 10.02764000000019 ], [ 34.32305, 10.11722 ], [ 34.34833, 10.238470000000177 ], [ 34.341940000000193, 10.28083 ], [ 34.28611, 10.55416 ], [ 34.35278, 10.63167 ], [ 34.439720000000136, 10.784440000000131 ], [ 34.59444, 10.88778 ], [ 34.67388, 10.83472 ], [ 34.800550000000101, 10.72333 ], [ 34.86062, 10.73201 ], [ 34.975270000000137, 10.864440000000116 ], [ 34.978610000000117, 10.91528 ], [ 34.933330000000126, 10.95666 ], [ 35.005550000000142, 11.17444 ], [ 35.0075, 11.19833 ], [ 34.97111, 11.231110000000115 ], [ 34.964160000000163, 11.25042000000019 ], [ 34.96708000000018, 11.27486000000016 ], [ 34.986380000000111, 11.318330000000117 ], [ 35.004440000000159, 11.34889 ], [ 35.01333000000011, 11.367780000000153 ], [ 35.08749, 11.53583 ], [ 35.0952, 11.57646 ], [ 35.091660000000161, 11.598890000000154 ], [ 35.0668, 11.646530000000155 ], [ 35.058330000000183, 11.730280000000107 ], [ 35.063190000000134, 11.75958 ], [ 35.083610000000192, 11.80555 ], [ 35.102360000000147, 11.834440000000143 ], [ 35.11625, 11.85083 ], [ 35.13444, 11.86389 ], [ 35.16833000000014, 11.87833 ], [ 35.20166, 11.88639 ], [ 35.231380000000115, 11.898190000000113 ], [ 35.253610000000151, 11.917500000000189 ], [ 35.26108444900018, 11.927687256000013 ], [ 35.275302756000031, 11.904263984000181 ], [ 35.284349649000092, 11.884517440000025 ], [ 35.28734885800003, 11.870111520000023 ], [ 35.287655204000146, 11.85589801600014 ], [ 35.284697536000181, 11.846503197000061 ], [ 35.288090104000048, 11.82988827000014 ], [ 35.296693367000046, 11.819466958000078 ], [ 35.297504101000129, 11.807175506000078 ], [ 35.295932535000134, 11.799151355000049 ], [ 35.303270237000106, 11.802808740000046 ], [ 35.313664384000106, 11.792233827000018 ], [ 35.325713089000033, 11.794483632000095 ], [ 35.334977471000059, 11.781957183000088 ], [ 35.33744408900003, 11.77302875100014 ], [ 35.363772558000051, 11.752983616000108 ], [ 35.394678371000055, 11.746206013 ], [ 35.42178871200008, 11.729397646999985 ], [ 35.441037078000193, 11.729939813999977 ], [ 35.461640971000122, 11.735090711000112 ], [ 35.473298434000185, 11.736175096000068 ], [ 35.516946098000062, 11.718011189000038 ], [ 35.534567862000074, 11.729668536000133 ], [ 35.576589017000174, 11.76735160700008 ], [ 35.589873109000052, 11.77304471900004 ], [ 35.62348997600003, 11.775755679000156 ], [ 35.644907181000121, 11.781448774000012 ], [ 35.661715636000054, 11.793377223000164 ], [ 35.666595569000151, 11.825909434000096 ], [ 35.683244407000075, 11.82537983900005 ], [ 35.69439444000011, 11.831326456000113 ], [ 35.7055444450001, 11.822406478000119 ], [ 35.719667820000097, 11.829096413000059 ], [ 35.736764526000172, 11.832813031000114 ], [ 35.756091228, 11.831326333 ], [ 35.762781253000128, 11.837272957000152 ], [ 35.773931268000126, 11.833556286000032 ], [ 35.803664669000113, 11.838016204000098 ], [ 35.814814670000146, 11.828352897000173 ], [ 35.822991351000155, 11.82686622 ], [ 35.848264760000063, 11.84024610300014 ], [ 35.860158136, 11.849909364000041 ], [ 35.868334835000041, 11.859572633000141 ], [ 35.870564855000168, 11.864775933999965 ], [ 35.874423950000164, 11.885936790000073 ], [ 35.88766161000018, 11.890792434 ], [ 35.911293747000173, 11.90554193100013 ], [ 35.917731323000055, 11.904956687000038 ], [ 35.92475414900008, 11.912564663000126 ], [ 35.936458851000111, 11.920757861000027 ], [ 35.942896461000032, 11.936559060000093 ], [ 35.939970328000129, 11.954408584000134 ], [ 35.933240147000049, 11.95996828400007 ], [ 35.935288480000168, 11.966113195000162 ], [ 35.939385129000073, 11.970209797 ], [ 35.965816198000027, 11.984583925999971 ], [ 35.972338362000016, 11.970334136000076 ], [ 35.969024161000164, 11.95841593800003 ], [ 35.978033363000065, 11.960496563000163 ], [ 35.995979783999985, 11.926879409000094 ], [ 36.02121089100018, 11.913844522999966 ], [ 36.042642416000149, 11.895065586999976 ], [ 36.03382405800005, 11.89176959200006 ], [ 36.03811706800019, 11.885488093000163 ], [ 36.05060942200015, 11.883020070000157 ], [ 36.045074965000083, 11.876433834000181 ], [ 36.056373809000036, 11.874303763000057 ], [ 36.049140053000144, 11.86599999900011 ], [ 36.050965194000071, 11.85686365700019 ], [ 36.054495611000107, 11.849317632000123 ], [ 36.066264639000053, 11.851600541000096 ], [ 36.084290124000177, 11.835083350000104 ], [ 36.081458584000188, 11.824370293000186 ], [ 36.095070644000032, 11.812859272000139 ], [ 36.105230449000032, 11.81589069100005 ], [ 36.117241499000102, 11.774199840000108 ], [ 36.123229422000065, 11.734435989000133 ], [ 36.116605585000059, 11.723511786000188 ], [ 36.12552807700007, 11.719165851000014 ], [ 36.118357555999978, 11.705810794000172 ], [ 36.144827013000111, 11.685617417000117 ], [ 36.157139257000097, 11.685897224000087 ], [ 36.164995391000161, 11.678176712000095 ], [ 36.176215873000046, 11.684244684000134 ], [ 36.18566994400004, 11.69003216200008 ], [ 36.200828669000089, 11.705839421000178 ], [ 36.207073445000049, 11.721434708000061 ], [ 36.23157853500004, 11.722111979999966 ], [ 36.235871693000036, 11.736957521000022 ], [ 36.260980303000053, 11.75347995900006 ], [ 36.282906732000129, 11.772664399000178 ], [ 36.308797963000188, 11.803229321000117 ], [ 36.329066074000025, 11.796687280000185 ], [ 36.341274615000088, 11.780808515000103 ], [ 36.337592075000032, 11.772977904000129 ], [ 36.341201371000068, 11.767746560000148 ], [ 36.338741805000097, 11.761043285000028 ], [ 36.340356370000052, 11.74863762300015 ], [ 36.338818216000107, 11.743467697000085 ], [ 36.339599207000163, 11.737497499000142 ], [ 36.333822540000142, 11.72318352200017 ], [ 36.334546847000126, 11.717170157999988 ], [ 36.332064212000148, 11.704052347000072 ], [ 36.347556373000032, 11.696597154000074 ], [ 36.332418123000025, 11.666042003000143 ], [ 36.33834817200011, 11.650889495000172 ], [ 36.348421412000107, 11.605359639000142 ], [ 36.365276536000124, 11.600335471000108 ], [ 36.375154938000151, 11.607679311000027 ], [ 36.379358777000107, 11.596136897000179 ], [ 36.391413341000032, 11.583301760000154 ], [ 36.390329784000187, 11.571339635000129 ], [ 36.403408975000104, 11.545985624000082 ], [ 36.414534417000141, 11.545125206000137 ], [ 36.413115923000191, 11.53195975400007 ], [ 36.434026834000122, 11.510784498000078 ], [ 36.444303742000102, 11.492808222000065 ], [ 36.438374050000107, 11.491818720000083 ], [ 36.435648262000143, 11.486685486000056 ], [ 36.425105101000099, 11.476710260000175 ], [ 36.419657873000062, 11.467311283000129 ], [ 36.409544390000178, 11.458302047000018 ], [ 36.409947647000081, 11.41391171600003 ], [ 36.448054280000065, 11.426865496000175 ], [ 36.467155096000056, 11.428645228000164 ], [ 36.471480801000098, 11.436275203999969 ], [ 36.48892822199997, 11.440055650000147 ], [ 36.497830231000137, 11.443694374000131 ], [ 36.503508390000036, 11.458140131000164 ], [ 36.512222444000031, 11.458277112000189 ], [ 36.521090582000113, 11.44445560600002 ], [ 36.529910165000047, 11.434547089000091 ], [ 36.533094912000024, 11.394058938 ], [ 36.541052735000051, 11.394125580000036 ], [ 36.551354521000121, 11.386644073000127 ], [ 36.563889813000117, 11.37134905500011 ], [ 36.563626502000091, 11.358029042000169 ], [ 36.558839421000016, 11.354347209000082 ], [ 36.538734652000187, 11.34564642600003 ], [ 36.534543144000168, 11.335293242000148 ], [ 36.547482462000119, 11.337270682000167 ], [ 36.556418424000185, 11.329487098000072 ], [ 36.562419936000083, 11.318338093000136 ], [ 36.562087901000041, 11.311772567000105 ], [ 36.556879115000186, 11.302116366000064 ], [ 36.545445647000122, 11.304803550000031 ], [ 36.537335400000075, 11.304736251000065 ], [ 36.52964836200016, 11.30249741199998 ], [ 36.514771053000118, 11.289631197000119 ], [ 36.504958016000103, 11.284988236000061 ], [ 36.494965947000139, 11.288952227000038 ], [ 36.490339888000108, 11.279109246000189 ], [ 36.483208854000168, 11.271785291000015 ], [ 36.46714241899997, 11.264992656000118 ], [ 36.47583075100016, 11.244666323000104 ], [ 36.470808666000039, 11.233296320000022 ], [ 36.46019195100007, 11.226432698000167 ], [ 36.467564638, 11.215339358000165 ], [ 36.46854910400009, 11.197230867000144 ], [ 36.465956199000061, 11.186385145000145 ], [ 36.468184061000045, 11.178277378000132 ], [ 36.467607841000131, 11.155408725000086 ], [ 36.475647259000084, 11.156975441000043 ], [ 36.483299346000024, 11.152809968000099 ], [ 36.489208062000046, 11.14620113 ], [ 36.502904681000075, 11.137539042000071 ], [ 36.511364314000048, 11.137434977000112 ], [ 36.530421354000168, 11.141600768000046 ], [ 36.549339458000134, 11.137815229000125 ], [ 36.552783633999979, 11.13224789200018 ], [ 36.552775890000078, 11.127067920000059 ], [ 36.555907992000073, 11.119715959000018 ], [ 36.560197970000104, 11.113251220000109 ], [ 36.566577754000036, 11.111386708 ], [ 36.573349546000031, 11.112413692000075 ], [ 36.578017499, 11.110522327000183 ], [ 36.574988356000119, 11.100708863000023 ], [ 36.567259487, 11.101695712000037 ], [ 36.559448915000189, 11.099798700000122 ], [ 36.554908394000108, 11.093216994000159 ], [ 36.534049781000078, 11.097955283999966 ], [ 36.532595030000095, 11.113217411000051 ], [ 36.525083896000126, 11.112711607000108 ], [ 36.514979411000127, 11.104808792000028 ], [ 36.500654526000176, 11.085318837999978 ], [ 36.491324477000092, 11.075928720000036 ], [ 36.489671171999987, 11.068734794000079 ], [ 36.48490242000014, 11.06629773800006 ], [ 36.478324750000183, 11.067137992000085 ], [ 36.46985381900015, 11.055211690000078 ], [ 36.451246660000095, 11.053468717000044 ], [ 36.444243487000165, 11.050402373000168 ], [ 36.436172553000119, 11.039046021000047 ], [ 36.427259116000073, 11.03551308100009 ], [ 36.422564846000114, 11.031367313000089 ], [ 36.417669645000046, 11.000727687 ], [ 36.365797249000138, 10.945663370000034 ], [ 36.354032613000129, 10.937042986 ], [ 36.350626749000071, 10.929970919000084 ], [ 36.353116615000033, 10.921215424000138 ], [ 36.34711308500016, 10.917239563000066 ], [ 36.345523950000029, 10.910673031000158 ], [ 36.331611152000107, 10.897683472000153 ], [ 36.329979131000186, 10.892162811000162 ], [ 36.332104443000162, 10.887440448000177 ], [ 36.327638399000136, 10.881797468000059 ], [ 36.322641923999981, 10.878667582000105 ], [ 36.309142279000071, 10.862546867000049 ], [ 36.309301681000136, 10.854570870000089 ], [ 36.313756948999981, 10.850808863000168 ], [ 36.309657961000141, 10.835832645000039 ], [ 36.310128087000123, 10.827150243000176 ], [ 36.304750297000169, 10.819929880000075 ], [ 36.294884791000129, 10.815011026000036 ], [ 36.299528418000193, 10.809995223000044 ], [ 36.292135438000059, 10.805691675000162 ], [ 36.282253898000135, 10.803867232000073 ], [ 36.282752779000134, 10.796024448000082 ], [ 36.288461890000065, 10.772377198000186 ], [ 36.285242190000133, 10.744582874000116 ], [ 36.293756613000028, 10.74335375000004 ], [ 36.310784268000134, 10.74725869100007 ], [ 36.313468748000048, 10.752938239000173 ], [ 36.324670168000125, 10.763195880000069 ], [ 36.325255352000056, 10.768722795000031 ], [ 36.331343740000193, 10.770283635000055 ], [ 36.341603238000175, 10.788837210000111 ], [ 36.357610417000046, 10.789642469000057 ], [ 36.377216858000054, 10.785756431000038 ], [ 36.372761309000055, 10.772754057000157 ], [ 36.375986146000173, 10.765286073000084 ], [ 36.373958795000021, 10.758410476000051 ], [ 36.362681615999975, 10.74820022900019 ], [ 36.359346930000129, 10.741647460000081 ], [ 36.352595891000135, 10.740008805000116 ], [ 36.331338244000108, 10.72623702500016 ], [ 36.326558209000098, 10.713756148000186 ], [ 36.317596673000082, 10.703604919000043 ], [ 36.316574654000192, 10.697235674000183 ], [ 36.321730640000112, 10.68528913900019 ], [ 36.317959122000161, 10.679333928000119 ], [ 36.31126925500007, 10.67880626300007 ], [ 36.312488183000028, 10.673829541000032 ], [ 36.32051004300007, 10.667366830000105 ], [ 36.324195112999973, 10.661657148000188 ], [ 36.31829684600018, 10.651990367000167 ], [ 36.310919831000092, 10.648953261000031 ], [ 36.306230986000173, 10.644381715000122 ], [ 36.303015255000105, 10.637862573000064 ], [ 36.307616425000163, 10.624203287000171 ], [ 36.297309071000143, 10.620298659000014 ], [ 36.291572825000173, 10.619958811000174 ], [ 36.286308312000074, 10.615092872000162 ], [ 36.281647511000131, 10.604559028999972 ], [ 36.283714463000081, 10.598693426000068 ], [ 36.293492703000027, 10.597084923000125 ], [ 36.305875833000187, 10.577947712000025 ], [ 36.301975983000091, 10.571215220000056 ], [ 36.302023956000085, 10.553959757000086 ], [ 36.308211112000038, 10.552397124000038 ], [ 36.311213386000134, 10.548023006000108 ], [ 36.310943311000074, 10.542107744000077 ], [ 36.318218325000032, 10.528003484000124 ], [ 36.326111695000122, 10.523311638000052 ], [ 36.343613459000153, 10.520897603000094 ], [ 36.35519211400009, 10.526584860000185 ], [ 36.359132568000177, 10.53031590400019 ], [ 36.363658199000042, 10.518120552000084 ], [ 36.364675663000071, 10.506177902000161 ], [ 36.371527527000126, 10.504753607000168 ], [ 36.382222956000192, 10.489591063000034 ], [ 36.390855295000051, 10.467986198000119 ], [ 36.40899585000011, 10.455303691000154 ], [ 36.416904251000119, 10.453804318000152 ], [ 36.421891908000077, 10.456323245000135 ], [ 36.435302188000094, 10.452525116000174 ], [ 36.445650919000059, 10.455682161000027 ], [ 36.449503450000066, 10.459458752000103 ], [ 36.455662515000142, 10.474645898000119 ], [ 36.46271156600011, 10.479181219000111 ], [ 36.485410829000045, 10.482805298000187 ], [ 36.518622390000189, 10.478874607000137 ], [ 36.526777359, 10.482896159000177 ], [ 36.537226734000114, 10.473061573 ], [ 36.546228503, 10.45689689500017 ], [ 36.543249200000162, 10.448703541999976 ], [ 36.532630804000178, 10.43111981100003 ], [ 36.523653754000122, 10.409994096000105 ], [ 36.520445811000172, 10.405939739000132 ], [ 36.52049615400017, 10.399559641000167 ], [ 36.522908114000074, 10.394191019000061 ], [ 36.53118179400019, 10.382109207000099 ], [ 36.53253901000005, 10.375953869000114 ], [ 36.539244943000085, 10.364979387000176 ], [ 36.548536655000078, 10.36088092600005 ], [ 36.556752705000065, 10.362672408000151 ], [ 36.572865799000112, 10.362876209000035 ], [ 36.589488322000079, 10.368858257999989 ], [ 36.605471513000168, 10.364720049000027 ], [ 36.61757230500001, 10.354968257000166 ], [ 36.637007636000078, 10.346635489999983 ], [ 36.655438254000046, 10.321976992999964 ], [ 36.661809687000073, 10.316538557000115 ], [ 36.668325410000136, 10.313818870000091 ], [ 36.685399333000191, 10.317595047000168 ], [ 36.688715418000015, 10.311415593000106 ], [ 36.692191505000153, 10.296289130000048 ], [ 36.659690716000171, 10.27704084100003 ], [ 36.610570507000148, 10.259221846000173 ], [ 36.574685618000103, 10.264173395000114 ], [ 36.575847829000111, 10.279235559000085 ], [ 36.554480933000036, 10.285072005000188 ], [ 36.549343413000031, 10.278826927000011 ], [ 36.54507527800007, 10.269258209000043 ], [ 36.52244132400017, 10.250435702000061 ], [ 36.515488472000072, 10.2399315400001 ], [ 36.490912873000184, 10.234268733000079 ], [ 36.445350893000125, 10.245844166000154 ], [ 36.416193201000056, 10.216764841000099 ], [ 36.395273872000189, 10.187097928000071 ], [ 36.369421904000092, 10.161652776000096 ], [ 36.332317141000033, 10.13839473400003 ], [ 36.271892158000071, 10.113087661000179 ], [ 36.267882755000073, 10.088488737000034 ], [ 36.258919556000194, 10.078452010000092 ], [ 36.218924192000088, 10.053212510000094 ], [ 36.184567068000092, 10.049661314000048 ], [ 36.139898364000089, 10.009705090000068 ], [ 36.120648739000103, 9.971573161000094 ], [ 36.119798732000049, 9.961333164000052 ], [ 36.134029472000122, 9.915889309000079 ], [ 36.152193868000097, 9.866363134999972 ], [ 36.152343448000011, 9.8489314790001 ], [ 36.128207082000131, 9.852213635000055 ], [ 36.136471135000079, 9.807447298000056 ], [ 36.105286613000033, 9.773323643000083 ], [ 36.143416943000148, 9.757751812000151 ], [ 36.159057226000073, 9.746936508000033 ], [ 36.161887956000157, 9.730466683000031 ], [ 36.177496121000104, 9.701314421000063 ], [ 36.191865862000043, 9.68787751800005 ], [ 36.192611702000136, 9.658495492999975 ], [ 36.200777372000175, 9.614928768000084 ], [ 36.229136071000141, 9.579825374000166 ], [ 36.23177701600008, 9.570323043000087 ], [ 36.266265467000039, 9.568695262000119 ], [ 36.301025209000102, 9.555515471000035 ], [ 36.335955124000179, 9.511994007000055 ], [ 36.355136505000189, 9.494722695000121 ], [ 36.380307981000101, 9.480480466000074 ], [ 36.40062950700019, 9.510988321000184 ], [ 36.461168171000054, 9.528057690000026 ], [ 36.494429858000103, 9.509365743000046 ], [ 36.498663554000075, 9.472884584000042 ], [ 36.514911091000158, 9.444134004000091 ], [ 36.507265609000115, 9.419345341000167 ], [ 36.483643934000099, 9.405160159000104 ], [ 36.475190875000123, 9.394637238000143 ], [ 36.484109647000025, 9.367867244000081 ], [ 36.46141108900008, 9.357156935000091 ], [ 36.374716538000143, 9.358019170000091 ], [ 36.349261464000165, 9.344891507000057 ], [ 36.333767936000072, 9.339799325000058 ], [ 36.326178685000173, 9.330773086000136 ], [ 36.318996195000068, 9.305850016000136 ], [ 36.295482496000091, 9.30169163700009 ], [ 36.289636754000128, 9.321529922000025 ], [ 36.275117402000149, 9.343833046000157 ], [ 36.270227608000027, 9.328369870000017 ], [ 36.253179406000072, 9.30182331200001 ], [ 36.218373047000057, 9.297118325000042 ], [ 36.21476227, 9.314871306000157 ], [ 36.214586972000063, 9.332416972000033 ], [ 36.234268717000077, 9.347006928000042 ], [ 36.205892528000106, 9.35473969200018 ], [ 36.194597216000091, 9.326289034000183 ], [ 36.194894703999978, 9.288973481000085 ], [ 36.226336010000182, 9.27172814000005 ], [ 36.22892516800016, 9.229031010000085 ], [ 36.203947895000056, 9.157346813000061 ], [ 36.171912299000098, 9.10829718500014 ], [ 36.161473421000039, 9.105351872000085 ], [ 36.184585928000047, 9.07195168700008 ], [ 36.207650458000103, 9.067152766000106 ], [ 36.23580792100006, 9.050946048000128 ], [ 36.246477824000124, 9.040962060000084 ], [ 36.225949202000152, 9.030967937000128 ], [ 36.176790550000078, 9.044525228 ], [ 36.167087864000166, 9.027992276000077 ], [ 36.159633019000182, 9.020659939999973 ], [ 36.131429030999982, 9.020788201000016 ], [ 36.128686398000184, 9.051117363 ], [ 36.108553458000074, 9.080031575000021 ], [ 36.094643415000121, 9.06497890300011 ], [ 36.08417349299998, 9.058420663000163 ], [ 36.075537254000153, 9.062637626000139 ], [ 36.096974614000032, 9.032414896000034 ], [ 36.086545823000165, 9.012616791000028 ], [ 36.063941576000161, 9.019908036000118 ], [ 36.042155393000087, 9.015047793000065 ], [ 36.042449086000147, 9.032177624000155 ], [ 36.028074519000143, 9.055977324000082 ], [ 36.034022845000095, 9.107416687000125 ], [ 36.05361065600016, 9.119437129000119 ], [ 36.043965147000108, 9.195062900000096 ], [ 36.031577196000171, 9.23342605900001 ], [ 35.975413179000157, 9.24290733800018 ], [ 35.949321024000028, 9.249153646000082 ], [ 35.930726687000117, 9.267231865000099 ], [ 35.917871966000064, 9.285639052000136 ], [ 35.911088774000177, 9.315957987000104 ], [ 35.859870325000088, 9.324971589000143 ], [ 35.808452928000065, 9.308875943000146 ], [ 35.797191691000137, 9.308617540000171 ], [ 35.773954600000138, 9.324324043000047 ], [ 35.756747975999986, 9.323638114000062 ], [ 35.750557958000115, 9.331128127000113 ], [ 35.749197976000062, 9.348613135000164 ], [ 35.755178038000111, 9.364788126000064 ], [ 35.750121341000181, 9.40308330400012 ], [ 35.754002660000026, 9.416548201000182 ], [ 35.765921236000167, 9.42760016200009 ], [ 35.778415380000069, 9.430699023000045 ], [ 35.777325831000098, 9.440139413999987 ], [ 35.764992988000074, 9.473350736999976 ], [ 35.752891093000187, 9.481694207000032 ], [ 35.731851748000111, 9.481498485000031 ], [ 35.710760712000138, 9.486771922000173 ], [ 35.686486869000134, 9.510415440000145 ], [ 35.67139109600015, 9.517234552000161 ], [ 35.647491968000168, 9.553310385000032 ], [ 35.64357966200015, 9.594550314000116 ], [ 35.650547846000052, 9.613028310000061 ], [ 35.653437895000025, 9.634928304000027 ], [ 35.634727814000087, 9.65148833000012 ], [ 35.624757762000115, 9.651168351000024 ], [ 35.594427594000081, 9.656038397000088 ], [ 35.578517519, 9.665518421 ], [ 35.56108746200016, 9.692018451000081 ], [ 35.553727423000055, 9.696118466000144 ], [ 35.539392348000092, 9.697638485000027 ], [ 35.533972316000188, 9.696418494000056 ], [ 35.533277301000169, 9.690418498000156 ], [ 35.505106154000089, 9.688702257000159 ], [ 35.468423574000042, 9.670376197000166 ], [ 35.455374985000162, 9.672230703000082 ], [ 35.410766331000161, 9.713677552000092 ], [ 35.389386521000063, 9.720048720000023 ], [ 35.368397025000149, 9.719289413000183 ], [ 35.36508100900005, 9.727466421000145 ], [ 35.375364654000123, 9.749950717000104 ], [ 35.383031169000049, 9.758996405000175 ], [ 35.378831148000074, 9.765406404000032 ], [ 35.419628528000032, 9.785145035000085 ], [ 35.408037332000049, 9.794520219000105 ], [ 35.386891587000036, 9.801893602000064 ], [ 35.363788997000086, 9.813043185000026 ], [ 35.349800616000039, 9.866075812000133 ], [ 35.32469285600007, 9.884796300000062 ], [ 35.310989362999976, 9.911236665999979 ], [ 35.297454005000077, 9.922483253000166 ], [ 35.278471869000157, 9.907078983000133 ], [ 35.230743591000078, 9.893252214000029 ], [ 35.222887775000061, 9.910256200000049 ], [ 35.220798401000025, 9.925425696 ], [ 35.159583687000065, 9.948402073000125 ], [ 35.088341497000101, 9.950488895000092 ], [ 35.080817089000163, 9.939007724000078 ], [ 35.08102060900012, 9.921920612000065 ], [ 35.048513532000129, 9.917741245000059 ], [ 35.019654361000164, 9.928791940000167 ], [ 35.015017487000193, 9.995190863000062 ], [ 34.98818221300013, 9.996766925000031 ], [ 34.942995979999978, 9.933567317000154 ], [ 34.92765547700003, 9.93527945600016 ], [ 34.904420085000083, 9.955878686000119 ], [ 34.887781453000059, 9.908213967999984 ], [ 34.866795099, 9.902260916000046 ], [ 34.897683516000029, 9.881757181000069 ], [ 34.892152899000109, 9.864603877000093 ], [ 34.877076124000098, 9.845435784000131 ], [ 34.869726977000141, 9.820667072000163 ], [ 34.854463903000067, 9.816683680999972 ], [ 34.831665465000015, 9.803115600000126 ], [ 34.807312914000136, 9.761054017000049 ], [ 34.796142518000124, 9.736239464999983 ], [ 34.809960447000037, 9.702241158000106 ], [ 34.810854103000111, 9.63011872900006 ], [ 34.792057445000069, 9.603314873999977 ], [ 34.782986711000035, 9.553331130000061 ], [ 34.735137544000054, 9.545301779000113 ], [ 34.685918390000097, 9.563686404000123 ], [ 34.632014748000188, 9.588021403000027 ], [ 34.585394227000052, 9.630359738000038 ], [ 34.548466702999974, 9.629662940000117 ], [ 34.532142688000192, 9.590564430000029 ] ] ] } },
{ "type": "Feature", "properties": { "name": "Central Ethiopia" }, "geometry": { "type": "Polygon", "coordinates": [ [ [ 37.821356547, 7.09703081300006 ], [ 37.814003014999969, 7.093669991000127 ], [ 37.80343902400017, 7.096761641000171 ], [ 37.796854369000073, 7.096262855000077 ], [ 37.793570596000052, 7.100058407000063 ], [ 37.784106495000117, 7.10326791000017 ], [ 37.778251336000153, 7.111651521000056 ], [ 37.772797888000127, 7.11529943700009 ], [ 37.774503031000052, 7.117025707000096 ], [ 37.768963604000135, 7.119164591000185 ], [ 37.75882357800009, 7.120911711000133 ], [ 37.745970260000092, 7.116928859000097 ], [ 37.736760909999987, 7.120780221000075 ], [ 37.740655612000012, 7.12443010200019 ], [ 37.745991590000131, 7.135543920000146 ], [ 37.738603677000185, 7.138925113000028 ], [ 37.729839686000048, 7.13746538200013 ], [ 37.72183168100014, 7.140645044000109 ], [ 37.718760409000026, 7.142570621 ], [ 37.720332789999986, 7.146858324000164 ], [ 37.717843712000104, 7.153918666000095 ], [ 37.718385517000115, 7.156768598000156 ], [ 37.706364381000071, 7.159621986000161 ], [ 37.705196170000136, 7.162190299000144 ], [ 37.697503105000123, 7.163173561000121 ], [ 37.693385482000053, 7.166677468000046 ], [ 37.686572337000086, 7.165367776000039 ], [ 37.682402897000031, 7.169447785000045 ], [ 37.679669911000076, 7.170085993999976 ], [ 37.679878084000165, 7.172670795000045 ], [ 37.677717156000028, 7.174315598000021 ], [ 37.669016653000028, 7.175654350000116 ], [ 37.664480329000014, 7.178512499000078 ], [ 37.654487521000135, 7.179344712000102 ], [ 37.653341995, 7.177833917000044 ], [ 37.650168614999984, 7.181557291000104 ], [ 37.645361221000144, 7.178815393000093 ], [ 37.637361867000152, 7.18105326400007 ], [ 37.630528946000084, 7.177628413000093 ], [ 37.626877575000037, 7.17931348500008 ], [ 37.62580424000015, 7.177731071999972 ], [ 37.623482816000092, 7.179294336 ], [ 37.62281208600001, 7.177663482000071 ], [ 37.614371943000094, 7.179275905000168 ], [ 37.611575712000104, 7.177042231000087 ], [ 37.609054348000029, 7.178972696000017 ], [ 37.608410999000171, 7.177822246000062 ], [ 37.593101457000159, 7.178134491000037 ], [ 37.575435017000189, 7.173701409999978 ], [ 37.566883163000114, 7.173495360000175 ], [ 37.564517562000049, 7.171549913000035 ], [ 37.554597468000111, 7.17223661200012 ], [ 37.546769528000084, 7.170417432000079 ], [ 37.544105634000118, 7.171916368999973 ], [ 37.539246755000192, 7.185610781000094 ], [ 37.53471808, 7.189986808000072 ], [ 37.530576917000133, 7.189545673999987 ], [ 37.530890468000052, 7.198335059000101 ], [ 37.527291078000133, 7.204336511000179 ], [ 37.522348923000038, 7.208846634 ], [ 37.508622944000081, 7.215597063000132 ], [ 37.500225639000121, 7.211956747000045 ], [ 37.493440194000073, 7.206335766000109 ], [ 37.464332570000067, 7.199061273000154 ], [ 37.457455200000027, 7.202099794999981 ], [ 37.452753273000098, 7.208544615000164 ], [ 37.446181306000142, 7.213154985000074 ], [ 37.440087652000102, 7.220296753000184 ], [ 37.427690910000081, 7.223388416000091 ], [ 37.424901917000113, 7.226249812000049 ], [ 37.415378060000194, 7.229877349000105 ], [ 37.409788592000098, 7.238805817000014 ], [ 37.402646895000089, 7.246221451000054 ], [ 37.395892531000072, 7.245671335 ], [ 37.389129879000109, 7.247465714000043 ], [ 37.382065555, 7.246507575000123 ], [ 37.374285316000112, 7.251456135000126 ], [ 37.36420009, 7.264363055000103 ], [ 37.356459487000052, 7.278043709000144 ], [ 37.352965645000154, 7.30310362400013 ], [ 37.353611530000194, 7.316479628000025 ], [ 37.355438247000109, 7.321486467000113 ], [ 37.351690162000011, 7.330731424000078 ], [ 37.353565101000186, 7.342174064000062 ], [ 37.349479886000097, 7.35773547600013 ], [ 37.356589329000087, 7.360931799000184 ], [ 37.379733601000169, 7.380000817000166 ], [ 37.390284942, 7.402422383000101 ], [ 37.407219633000125, 7.492180415000121 ], [ 37.438654087000032, 7.546135248000155 ], [ 37.44510397, 7.564316881000025 ], [ 37.435404128000187, 7.584058643000105 ], [ 37.419841568000038, 7.633803167000167 ], [ 37.406974591000051, 7.657605201000081 ], [ 37.401194678000138, 7.682667443000014 ], [ 37.400024687000041, 7.741052648000107 ], [ 37.404844578000166, 7.827260347000106 ], [ 37.411774454000124, 7.853922722 ], [ 37.434404058000041, 7.898066667000023 ], [ 37.436714014000188, 7.918528487 ], [ 37.428854146000049, 7.93070957000009 ], [ 37.416614349000099, 7.943580719000011 ], [ 37.398973614000056, 7.95402079500019 ], [ 37.389814797000099, 7.961972350000053 ], [ 37.387734828000077, 7.974383455000122 ], [ 37.391790293000156, 7.992900512 ], [ 37.404124479000131, 7.993590132000065 ], [ 37.409447782000143, 7.998311931000046 ], [ 37.416689412000153, 8.001160459000175 ], [ 37.459649155000079, 8.007650717 ], [ 37.477639053000189, 8.014210995000155 ], [ 37.490798981000125, 8.017061117000083 ], [ 37.501688912000134, 8.01182087300009 ], [ 37.513998827000137, 7.999670325000181 ], [ 37.518428791000076, 7.991859969000188 ], [ 37.521728763000056, 7.977069308000011 ], [ 37.532808681000063, 7.959608516 ], [ 37.539278640000077, 7.953858262000153 ], [ 37.549438575000067, 7.949258044000032 ], [ 37.557518523000169, 7.948338 ], [ 37.572768440000118, 7.952238162000015 ], [ 37.602829784000107, 7.964857662000043 ], [ 37.601076223000064, 7.97410848700008 ], [ 37.601581207000095, 8.010666743000172 ], [ 37.591801358000168, 8.074012381000102 ], [ 37.592137343000161, 8.093134079000038 ], [ 37.595431285000188, 8.111725733000128 ], [ 37.605761099000119, 8.150399179999965 ], [ 37.616970905000187, 8.177201565000132 ], [ 37.623886783000046, 8.200043598000093 ], [ 37.621680815000161, 8.209034394000071 ], [ 37.615296918000126, 8.211464468999964 ], [ 37.617970371000069, 8.223404930000186 ], [ 37.616205598000192, 8.226748510999982 ], [ 37.606688587000122, 8.228629709000018 ], [ 37.601768173000153, 8.234641952 ], [ 37.595804293000128, 8.230027372000109 ], [ 37.587908916000117, 8.235119818000101 ], [ 37.580402074, 8.232222260000185 ], [ 37.576077834000159, 8.232589763000135 ], [ 37.567982517000132, 8.239786509000169 ], [ 37.561234464000052, 8.239618817000121 ], [ 37.555692859000089, 8.244527555000047 ], [ 37.550265319000061, 8.244460121000145 ], [ 37.547700894000059, 8.249570874000142 ], [ 37.539124495000181, 8.250209614000084 ], [ 37.535539718000166, 8.258426815000064 ], [ 37.529147732000126, 8.265820187000031 ], [ 37.527225625000142, 8.266004516000066 ], [ 37.523302426000157, 8.26177923500012 ], [ 37.506301852000036, 8.254395118000161 ], [ 37.49010574100015, 8.255592025000169 ], [ 37.487884174000101, 8.258741430000043 ], [ 37.480860937000102, 8.258579291000046 ], [ 37.472023320000119, 8.266089422000164 ], [ 37.46408344800011, 8.282420873999968 ], [ 37.462573473000134, 8.305932963000032 ], [ 37.466153402000089, 8.331315219000146 ], [ 37.471383310000135, 8.350706936000108 ], [ 37.498569627000052, 8.403618948000087 ], [ 37.512209156000154, 8.416968900000086 ], [ 37.534933501000182, 8.423591804000068 ], [ 37.557978897000055, 8.425509241000043 ], [ 37.576078774000052, 8.41406872500005 ], [ 37.598038610000174, 8.365316537000012 ], [ 37.611968519000186, 8.354086028000097 ], [ 37.666063217999977, 8.383537295 ], [ 37.678708141000072, 8.377707025000063 ], [ 37.692218038000078, 8.353565942000046 ], [ 37.704547954000134, 8.337035197000034 ], [ 37.717047880000166, 8.334095058 ], [ 37.747967710000182, 8.351765815000078 ], [ 37.765452458000027, 8.347116267000104 ], [ 37.778997515000128, 8.339695253 ], [ 37.796587407000175, 8.334715019000043 ], [ 37.816257282000095, 8.331804870000042 ], [ 37.839147147000119, 8.332144866000135 ], [ 37.862947009000095, 8.33570500999997 ], [ 37.887626878000106, 8.34987561700018 ], [ 37.909986760000095, 8.370486511000024 ], [ 37.927986659000169, 8.378166835000115 ], [ 37.948376531000065, 8.367416344000105 ], [ 37.988166285000148, 8.359525958000063 ], [ 38.008236178000118, 8.372506516000101 ], [ 38.028041075000033, 8.390282286000058 ], [ 38.038926009000193, 8.38921722900011 ], [ 38.066705828000181, 8.375966615000152 ], [ 38.077095768000106, 8.380616816000042 ], [ 38.086535726000079, 8.390097227000126 ], [ 38.102955626000153, 8.389007159000187 ], [ 38.109999975000051, 8.390368230999968 ], [ 38.122545523000156, 8.406587924000064 ], [ 38.138955429000077, 8.409418033000179 ], [ 38.164180883000029, 8.408050598000102 ], [ 38.18003017000018, 8.392867265000177 ], [ 38.217544956000154, 8.408777934000057 ], [ 38.238334836000092, 8.409307936000062 ], [ 38.266314665000152, 8.406637793000186 ], [ 38.282044566000025, 8.399557461000029 ], [ 38.289254506000077, 8.38069662099997 ], [ 38.300824431000194, 8.376356417000068 ], [ 38.311464357000148, 8.369946127999981 ], [ 38.312204335000104, 8.352445345000149 ], [ 38.30787434500013, 8.329864350000094 ], [ 38.30703432100006, 8.299693011000102 ], [ 38.321884204000128, 8.272341781000137 ], [ 38.333175065000091, 8.258550706999984 ], [ 38.347344031000034, 8.254240952000032 ], [ 38.375495037000121, 8.265936839000062 ], [ 38.382403841000098, 8.273471774000086 ], [ 38.400863733000165, 8.279512023999985 ], [ 38.421633616000122, 8.289022429000056 ], [ 38.43020872600016, 8.298750815000119 ], [ 38.432467157000076, 8.312213707000069 ], [ 38.440727013000128, 8.335265758000048 ], [ 38.45170682700018, 8.38503017700009 ], [ 38.461606663000055, 8.399791483 ], [ 38.468288238000184, 8.435005139000054 ], [ 38.477883440000028, 8.447359394000046 ], [ 38.501452516000086, 8.44396940900009 ], [ 38.526842520000116, 8.45761957000002 ], [ 38.575784188, 8.444891630000143 ], [ 38.584172134000028, 8.432678627000087 ], [ 38.590882148000105, 8.426018643000077 ], [ 38.604271997000126, 8.43156842999997 ], [ 38.61675172200006, 8.431138369 ], [ 38.639641649000112, 8.412097670000094 ], [ 38.654451646000041, 8.394637113000044 ], [ 38.661641542000041, 8.376016047000121 ], [ 38.667231758000014, 8.350485245000186 ], [ 38.666025158000025, 8.32696015700003 ], [ 38.650952231000133, 8.285082027000158 ], [ 38.662062149000121, 8.270841388000065 ], [ 38.70205188000017, 8.244470173000082 ], [ 38.715921776000073, 8.23115956800018 ], [ 38.716018428000041, 8.219447782000145 ], [ 38.693152779000059, 8.203384057 ], [ 38.682187349000117, 8.190427868000143 ], [ 38.678641948000177, 8.171226948000026 ], [ 38.684511863000068, 8.12245477200014 ], [ 38.679258693000122, 8.095811832000152 ], [ 38.672843128000181, 8.089863961000162 ], [ 38.666593239000065, 8.095604465000122 ], [ 38.654093445000171, 8.113746082000091 ], [ 38.635133765000148, 8.132337731000121 ], [ 38.603544290000059, 8.222935785000175 ], [ 38.600724336000155, 8.249628164000114 ], [ 38.593544457000178, 8.260199101000126 ], [ 38.560745005000115, 8.266089618000024 ], [ 38.549258653000038, 8.26268337099998 ], [ 38.542052848000083, 8.246110405000081 ], [ 38.542552826000076, 8.225849506000145 ], [ 38.568022644000166, 8.193928063000101 ], [ 38.581462537999982, 8.171877069000118 ], [ 38.587262489000182, 8.156236371000034 ], [ 38.58848244800015, 8.127235082000084 ], [ 38.583944895000116, 8.108104487000048 ], [ 38.593412387000114, 8.090883463000125 ], [ 38.62185218999997, 8.068412431000183 ], [ 38.616112212000075, 8.056661916000053 ], [ 38.612682218000145, 8.043301324000026 ], [ 38.627701764000108, 8.03359527900011 ], [ 38.624545258000069, 8.026155847000098 ], [ 38.609965563000173, 8.011580329000083 ], [ 38.612198872000079, 8.006840839000176 ], [ 38.597367683000186, 7.990588941000169 ], [ 38.588672290000034, 7.96106768400017 ], [ 38.586507289000053, 7.938259967000135 ], [ 38.575757317000182, 7.924280396000142 ], [ 38.566602366000041, 7.905365226000072 ], [ 38.563087169000084, 7.885196245000088 ], [ 38.549485231000176, 7.870874441000069 ], [ 38.512908086000039, 7.848910445000172 ], [ 38.503462685000045, 7.8309519660001 ], [ 38.499962688999972, 7.811221087000149 ], [ 38.492442884000127, 7.795393342000182 ], [ 38.444847429000163, 7.759533909000083 ], [ 38.438652980000029, 7.718867017999969 ], [ 38.425820481000073, 7.696760837000113 ], [ 38.412433326000098, 7.681553431000054 ], [ 38.410883103000174, 7.662234509000143 ], [ 38.418223039000111, 7.642483620000121 ], [ 38.420263009000166, 7.624342803000047 ], [ 38.400824613000111, 7.595303162000107 ], [ 38.401043085000083, 7.578700777000165 ], [ 38.418914805000156, 7.569457974000045 ], [ 38.425662915000032, 7.553869645000134 ], [ 38.429542876000141, 7.533898747000137 ], [ 38.426748651000139, 7.514721252000072 ], [ 38.413857554000117, 7.504171670000119 ], [ 38.391727932000038, 7.501921474000085 ], [ 38.341228791000162, 7.478579378 ], [ 38.327244892000124, 7.461681727000155 ], [ 38.328217844000164, 7.456383378999988 ], [ 38.325197786000047, 7.433893377000061 ], [ 38.31891194300016, 7.41416739500005 ], [ 38.308869347000041, 7.401492471000097 ], [ 38.292489621000129, 7.391411572000095 ], [ 38.279442839000126, 7.380599418000031 ], [ 38.277177438000194, 7.361183443000186 ], [ 38.28152741700012, 7.338683435000178 ], [ 38.275674189000028, 7.318941660000178 ], [ 38.265210099000058, 7.306723977000104 ], [ 38.233630636999976, 7.287932290000015 ], [ 38.220030871000063, 7.275541182000097 ], [ 38.205775974, 7.26547931000016 ], [ 38.198591237000187, 7.2615499260001 ], [ 38.181081531000075, 7.25789959500014 ], [ 38.143972172000133, 7.232207289000144 ], [ 38.104332846000034, 7.210875364 ], [ 38.086965242000133, 7.194943441000134 ], [ 38.07801476100019, 7.180263146000073 ], [ 38.07639475000019, 7.154081969000174 ], [ 38.069474765000052, 7.122390543999984 ], [ 38.066464760000144, 7.087708982000152 ], [ 38.062799043000155, 7.076428912000097 ], [ 38.057277511000166, 7.075608767 ], [ 38.056772201000115, 7.073414520000085 ], [ 38.056473593000078, 7.075359879000018 ], [ 38.053988167000171, 7.072435264000092 ], [ 38.046027354000046, 7.076152246000163 ], [ 38.040446827999972, 7.075614300000041 ], [ 38.036523208000062, 7.073165257000028 ], [ 38.040269807000186, 7.068530410000108 ], [ 38.037965769000152, 7.064840314000151 ], [ 38.032021311000165, 7.064191305000179 ], [ 38.029939765000051, 7.06681138800019 ], [ 38.026080205000142, 7.067004350000161 ], [ 38.011387999000021, 7.062657783000134 ], [ 38.002610603000164, 7.057803688000035 ], [ 37.994454268000027, 7.060349946000031 ], [ 37.993350903000135, 7.063981815000091 ], [ 37.993431413000053, 7.071057442000154 ], [ 37.996541123000156, 7.082351379000158 ], [ 37.995464280000135, 7.088630294000154 ], [ 37.991509164000092, 7.095805375999987 ], [ 37.986325359000091, 7.098219039000128 ], [ 37.984681088000173, 7.100065079000103 ], [ 37.985884067000143, 7.101099659000113 ], [ 37.979409165000163, 7.10820772600016 ], [ 37.971738730000141, 7.110923985999989 ], [ 37.966599940000037, 7.104805179000095 ], [ 37.938986329999977, 7.111730407000039 ], [ 37.92967892300004, 7.117021458000011 ], [ 37.913663319000079, 7.105997355000113 ], [ 37.909264880000194, 7.099545488 ], [ 37.898148411000136, 7.099973895 ], [ 37.873513420000108, 7.109265226000048 ], [ 37.87099441100014, 7.115258951000101 ], [ 37.857835938000051, 7.11187869000014 ], [ 37.855317252000191, 7.109774450000089 ], [ 37.852140427000165, 7.102807128000052 ], [ 37.848623147000069, 7.102267607999977 ], [ 37.84704530800019, 7.099839219000046 ], [ 37.833831128000043, 7.098943446000135 ], [ 37.824936001000083, 7.095965974000137 ], [ 37.821356547, 7.09703081300006 ] ] ] } },
{ "type": "Feature", "properties": { "name": "South Ethiopia" }, "geometry": { "type": "MultiPolygon", "coordinates": [ [ [ [ 36.211170000000152, 4.448 ], [ 36.045300000000111, 4.44708 ], [ 35.95111, 4.521110000000135 ], [ 35.947700000000168, 4.62933 ], [ 35.92472, 4.64028 ], [ 35.774440000000141, 4.79861000000011 ], [ 35.779990000000168, 5.08264 ], [ 35.80277, 5.10528 ], [ 35.82361, 5.13667 ], [ 35.83069, 5.168400000000133 ], [ 35.805130000000133, 5.206810000000132 ], [ 35.796240000000182, 5.23514 ], [ 35.79874, 5.265550000000189 ], [ 35.82166, 5.32861 ], [ 35.796940000000177, 5.33111 ], [ 35.774990000000173, 5.337220000000173 ], [ 35.757041116000096, 5.345433895999975 ], [ 35.756923676000156, 5.359012126999971 ], [ 35.753690438000149, 5.382916995000073 ], [ 35.756013693000114, 5.411621226000022 ], [ 35.754190480000148, 5.463049861000059 ], [ 35.757830215000126, 5.515025033000143 ], [ 35.753842744000167, 5.600657981000097 ], [ 35.806852352000192, 5.665838864000079 ], [ 35.87741600600009, 5.673151982000149 ], [ 35.951573150000172, 5.651032429000054 ], [ 35.957242241000188, 5.662481981000042 ], [ 35.962494692, 5.665200901000105 ], [ 35.964752868000176, 5.669370752000077 ], [ 35.964761382000177, 5.678916643000036 ], [ 35.968193095000174, 5.682272794000028 ], [ 35.961591006000049, 5.681476759000134 ], [ 35.959130129000073, 5.682517939000149 ], [ 35.957944612000119, 5.685615538000036 ], [ 35.961650132000159, 5.692486969000015 ], [ 35.969244969000158, 5.6935225470001 ], [ 35.970285932000024, 5.695694881000065 ], [ 35.967002811999976, 5.697434507000139 ], [ 35.960573184, 5.697166348000053 ], [ 35.959429099000147, 5.703485127000022 ], [ 35.965668485000151, 5.717690439000137 ], [ 35.975788396000041, 5.727816879000045 ], [ 35.975992351000116, 5.733498662000045 ], [ 35.978310669999985, 5.73737614099997 ], [ 35.976764617000072, 5.75335594500001 ], [ 35.978500105000137, 5.759599739000066 ], [ 35.975669785000093, 5.764820067000187 ], [ 35.965543577000119, 5.774379162000173 ], [ 35.96228273700018, 5.782794836000164 ], [ 35.962302112000089, 5.790115337000032 ], [ 35.966925125000046, 5.800388698000177 ], [ 35.96241276100011, 5.813131252000062 ], [ 35.965823167000167, 5.82052857400015 ], [ 35.961199290000138, 5.827616808000073 ], [ 35.960893796000107, 5.834615714000051 ], [ 35.962801116000151, 5.838784 ], [ 35.973435767000126, 5.840364029000057 ], [ 35.973811439000144, 5.84663236900019 ], [ 35.96842326400008, 5.869794396000032 ], [ 35.969991470000025, 5.87179405500018 ], [ 35.974266886000066, 5.870645944000159 ], [ 35.976071891000117, 5.872119806000057 ], [ 35.977693880000118, 5.874998210000172 ], [ 35.977105226000106, 5.886532098000089 ], [ 35.984857836000117, 5.891317782999977 ], [ 35.987696673000073, 5.896311113000138 ], [ 35.983169653000118, 5.900678903000028 ], [ 35.989465648000134, 5.915295563000086 ], [ 35.98964154500004, 5.92601380800005 ], [ 35.988397486000054, 5.932291731000021 ], [ 35.978107760000114, 5.942209771000137 ], [ 35.977710228000035, 5.948063972 ], [ 35.980611203000024, 5.952380640000115 ], [ 35.986620011000184, 5.956622812000148 ], [ 35.990095877000158, 5.956092768000133 ], [ 35.987797619000048, 5.958550891000073 ], [ 35.987875031999977, 5.96111350100017 ], [ 35.991674587000034, 5.968271818000119 ], [ 36.000339089000192, 5.97161342000004 ], [ 36.003157401000124, 5.974374029999979 ], [ 36.006432478000136, 5.98282400100004 ], [ 36.008553450000136, 5.997335860000078 ], [ 36.005518290000168, 6.004675046000159 ], [ 36.000002731000052, 6.012000551000085 ], [ 35.999525766000147, 6.02216477900015 ], [ 35.995371417000058, 6.028701130000172 ], [ 35.994252442000061, 6.036425467000015 ], [ 35.987002587000177, 6.044115813000076 ], [ 35.982138292000172, 6.052006639000126 ], [ 35.984549772000037, 6.064435604999971 ], [ 35.993794175000119, 6.076949525000146 ], [ 35.994821041000137, 6.084648610999977 ], [ 35.981693109000162, 6.091310171000146 ], [ 35.973319711000158, 6.097778385000083 ], [ 35.955187917000046, 6.096870928999977 ], [ 35.945089967000115, 6.10214261100009 ], [ 35.945542857000135, 6.108309062000046 ], [ 35.950765555000089, 6.115878580000185 ], [ 35.950362939000172, 6.122391318000098 ], [ 35.947054912000112, 6.125373792000119 ], [ 35.939293249000116, 6.127013173000137 ], [ 35.934593121000091, 6.130426777000139 ], [ 35.933328522000181, 6.134152808000124 ], [ 35.934607662000133, 6.14067506300006 ], [ 35.943739176000179, 6.159078308000119 ], [ 35.952889097000082, 6.166839686000174 ], [ 35.959534338000026, 6.168707746 ], [ 35.96833402599998, 6.164731730000028 ], [ 35.974260441000183, 6.16439940600003 ], [ 35.977742533000139, 6.166221135000058 ], [ 35.976364983000053, 6.170066357000053 ], [ 35.962271506000036, 6.180711116 ], [ 35.961696650000079, 6.183135045000085 ], [ 35.967714434000072, 6.201322216999984 ], [ 35.967616646000181, 6.207210981000173 ], [ 35.958310816000051, 6.213990713000157 ], [ 35.955571180000049, 6.221835531000124 ], [ 35.956721498000036, 6.225570251000079 ], [ 35.969104936000178, 6.234645577000094 ], [ 35.979807191000077, 6.249014718000183 ], [ 35.992205013000046, 6.25771196200003 ], [ 36.010169545000167, 6.265322745000105 ], [ 36.018856518000121, 6.265694902000064 ], [ 36.027033560000064, 6.275093286000185 ], [ 36.031939370000089, 6.274389047000113 ], [ 36.036429810000186, 6.26950955600006 ], [ 36.039392145000079, 6.271332981 ], [ 36.044589855000083, 6.293041782000046 ], [ 36.048821746000044, 6.298219612000025 ], [ 36.05465846900006, 6.301157538000098 ], [ 36.058147917000099, 6.305159821000018 ], [ 36.058681549000028, 6.310176205000118 ], [ 36.057030725000061, 6.312275300000181 ], [ 36.047021155000152, 6.318496966000168 ], [ 36.038078272000178, 6.326504827000065 ], [ 36.035333184000081, 6.331596133000176 ], [ 36.035120194, 6.336092797000049 ], [ 36.039921007000146, 6.348255179999967 ], [ 36.045434001000103, 6.350535641000135 ], [ 36.054723296000191, 6.34758996700009 ], [ 36.068871604000037, 6.354932694000013 ], [ 36.080390027000135, 6.380205718000184 ], [ 36.093363812000064, 6.388431915000012 ], [ 36.095119276000162, 6.391980870000111 ], [ 36.095593720000181, 6.400300802 ], [ 36.100092613000186, 6.406244185000162 ], [ 36.109234150000077, 6.4155469640001 ], [ 36.117532361000031, 6.416598092000015 ], [ 36.125980765000065, 6.427163735000022 ], [ 36.128100404000179, 6.432613854000181 ], [ 36.138488227000039, 6.438457261000053 ], [ 36.164862021000147, 6.435759609000172 ], [ 36.186975018, 6.443233122000095 ], [ 36.191637244000106, 6.441845138000133 ], [ 36.201356602000146, 6.429039918000058 ], [ 36.212042738000036, 6.420242070000086 ], [ 36.216103601000043, 6.406815182000059 ], [ 36.228931498000179, 6.397625205000054 ], [ 36.237174027000094, 6.38923463000009 ], [ 36.248802682000132, 6.38502139000019 ], [ 36.266118796000058, 6.391658065000172 ], [ 36.272071329000084, 6.402240563000021 ], [ 36.283212358000014, 6.412609442000075 ], [ 36.29891522700018, 6.419721933000119 ], [ 36.306703766000055, 6.426370729000098 ], [ 36.314227249000169, 6.438922939000065 ], [ 36.317258883000193, 6.450420546000032 ], [ 36.323086525000122, 6.45588743400009 ], [ 36.323350726, 6.458356873000071 ], [ 36.348595879000072, 6.459784249000052 ], [ 36.355559847000052, 6.462236801000074 ], [ 36.361144391999972, 6.469150391000142 ], [ 36.365787343000193, 6.468074627000135 ], [ 36.370336030000033, 6.460632784000154 ], [ 36.377144580000106, 6.458258492000027 ], [ 36.38412136200003, 6.458868241000118 ], [ 36.406892801000083, 6.472960325000088 ], [ 36.417727680000098, 6.476416473000029 ], [ 36.419925928000112, 6.483788605000029 ], [ 36.429829670000117, 6.496417841000095 ], [ 36.44050885300004, 6.507032825000181 ], [ 36.444240341000068, 6.513415788000088 ], [ 36.461771067000029, 6.528785681000045 ], [ 36.489933075000067, 6.533931398000107 ], [ 36.496233287, 6.544518857000071 ], [ 36.503512786000044, 6.549357869000062 ], [ 36.52058689, 6.556346573000098 ], [ 36.530094097000188, 6.56382822400019 ], [ 36.542218334000154, 6.569608566000056 ], [ 36.550090307000175, 6.578375460000188 ], [ 36.570636953000076, 6.582557839000117 ], [ 36.578389412000149, 6.594141749000016 ], [ 36.580155789000173, 6.600515415000189 ], [ 36.590212826000027, 6.610770710000054 ], [ 36.597549049000122, 6.625015384000051 ], [ 36.60023980200009, 6.627329890000055 ], [ 36.610032261000185, 6.630379112000071 ], [ 36.61964445000018, 6.629324600000075 ], [ 36.633289696000134, 6.638041604000136 ], [ 36.64342974300007, 6.646699864000084 ], [ 36.667812956000034, 6.654420664000156 ], [ 36.671804399000166, 6.656941226000129 ], [ 36.679570322000075, 6.665583809000168 ], [ 36.680156573000033, 6.679246172000035 ], [ 36.678432917000066, 6.683941351000101 ], [ 36.682050495000055, 6.691513721000149 ], [ 36.69349450500016, 6.705677586000093 ], [ 36.708785880000164, 6.710652776000188 ], [ 36.727789665000159, 6.713843500000053 ], [ 36.740612288000193, 6.711701153000149 ], [ 36.771992486000102, 6.711994901000082 ], [ 36.779806627000141, 6.710629277000066 ], [ 36.784778922000044, 6.708934427000031 ], [ 36.809685801, 6.68884009900006 ], [ 36.809715561000189, 6.686985621000133 ], [ 36.820287811000071, 6.681543685000122 ], [ 36.843524674000037, 6.671654838000052 ], [ 36.866842965000046, 6.66846283100017 ], [ 36.873395263000191, 6.671007461000045 ], [ 36.888773581, 6.686813156000142 ], [ 36.902663240000038, 6.693188197000097 ], [ 36.908878057000095, 6.694004132000032 ], [ 36.919561923000174, 6.700019784000062 ], [ 36.93229442, 6.703883515000086 ], [ 36.940982621000103, 6.703058945000066 ], [ 36.968465443000127, 6.693222842000068 ], [ 36.984886905999986, 6.685205475000089 ], [ 36.989134271000182, 6.679881381000087 ], [ 36.993641965000108, 6.651527133000116 ], [ 36.987913075, 6.637534168000059 ], [ 36.991086165000183, 6.630905638000115 ], [ 36.991355989000112, 6.621818494000024 ], [ 36.99081341200008, 6.611912452000183 ], [ 36.988052270000082, 6.603162614999974 ], [ 36.992473721000067, 6.596014332000152 ], [ 37.003502849000085, 6.58960011500011 ], [ 37.009195236000096, 6.589766373000032 ], [ 37.021399836000057, 6.594503338000038 ], [ 37.02575260600014, 6.594711950000033 ], [ 37.031215682000038, 6.598465178000083 ], [ 37.043047198000068, 6.613055666000093 ], [ 37.052849794000053, 6.620557493000035 ], [ 37.064836762000084, 6.626249720000033 ], [ 37.104424175000077, 6.633961711000154 ], [ 37.107381745000168, 6.636317339000186 ], [ 37.113395811000032, 6.646483118000106 ], [ 37.121905544000072, 6.654744624000102 ], [ 37.128894489000061, 6.654005620000078 ], [ 37.136013459000026, 6.656855318000169 ], [ 37.146612006000055, 6.669717504000175 ], [ 37.166109360000178, 6.670412356000099 ], [ 37.182033540000077, 6.666882897 ], [ 37.191563105000114, 6.65849706900002 ], [ 37.196233020000022, 6.650763115000132 ], [ 37.199877374000152, 6.648671170000114 ], [ 37.21037811900004, 6.649426950000134 ], [ 37.219886281000186, 6.653432502000101 ], [ 37.237328268000169, 6.653542828000184 ], [ 37.241669404000163, 6.657338195000023 ], [ 37.241989796000041, 6.668152749000114 ], [ 37.239268523000192, 6.674003870000092 ], [ 37.235961104000182, 6.671244696000031 ], [ 37.232800671000064, 6.671807544000046 ], [ 37.230507915000089, 6.687265751000041 ], [ 37.22848832700015, 6.689937893000149 ], [ 37.228819652000141, 6.697594539000022 ], [ 37.222493848000056, 6.699987937000174 ], [ 37.225781729, 6.710549975000106 ], [ 37.224905459000183, 6.721240484000077 ], [ 37.228166978000104, 6.725893409000037 ], [ 37.237208634000012, 6.730292083000052 ], [ 37.249416999, 6.742560857000171 ], [ 37.249665717000028, 6.746711482000137 ], [ 37.243484491000174, 6.751964379000128 ], [ 37.243941635000169, 6.761236353000129 ], [ 37.251544381000031, 6.766682396000135 ], [ 37.254649843000095, 6.771609839000064 ], [ 37.264150492000056, 6.775124755000093 ], [ 37.266419770000084, 6.779690320000157 ], [ 37.266502936, 6.776508767000053 ], [ 37.267747511000039, 6.777163616000166 ], [ 37.27000407800017, 6.788655048000066 ], [ 37.274132861000112, 6.791947319000087 ], [ 37.273780729000066, 6.796730815999979 ], [ 37.277165177000143, 6.800714219000156 ], [ 37.276733308000018, 6.807722352000098 ], [ 37.280252381000139, 6.820964755000034 ], [ 37.287364306000029, 6.833550093000099 ], [ 37.292912820000083, 6.834861681000064 ], [ 37.297726700000112, 6.840859723000051 ], [ 37.304744416000062, 6.859975918000146 ], [ 37.309084963000146, 6.864536816 ], [ 37.312583049000182, 6.863640018000069 ], [ 37.315449331000025, 6.86542048400014 ], [ 37.321202930000084, 6.863000386000067 ], [ 37.328539856000191, 6.866447189999974 ], [ 37.334432743000093, 6.865271475000156 ], [ 37.338039243000026, 6.874518833000025 ], [ 37.343436076000103, 6.871451267000054 ], [ 37.352338840000073, 6.872151855000084 ], [ 37.363196163000168, 6.868337186000076 ], [ 37.378643696000154, 6.866260365000073 ], [ 37.388620472000127, 6.86083908300003 ], [ 37.3972224420001, 6.865605074000143 ], [ 37.407727644000147, 6.866812411000126 ], [ 37.416474561000086, 6.871291499000165 ], [ 37.423853570000176, 6.876842609000107 ], [ 37.425408514000026, 6.884456024000031 ], [ 37.430293158000097, 6.891482257000064 ], [ 37.434974637999971, 6.894799343000102 ], [ 37.434091034000062, 6.908697186999973 ], [ 37.429063854000162, 6.915786510000089 ], [ 37.430428284000072, 6.923112209000067 ], [ 37.422942682000098, 6.935026219000122 ], [ 37.423572656000033, 6.939980867000088 ], [ 37.420529862000137, 6.947770414000047 ], [ 37.422094624000124, 6.95241714600013 ], [ 37.421132144000069, 6.961003137999967 ], [ 37.42239615, 6.962903746000052 ], [ 37.423577441000134, 6.982711799000185 ], [ 37.427025324000056, 6.988824078999983 ], [ 37.426860459000181, 7.002890335000131 ], [ 37.432318159000033, 7.010087500000111 ], [ 37.433392751000099, 7.020839398000135 ], [ 37.432363296000119, 7.025805335000086 ], [ 37.440076304000058, 7.032410572000117 ], [ 37.441943993000109, 7.039666217000104 ], [ 37.445722841000133, 7.041162167999971 ], [ 37.446680426000057, 7.045508233000135 ], [ 37.441057690000093, 7.051123970000162 ], [ 37.441051450000089, 7.052990136000062 ], [ 37.455336109000086, 7.078518387999964 ], [ 37.456378055000187, 7.089288373000159 ], [ 37.459723258999986, 7.09888169400017 ], [ 37.459558466000146, 7.115999935000161 ], [ 37.456621219000056, 7.119865701000094 ], [ 37.454326901000115, 7.127959807000082 ], [ 37.455444102000058, 7.13519806100004 ], [ 37.463537785000142, 7.143144449999966 ], [ 37.484726017000185, 7.146492383000123 ], [ 37.493623126000102, 7.150732506000054 ], [ 37.504491107000035, 7.162556547000065 ], [ 37.510415283000157, 7.172894835000136 ], [ 37.520808276000025, 7.181517928000119 ], [ 37.527170937000051, 7.184553106000067 ], [ 37.527730025000153, 7.189483715000108 ], [ 37.53471808, 7.189986808000072 ], [ 37.539246755000192, 7.185610781000094 ], [ 37.544105634000118, 7.171916368999973 ], [ 37.546769528000084, 7.170417432000079 ], [ 37.554597468000111, 7.17223661200012 ], [ 37.564517562000049, 7.171549913000035 ], [ 37.566883163000114, 7.173495360000175 ], [ 37.575435017000189, 7.173701409999978 ], [ 37.593101457000159, 7.178134491000037 ], [ 37.608410999000171, 7.177822246000062 ], [ 37.609054348000029, 7.178972696000017 ], [ 37.611575712000104, 7.177042231000087 ], [ 37.614371943000094, 7.179275905000168 ], [ 37.62281208600001, 7.177663482000071 ], [ 37.623482816000092, 7.179294336 ], [ 37.62580424000015, 7.177731071999972 ], [ 37.626877575000037, 7.17931348500008 ], [ 37.630528946000084, 7.177628413000093 ], [ 37.637361867000152, 7.18105326400007 ], [ 37.645361221000144, 7.178815393000093 ], [ 37.650168614999984, 7.181557291000104 ], [ 37.653341995, 7.177833917000044 ], [ 37.654487521000135, 7.179344712000102 ], [ 37.664480329000014, 7.178512499000078 ], [ 37.669016653000028, 7.175654350000116 ], [ 37.677717156000028, 7.174315598000021 ], [ 37.679878084000165, 7.172670795000045 ], [ 37.679669911000076, 7.170085993999976 ], [ 37.682402897000031, 7.169447785000045 ], [ 37.686572337000086, 7.165367776000039 ], [ 37.693385482000053, 7.166677468000046 ], [ 37.697503105000123, 7.163173561000121 ], [ 37.705196170000136, 7.162190299000144 ], [ 37.706364381000071, 7.159621986000161 ], [ 37.718385517000115, 7.156768598000156 ], [ 37.717843712000104, 7.153918666000095 ], [ 37.720332789999986, 7.146858324000164 ], [ 37.718760409000026, 7.142570621 ], [ 37.72183168100014, 7.140645044000109 ], [ 37.729839686000048, 7.13746538200013 ], [ 37.738603677000185, 7.138925113000028 ], [ 37.745991590000131, 7.135543920000146 ], [ 37.740655612000012, 7.12443010200019 ], [ 37.736760909999987, 7.120780221000075 ], [ 37.745970260000092, 7.116928859000097 ], [ 37.75882357800009, 7.120911711000133 ], [ 37.774503031000052, 7.117025707000096 ], [ 37.772797888000127, 7.11529943700009 ], [ 37.778251336000153, 7.111651521000056 ], [ 37.784106495000117, 7.10326791000017 ], [ 37.793570596000052, 7.100058407000063 ], [ 37.796854369000073, 7.096262855000077 ], [ 37.80343902400017, 7.096761641000171 ], [ 37.814003014999969, 7.093669991000127 ], [ 37.821356547, 7.09703081300006 ], [ 37.824936001000083, 7.095965974000137 ], [ 37.833831128000043, 7.098943446000135 ], [ 37.84704530800019, 7.099839219000046 ], [ 37.848623147000069, 7.102267607999977 ], [ 37.852140427000165, 7.102807128000052 ], [ 37.855317252000191, 7.109774450000089 ], [ 37.857835938000051, 7.11187869000014 ], [ 37.87099441100014, 7.115258951000101 ], [ 37.873513420000108, 7.109265226000048 ], [ 37.898148411000136, 7.099973895 ], [ 37.909264880000194, 7.099545488 ], [ 37.913663319000079, 7.105997355000113 ], [ 37.92967892300004, 7.117021458000011 ], [ 37.938986329999977, 7.111730407000039 ], [ 37.966599940000037, 7.104805179000095 ], [ 37.971738730000141, 7.110923985999989 ], [ 37.979409165000163, 7.10820772600016 ], [ 37.985884067000143, 7.101099659000113 ], [ 37.984681088000173, 7.100065079000103 ], [ 37.986325359000091, 7.098219039000128 ], [ 37.991509164000092, 7.095805375999987 ], [ 37.995464280000135, 7.088630294000154 ], [ 37.996541123000156, 7.082351379000158 ], [ 37.993431413000053, 7.071057442000154 ], [ 37.993350903000135, 7.063981815000091 ], [ 37.994454268000027, 7.060349946000031 ], [ 38.002610603000164, 7.057803688000035 ], [ 38.011387999000021, 7.062657783000134 ], [ 38.026080205000142, 7.067004350000161 ], [ 38.029939765000051, 7.06681138800019 ], [ 38.032021311000165, 7.064191305000179 ], [ 38.037965769000152, 7.064840314000151 ], [ 38.040269807000186, 7.068530410000108 ], [ 38.036523208000062, 7.073165257000028 ], [ 38.040446827999972, 7.075614300000041 ], [ 38.046027354000046, 7.076152246000163 ], [ 38.053988167000171, 7.072435264000092 ], [ 38.056473593000078, 7.075359879000018 ], [ 38.056772201000115, 7.073414520000085 ], [ 38.057277511000166, 7.075608767 ], [ 38.062799043000155, 7.076428912000097 ], [ 38.0614289990001, 7.072213040000179 ], [ 38.064154741000038, 7.043386989000112 ], [ 38.073364671000036, 7.029606355000169 ], [ 38.087874581000108, 7.022946043000104 ], [ 38.10191447800014, 7.010775482000042 ], [ 38.108939428000156, 6.999629978000144 ], [ 38.117114364000145, 6.98091412500014 ], [ 38.130154270000105, 6.974009886000033 ], [ 38.13070613900004, 6.962691405000157 ], [ 38.135720715000161, 6.958969170000103 ], [ 38.135444642000152, 6.951595844 ], [ 38.132383123000011, 6.949388544000158 ], [ 38.135359774000051, 6.945612795000159 ], [ 38.136591922000036, 6.939727871000116 ], [ 38.13434743900001, 6.93603832000008 ], [ 38.129657063000082, 6.934067358000107 ], [ 38.131134607000092, 6.911861565000152 ], [ 38.128171414000178, 6.908410007000043 ], [ 38.124291027000027, 6.895862762000036 ], [ 38.118054100000052, 6.888719691000119 ], [ 38.121417074000135, 6.883030176000034 ], [ 38.117765242000132, 6.876561942000023 ], [ 38.118444278000027, 6.871920474000035 ], [ 38.108808194000119, 6.851513019000038 ], [ 38.103171724000049, 6.847854318000088 ], [ 38.093959041000119, 6.825946347000126 ], [ 38.091477318000045, 6.814915858000063 ], [ 38.080741189000037, 6.798298567000131 ], [ 38.077502756, 6.782748992000052 ], [ 38.070826097000122, 6.771877416000109 ], [ 38.069210335000037, 6.761264864000054 ], [ 38.06644342400017, 6.755994677000047 ], [ 38.068458551000163, 6.753796851000061 ], [ 38.067484548000152, 6.749870251000061 ], [ 38.057828927000173, 6.729270794000172 ], [ 38.057099118000053, 6.722903666000036 ], [ 38.05390339000013, 6.716723234000085 ], [ 38.05528083500019, 6.709977269000149 ], [ 38.053233236000153, 6.704277677 ], [ 38.049316032000036, 6.699914618000037 ], [ 38.049927407000098, 6.693215047000024 ], [ 38.048255018000191, 6.691584487000114 ], [ 38.045621388000029, 6.691914421000092 ], [ 38.044480449000048, 6.687796034000087 ], [ 38.040766018000113, 6.684012132000021 ], [ 38.038055652000025, 6.686147381000012 ], [ 38.035690407000175, 6.685415855000088 ], [ 38.038721048000184, 6.683094303000189 ], [ 38.038629574000083, 6.68043584000003 ], [ 38.035055641000042, 6.672052939000025 ], [ 38.028922440000031, 6.670855771000106 ], [ 38.026041223999982, 6.667416516 ], [ 38.022472070000106, 6.668187539000144 ], [ 38.019388640000045, 6.665603544000135 ], [ 38.009594748999973, 6.617068244000109 ], [ 38.012628835000044, 6.607693292000135 ], [ 38.012433488000113, 6.585484843000131 ], [ 38.017270054999983, 6.584202099000095 ], [ 38.018994360000136, 6.577091720000169 ], [ 38.016468570000029, 6.575178275000042 ], [ 38.018846062000136, 6.573269380000113 ], [ 38.007444871000132, 6.569118349000121 ], [ 38.000978636000013, 6.568471726000155 ], [ 37.989594826000143, 6.558193181000149 ], [ 37.980933309000136, 6.556347536000089 ], [ 37.97721522300003, 6.550851236000085 ], [ 37.973658794000187, 6.549719645000152 ], [ 37.972380934000114, 6.550926512000103 ], [ 37.9687658470001, 6.548954434000166 ], [ 37.952662912000051, 6.549619914000175 ], [ 37.932700593000106, 6.557206405000045 ], [ 37.918460805000166, 6.574375835000069 ], [ 37.912612031000151, 6.590668957000105 ], [ 37.892775954000172, 6.596070541000074 ], [ 37.87148281900005, 6.582228514000121 ], [ 37.842477421000183, 6.541685166000036 ], [ 37.814594753999984, 6.510571948000177 ], [ 37.807774881000171, 6.500655317000053 ], [ 37.799926004000099, 6.478181572000153 ], [ 37.796286005000127, 6.449460269000099 ], [ 37.797455987000092, 6.429239352000025 ], [ 37.807835908000129, 6.410178477000102 ], [ 37.819595828000104, 6.393427707000058 ], [ 37.840085687000169, 6.378747021000038 ], [ 37.848205605000032, 6.331664878000083 ], [ 37.850285590000055, 6.326844653000137 ], [ 37.852155563000167, 6.304783646999965 ], [ 37.84804557200016, 6.278822470000023 ], [ 37.840265601000112, 6.248251081000149 ], [ 37.825567018000129, 6.220731572000034 ], [ 37.809798034000153, 6.196093978000022 ], [ 37.790533273000165, 6.172462230000178 ], [ 37.778095935000181, 6.149596620000068 ], [ 37.774695944000143, 6.123855449000189 ], [ 37.775736828000106, 6.113575488000038 ], [ 37.777725904000192, 6.098124275000146 ], [ 37.78513584600006, 6.072633105000023 ], [ 37.789775800000143, 6.049442044000102 ], [ 37.783175819000178, 6.010600270000111 ], [ 37.79148575500011, 5.99590959600016 ], [ 37.803736092000065, 5.993178829999977 ], [ 37.813325615000053, 5.997789667 ], [ 37.827095533000033, 6.009990222000113 ], [ 37.842965438000135, 6.0109402490001 ], [ 37.856545346000189, 5.999009700000158 ], [ 37.865535278000095, 5.986629124000046 ], [ 37.880485181000097, 5.985039044000132 ], [ 37.894985082000119, 5.974498552000171 ], [ 37.903975012000046, 5.960507907000135 ], [ 37.922824898000044, 5.960077881000075 ], [ 37.952694705000113, 5.96334801200004 ], [ 37.96857460200016, 5.956017667000083 ], [ 37.977584522000086, 5.927776367000149 ], [ 37.978994500000056, 5.907575443000098 ], [ 37.982474467000145, 5.887824539000178 ], [ 38.007134285000177, 5.849272763000158 ], [ 38.01227422300019, 5.804270699000085 ], [ 38.019874167000182, 5.79004003700004 ], [ 38.039214033000064, 5.772389224 ], [ 38.05415393300018, 5.764148838000153 ], [ 38.072077750000062, 5.762558968000064 ], [ 38.088883692000024, 5.745607964000158 ], [ 38.08708369600015, 5.72125684700012 ], [ 38.075163846000123, 5.688940437000042 ], [ 38.040814141000112, 5.67364673000003 ], [ 38.024074429000052, 5.66006549500014 ], [ 38.008014704000118, 5.650154599000075 ], [ 37.977465236000171, 5.649404522000054 ], [ 37.943519996000134, 5.639464151000141 ], [ 37.93017464400009, 5.616672147000088 ], [ 37.941128269000046, 5.585105321000015 ], [ 37.941534539000088, 5.568449926000142 ], [ 37.947814487000073, 5.537688512000102 ], [ 37.949254456000119, 5.507597133000161 ], [ 37.946814455000151, 5.474285600000087 ], [ 37.940214484000194, 5.449924484000064 ], [ 37.935224497000036, 5.423033255 ], [ 37.919273874000055, 5.395977250000044 ], [ 37.901212375000171, 5.373247752000054 ], [ 37.896374714, 5.349879911000073 ], [ 37.904774635000024, 5.303957793000052 ], [ 37.904384624000159, 5.27937665900015 ], [ 37.900819335000165, 5.244854087000135 ], [ 37.885085524000147, 5.234310022000159 ], [ 37.852657442, 5.234646854000118 ], [ 37.827127878000169, 5.249738226000034 ], [ 37.810078172000033, 5.268299910000167 ], [ 37.792608479000137, 5.274220446000129 ], [ 37.772828817000118, 5.283351274000097 ], [ 37.747129259000189, 5.276610653000091 ], [ 37.728939575000084, 5.292182065000077 ], [ 37.700880053000105, 5.305883307000045 ], [ 37.674230516000023, 5.307643461 ], [ 37.646706038000104, 5.299287273000175 ], [ 37.637286359000086, 5.283166972000117 ], [ 37.629734811000048, 5.266009696000026 ], [ 37.579830213000037, 5.247677435000128 ], [ 37.577853644000186, 5.24238892600016 ], [ 37.551352649000137, 5.233926748000044 ], [ 37.517863236000096, 5.220475515000089 ], [ 37.491273695000132, 5.202913917000103 ], [ 37.465584144000104, 5.193173024000146 ], [ 37.417214982000132, 5.16655059500016 ], [ 37.367175851000127, 5.155099544000109 ], [ 37.340736313000093, 5.159599949999972 ], [ 37.317246713000088, 5.173531212000171 ], [ 37.292357141000025, 5.1943630990001 ], [ 37.238108078000039, 5.199433549000048 ], [ 37.216908441000044, 5.21268475 ], [ 37.197158784000067, 5.21031453 ], [ 37.181829059000108, 5.193923041000119 ], [ 37.112230264000175, 5.186272328000086 ], [ 37.08212078400004, 5.186382331000061 ], [ 37.003311116000134, 5.199082903000033 ], [ 36.983099968000147, 5.19241227200007 ], [ 36.948966654000174, 5.19468654700006 ], [ 36.921227864000059, 5.145130641000151 ], [ 36.892970983000055, 5.109787746 ], [ 36.882185791000097, 5.074983650000149 ], [ 36.860708967, 4.978767301000175 ], [ 36.864798571000165, 4.944198410000126 ], [ 36.860849493000103, 4.93506512700003 ], [ 36.863475655000116, 4.793039446000137 ], [ 36.85473946500008, 4.736059609000165 ], [ 36.828479986000104, 4.709174806000135 ], [ 36.646409141000163, 4.710757126000146 ], [ 36.680841202000067, 4.604300630000125 ], [ 36.657532315000026, 4.580373675999965 ], [ 36.691493763000153, 4.495508197000049 ], [ 36.714253964000136, 4.433850543000176 ], [ 36.6475, 4.44667 ], [ 36.27166, 4.43917 ], [ 36.211170000000152, 4.448 ] ] ], [ [ [ 38.203731305000019, 5.935020423000026 ], [ 38.180971692000128, 5.941651025000112 ], [ 38.170151883000074, 5.957022411000082 ], [ 38.159322065000026, 5.985024947999989 ], [ 38.150342212000169, 6.000406334000104 ], [ 38.138832409000031, 6.01026722600011 ], [ 38.121592709000026, 6.016677806000075 ], [ 38.116492788000016, 6.050200836000045 ], [ 38.104982984000173, 6.066032269000118 ], [ 38.100143072000151, 6.077273283000125 ], [ 38.098593093000034, 6.087079167000184 ], [ 38.079863412000122, 6.116986871000108 ], [ 38.086728393000158, 6.161044785000058 ], [ 38.102301546000035, 6.180448387000013 ], [ 38.117003786000055, 6.167057203000127 ], [ 38.125063726000064, 6.155126650000057 ], [ 38.14138362000017, 6.154456615000129 ], [ 38.158393517000093, 6.159526828000139 ], [ 38.171033441000191, 6.166887159000112 ], [ 38.187396841000179, 6.182210307000162 ], [ 38.197921375000192, 6.206434972000181 ], [ 38.193311450000067, 6.226176747000181 ], [ 38.17905169200003, 6.238337847000082 ], [ 38.17191181600009, 6.255329379000159 ], [ 38.173741781000103, 6.266810420000184 ], [ 38.18177164500014, 6.284271994000051 ], [ 38.188421530000142, 6.304253797 ], [ 38.197577785000192, 6.319003268000131 ], [ 38.213893281000082, 6.330174559000113 ], [ 38.231363165000118, 6.331104592999964 ], [ 38.248603058000072, 6.336279819000083 ], [ 38.272512918000075, 6.347885324000117 ], [ 38.288230414000054, 6.359842237000066 ], [ 38.293229727000096, 6.372039930000085 ], [ 38.293151967000028, 6.397952940999971 ], [ 38.282933853000145, 6.408303044999968 ], [ 38.28494059999997, 6.410374955000179 ], [ 38.281009852000182, 6.415491105000172 ], [ 38.283696626000108, 6.427437389999966 ], [ 38.281051404000095, 6.441578183 ], [ 38.285694994000039, 6.440148725000029 ], [ 38.285988954000061, 6.435242889000051 ], [ 38.290871597000034, 6.433909442000072 ], [ 38.288867853000113, 6.429598731000056 ], [ 38.289540215000159, 6.42782862700011 ], [ 38.290687094000134, 6.428931134000152 ], [ 38.297435168000163, 6.428078858000106 ], [ 38.300551841000186, 6.423392260000128 ], [ 38.306054739000047, 6.423280082000076 ], [ 38.309313370000098, 6.419694531000175 ], [ 38.314193007000142, 6.420466945000101 ], [ 38.321325914000113, 6.417987401000119 ], [ 38.336829967000142, 6.417409369000097 ], [ 38.34213735100019, 6.420479660000012 ], [ 38.355542012000058, 6.415207446000068 ], [ 38.365161928000191, 6.413496249000161 ], [ 38.369657290000134, 6.415536128000099 ], [ 38.375927245000128, 6.414203531000055 ], [ 38.380901828000106, 6.415693430000147 ], [ 38.386309729000175, 6.41498193100017 ], [ 38.389274315000137, 6.416756544000179 ], [ 38.398038439000175, 6.410328809000077 ], [ 38.400873312000158, 6.400256132000038 ], [ 38.40446606200004, 6.396718149000151 ], [ 38.3990307360001, 6.374294216000123 ], [ 38.393861998000034, 6.368261250999979 ], [ 38.394453604000148, 6.366310939000073 ], [ 38.39782361400006, 6.366598453999984 ], [ 38.398475574000031, 6.363778686000103 ], [ 38.402051681000046, 6.361673060000157 ], [ 38.401403601000084, 6.355596820000073 ], [ 38.407855368000185, 6.35535738599998 ], [ 38.411276437000026, 6.364645426000038 ], [ 38.41612729000019, 6.369779311 ], [ 38.424347106000141, 6.368675131000145 ], [ 38.42177494800012, 6.348226496000109 ], [ 38.424931914000183, 6.306613342000105 ], [ 38.427461894000089, 6.300193047000107 ], [ 38.425391898000044, 6.290092588999983 ], [ 38.432981834000088, 6.265531469000166 ], [ 38.438971759000026, 6.216879246000133 ], [ 38.434682692000138, 6.19876580500005 ], [ 38.394218009999975, 6.1817727560001 ], [ 38.376973710000129, 6.164516717000083 ], [ 38.365283175000172, 6.142800061 ], [ 38.362512178000145, 6.120194896999976 ], [ 38.351505673000133, 6.096230788000071 ], [ 38.319869299000118, 6.047420609000085 ], [ 38.313880505000043, 6.027833492000127 ], [ 38.279240003000041, 6.006286885000179 ], [ 38.271710141000142, 5.986579348000021 ], [ 38.282259951000128, 5.970703664000041 ], [ 38.293129549000128, 5.973339744000043 ], [ 38.304543440000145, 5.979980626999975 ], [ 38.318949083, 5.975062712000124 ], [ 38.327529177000145, 5.95537227900013 ], [ 38.338252919000126, 5.955583607000051 ], [ 38.374809066000068, 5.943043287000023 ], [ 38.388428368000064, 5.933000963000097 ], [ 38.396085707000054, 5.920052383000041 ], [ 38.380878259000156, 5.903997631000038 ], [ 38.358138651000047, 5.902137461000109 ], [ 38.325329223000153, 5.868814446000101 ], [ 38.303749591999974, 5.861443774000122 ], [ 38.270430162000025, 5.868524416000128 ], [ 38.254500440000072, 5.858508504000042 ], [ 38.239230702000157, 5.844372226000132 ], [ 38.223380975000168, 5.8386116960001 ], [ 38.207991237999977, 5.840191838000123 ], [ 38.198391404000063, 5.849452678000034 ], [ 38.199699594000151, 5.864800523000099 ], [ 38.208883893000063, 5.879059612000162 ], [ 38.214811116000078, 5.893246647000069 ], [ 38.211791169999969, 5.9166687660001 ], [ 38.203731305000019, 5.935020423000026 ] ] ] ] } },
{ "type": "Feature", "properties": { "name": "South West Ethiopia" }, "geometry": { "type": "Polygon", "coordinates": [ [ [ 35.352840000000185, 5.35069 ], [ 35.32625000000013, 5.35708000000011 ], [ 35.30305, 5.377360000000124 ], [ 35.27041, 5.438330000000121 ], [ 35.277080000000183, 5.458050000000185 ], [ 35.2927, 5.487640000000113 ], [ 35.28999, 5.50778 ], [ 35.103880000000117, 5.632500000000107 ], [ 35.10541, 5.68833 ], [ 35.02833, 5.81417 ], [ 34.986380000000111, 5.87805 ], [ 34.975830000000144, 5.96472 ], [ 34.98782, 6.01394 ], [ 34.981380000000115, 6.06111 ], [ 34.969720000000109, 6.086530000000153 ], [ 34.922430000000134, 6.13229 ], [ 34.87055, 6.237500000000125 ], [ 34.8593, 6.267220000000123 ], [ 34.85638, 6.29111 ], [ 34.852922775000081, 6.33204939899997 ], [ 34.975365972000077, 6.301222047000181 ], [ 34.97728673000006, 6.292913684000098 ], [ 34.984970449000116, 6.298803941000131 ], [ 35.011289767000164, 6.28025950600005 ], [ 35.03826853400011, 6.304626489000157 ], [ 35.073462548000123, 6.307410026000127 ], [ 35.083444213000064, 6.318056574000138 ], [ 35.106107879000149, 6.318904831000054 ], [ 35.118920647000152, 6.346463648000054 ], [ 35.131504261000032, 6.395495062000123 ], [ 35.143421760000138, 6.397745007000026 ], [ 35.164785924000171, 6.38276943700015 ], [ 35.178499831000181, 6.379267700000014 ], [ 35.199465521000093, 6.410903987999973 ], [ 35.186627675000182, 6.444274498000084 ], [ 35.173851643000035, 6.466523021000171 ], [ 35.185577749000174, 6.489749267000093 ], [ 35.186781586000052, 6.557474966000143 ], [ 35.195342608000146, 6.597440954999968 ], [ 35.186250262000101, 6.626927301000023 ], [ 35.187500193000062, 6.656492827000079 ], [ 35.197662145000095, 6.680216191999989 ], [ 35.178220167000177, 6.709621103000188 ], [ 35.179559546000064, 6.727364908000027 ], [ 35.146776209000109, 6.761095086000068 ], [ 35.079861794000067, 6.81079876900003 ], [ 35.042911619000165, 6.810497235000128 ], [ 34.985371002000136, 6.798202512000103 ], [ 34.933660998000164, 6.796293009000124 ], [ 34.945638019, 6.826537306999967 ], [ 34.968994400000156, 6.859264409000161 ], [ 34.992364608000059, 6.864031074000081 ], [ 34.997882971000024, 6.892863830000067 ], [ 34.973957711000025, 6.925165673000151 ], [ 34.945707937000122, 6.944131046 ], [ 34.911325456000043, 6.988154524000095 ], [ 34.90208104300018, 7.030915407000123 ], [ 34.884340418000193, 7.030759646000092 ], [ 34.877082333000146, 7.06979026900018 ], [ 34.892672517999983, 7.091504588000134 ], [ 34.890591089000168, 7.159336462000169 ], [ 34.898093041000038, 7.184790768000028 ], [ 34.942449190000048, 7.19290841000003 ], [ 34.965621224000074, 7.215074367000057 ], [ 34.970159702000103, 7.234028107000142 ], [ 34.977894689000152, 7.213275549000116 ], [ 35.010886783000046, 7.194712130000084 ], [ 35.020813335000128, 7.185781798000164 ], [ 35.053913519000105, 7.184263486000134 ], [ 35.083710156000166, 7.124841251000021 ], [ 35.114266402999988, 7.102144963000057 ], [ 35.20456386800015, 7.099613933000057 ], [ 35.218412744000091, 7.108032604000073 ], [ 35.234459906000041, 7.137931503000061 ], [ 35.264621891000104, 7.13623258299998 ], [ 35.279866821000098, 7.129380278000156 ], [ 35.299889315000144, 7.11577270700019 ], [ 35.313603505000117, 7.115253651000046 ], [ 35.330781491000153, 7.127092152000159 ], [ 35.354543578000062, 7.118483207000111 ], [ 35.371767484000031, 7.116981183000178 ], [ 35.380350540000165, 7.122820944000068 ], [ 35.368697612000062, 7.144182932000092 ], [ 35.353047054000058, 7.153884510000069 ], [ 35.333986430000039, 7.17993301000007 ], [ 35.334395044000075, 7.188277099000118 ], [ 35.340062973000045, 7.187141171000064 ], [ 35.372857634000184, 7.231027526000105 ], [ 35.345808364000106, 7.238978042000156 ], [ 35.353379215000132, 7.262397089000103 ], [ 35.370291530000145, 7.277360543999976 ], [ 35.374913325000193, 7.289975546000164 ], [ 35.382756081000025, 7.334253050000143 ], [ 35.387543648000076, 7.35066745000006 ], [ 35.392298410000024, 7.396183099000098 ], [ 35.367835393, 7.414628042000061 ], [ 35.373648242000058, 7.427978167000049 ], [ 35.355809000000136, 7.436700194000082 ], [ 35.345310669000071, 7.452871979000065 ], [ 35.328950729000042, 7.461604402999967 ], [ 35.320055048000029, 7.463008334000051 ], [ 35.309554712000022, 7.479178306 ], [ 35.272603544000162, 7.471477654000012 ], [ 35.262330749000057, 7.480220344999964 ], [ 35.253707251000151, 7.478380068000035 ], [ 35.243907694000143, 7.473674661000189 ], [ 35.209512077000056, 7.471867610000174 ], [ 35.189252435000071, 7.455626145000053 ], [ 35.161412898000151, 7.471357534000049 ], [ 35.122402105999981, 7.478600811000092 ], [ 35.120718694000175, 7.483497270000157 ], [ 35.126778944000137, 7.495632547000127 ], [ 35.138082805000067, 7.512076175000175 ], [ 35.146218625000188, 7.519514541000092 ], [ 35.171916384000042, 7.532753644000138 ], [ 35.170115406000036, 7.555147402000102 ], [ 35.164706392000141, 7.580407574000048 ], [ 35.166305223000165, 7.61487082900004 ], [ 35.145658908000144, 7.63024023000014 ], [ 35.115636627000072, 7.630795768000098 ], [ 35.11603360700019, 7.645092153000178 ], [ 35.172934602000055, 7.654229187000169 ], [ 35.212324139000032, 7.651496985000051 ], [ 35.22032125800007, 7.662597221000112 ], [ 35.220165326000142, 7.680242694000015 ], [ 35.222732824000161, 7.703102542000181 ], [ 35.24794388000015, 7.726512071000059 ], [ 35.275566916000059, 7.74600805200015 ], [ 35.289885559000027, 7.74723416900008 ], [ 35.293031884000186, 7.751900344999967 ], [ 35.310801782, 7.760980748000179 ], [ 35.324896698000089, 7.765330942000048 ], [ 35.340877649000106, 7.776610678000054 ], [ 35.342029587000184, 7.821368869000082 ], [ 35.349859201000186, 7.834874142000103 ], [ 35.358051522000096, 7.84299441800016 ], [ 35.371991444000059, 7.832473946000107 ], [ 35.389141341000027, 7.827023693000058 ], [ 35.400578841000083, 7.829573682000103 ], [ 35.409488424000187, 7.843360872000119 ], [ 35.418426955000029, 7.864135241000099 ], [ 35.428734945000087, 7.880825225000081 ], [ 35.433531098000174, 7.882756181000161 ], [ 35.459730937000131, 7.872515717000169 ], [ 35.474310848000073, 7.873505752000085 ], [ 35.490230763000056, 7.882566156000166 ], [ 35.497190718000127, 7.880296048000105 ], [ 35.504800676000059, 7.884706249000033 ], [ 35.512180636000153, 7.892346585000155 ], [ 35.520725584000161, 7.8956067310001 ], [ 35.530520523000121, 7.879986025999983 ], [ 35.536210480000079, 7.849384648000068 ], [ 35.544400425000163, 7.83099382 ], [ 35.554630358000054, 7.82021333400013 ], [ 35.570170268000084, 7.812923003000094 ], [ 35.589620153000112, 7.808632804000126 ], [ 35.606221748000166, 7.809577896000178 ], [ 35.618279986000061, 7.814743066000119 ], [ 35.666969708000067, 7.844894406000151 ], [ 35.676419651000117, 7.853464788000167 ], [ 35.693729554000129, 7.86435527000009 ], [ 35.703469498000118, 7.85910503100007 ], [ 35.716439421000075, 7.855474859000083 ], [ 35.739539285000149, 7.866625353000074 ], [ 35.762149159000046, 7.882606059000182 ], [ 35.776066029000106, 7.899170272000163 ], [ 35.799721733000183, 7.932609052000032 ], [ 35.799921729000062, 7.940669771000046 ], [ 35.795271807000063, 7.948020420000091 ], [ 35.782512014000076, 7.95395093999997 ], [ 35.771372202000123, 7.962891733000163 ], [ 35.767412267000168, 7.969112283000072 ], [ 35.738512741000136, 7.988824024000053 ], [ 35.722852992000014, 8.022467005000067 ], [ 35.728003735000129, 8.039569454000173 ], [ 35.74399414300018, 8.050941897000087 ], [ 35.753341643000169, 8.067842138000174 ], [ 35.76576921200018, 8.081234959000142 ], [ 35.798079023000184, 8.079134846000159 ], [ 35.816348919000177, 8.082424990999982 ], [ 35.860868654000171, 8.077234741000098 ], [ 35.872718576000125, 8.058773906 ], [ 35.888038466000069, 8.000521298000137 ], [ 35.898788394000121, 7.971089973000119 ], [ 35.905128344000104, 7.946018852000066 ], [ 35.90242834999998, 7.92620795900001 ], [ 35.886874435000152, 7.89253824400015 ], [ 35.874220502000014, 7.875784037000074 ], [ 35.859083629, 7.860137938000037 ], [ 35.851128624000069, 7.847954473000129 ], [ 35.848618632000012, 7.838964073 ], [ 35.859988565000094, 7.829333635000069 ], [ 35.875058471000159, 7.821793289000027 ], [ 35.897788331000072, 7.806912618000069 ], [ 35.922558176000052, 7.786701699000162 ], [ 35.941628057000059, 7.773921118000089 ], [ 35.986359087000039, 7.754656940000075 ], [ 35.997237715999972, 7.745119799000122 ], [ 36.020557553000117, 7.692017406000105 ], [ 36.041897424000183, 7.674366604000056 ], [ 36.051907352000057, 7.653905677000068 ], [ 36.047127371000101, 7.634324800000059 ], [ 36.032487444000139, 7.591452878000041 ], [ 36.03532741700019, 7.572582032000071 ], [ 36.045067358000097, 7.565481707000117 ], [ 36.062197248000075, 7.557481339 ], [ 36.086947099000156, 7.553891164000049 ], [ 36.127616857000078, 7.555641226000091 ], [ 36.156556678000129, 7.542620626000144 ], [ 36.180886529000134, 7.523599760000025 ], [ 36.200596399000062, 7.503638852000108 ], [ 36.224696245000132, 7.484387976000107 ], [ 36.279529937000063, 7.463286875999984 ], [ 36.301755766000099, 7.449876385000039 ], [ 36.348665484000094, 7.445416163000118 ], [ 36.374635311000077, 7.415574806000052 ], [ 36.406295123000177, 7.408544479000057 ], [ 36.453164846000163, 7.417424854000046 ], [ 36.470154252000043, 7.415397814000187 ], [ 36.483919654000033, 7.416009775000077 ], [ 36.598333941000021, 7.369032600000139 ], [ 36.605963893000194, 7.368362564000108 ], [ 36.62279380200016, 7.379223049000132 ], [ 36.632953738000026, 7.377862983000057 ], [ 36.638053701000047, 7.37120268100017 ], [ 36.651743607000128, 7.345011488000182 ], [ 36.672563472000149, 7.328040718000011 ], [ 36.694073330000151, 7.313130029999968 ], [ 36.719878760000142, 7.298501533000149 ], [ 36.762522895000075, 7.265907864000098 ], [ 36.791112613000166, 7.252283413000157 ], [ 36.840936200000101, 7.325989875000062 ], [ 36.879154575000143, 7.329694398000072 ], [ 36.95546430700017, 7.260490995000168 ], [ 36.96579892, 7.241924506999965 ], [ 36.964645170000097, 7.224732706000111 ], [ 37.003291408000109, 7.234436310000092 ], [ 37.039511190000042, 7.240016542000092 ], [ 37.068131017000098, 7.235246314000108 ], [ 37.104830783000125, 7.224495804000071 ], [ 37.128590638000048, 7.228445968000017 ], [ 37.154180492000137, 7.240666506000082 ], [ 37.182750336000026, 7.264857581000115 ], [ 37.211550172000159, 7.292718813000022 ], [ 37.237830025, 7.312059669000178 ], [ 37.262269883000158, 7.325430255000128 ], [ 37.287639735000141, 7.334420649000037 ], [ 37.331224325000164, 7.343444724000051 ], [ 37.331157124000185, 7.349708520000149 ], [ 37.349479886000097, 7.35773547600013 ], [ 37.353565101000186, 7.342174064000062 ], [ 37.351690162000011, 7.330731424000078 ], [ 37.355438247000109, 7.321486467000113 ], [ 37.353611530000194, 7.316479628000025 ], [ 37.352965645000154, 7.30310362400013 ], [ 37.356459487000052, 7.278043709000144 ], [ 37.36420009, 7.264363055000103 ], [ 37.374285316000112, 7.251456135000126 ], [ 37.382065555, 7.246507575000123 ], [ 37.389129879000109, 7.247465714000043 ], [ 37.395892531000072, 7.245671335 ], [ 37.402646895000089, 7.246221451000054 ], [ 37.409788592000098, 7.238805817000014 ], [ 37.415378060000194, 7.229877349000105 ], [ 37.424901917000113, 7.226249812000049 ], [ 37.427690910000081, 7.223388416000091 ], [ 37.440087652000102, 7.220296753000184 ], [ 37.446181306000142, 7.213154985000074 ], [ 37.452753273000098, 7.208544615000164 ], [ 37.457455200000027, 7.202099794999981 ], [ 37.464332570000067, 7.199061273000154 ], [ 37.493440194000073, 7.206335766000109 ], [ 37.500225639000121, 7.211956747000045 ], [ 37.508622944000081, 7.215597063000132 ], [ 37.522348923000038, 7.208846634 ], [ 37.527291078000133, 7.204336511000179 ], [ 37.530941571000085, 7.196082951999983 ], [ 37.530421373000081, 7.189943259000131 ], [ 37.527730025000153, 7.189483715000108 ], [ 37.527170937000051, 7.184553106000067 ], [ 37.520808276000025, 7.181517928000119 ], [ 37.510415283000157, 7.172894835000136 ], [ 37.504491107000035, 7.162556547000065 ], [ 37.496107017000043, 7.152989662000095 ], [ 37.486496881000164, 7.147024569000109 ], [ 37.463537785000142, 7.143144449999966 ], [ 37.455444102000058, 7.13519806100004 ], [ 37.454326901000115, 7.127959807000082 ], [ 37.456621219000056, 7.119865701000094 ], [ 37.459558466000146, 7.115999935000161 ], [ 37.459723258999986, 7.09888169400017 ], [ 37.456378055000187, 7.089288373000159 ], [ 37.455336109000086, 7.078518387999964 ], [ 37.441051450000089, 7.052990136000062 ], [ 37.441057690000093, 7.051123970000162 ], [ 37.446680426000057, 7.045508233000135 ], [ 37.445722841000133, 7.041162167999971 ], [ 37.441943993000109, 7.039666217000104 ], [ 37.440076304000058, 7.032410572000117 ], [ 37.432363296000119, 7.025805335000086 ], [ 37.433392751000099, 7.020839398000135 ], [ 37.432318159000033, 7.010087500000111 ], [ 37.426860459000181, 7.002890335000131 ], [ 37.427025324000056, 6.988824078999983 ], [ 37.423577441000134, 6.982711799000185 ], [ 37.42239615, 6.962903746000052 ], [ 37.421132144000069, 6.961003137999967 ], [ 37.422094624000124, 6.95241714600013 ], [ 37.420529862000137, 6.947770414000047 ], [ 37.423572656000033, 6.939980867000088 ], [ 37.422942682000098, 6.935026219000122 ], [ 37.430428284000072, 6.923112209000067 ], [ 37.429063854000162, 6.915786510000089 ], [ 37.434091034000062, 6.908697186999973 ], [ 37.434974637999971, 6.894799343000102 ], [ 37.430293158000097, 6.891482257000064 ], [ 37.425408514000026, 6.884456024000031 ], [ 37.423853570000176, 6.876842609000107 ], [ 37.416474561000086, 6.871291499000165 ], [ 37.407727644000147, 6.866812411000126 ], [ 37.3972224420001, 6.865605074000143 ], [ 37.388620472000127, 6.86083908300003 ], [ 37.378643696000154, 6.866260365000073 ], [ 37.363196163000168, 6.868337186000076 ], [ 37.352338840000073, 6.872151855000084 ], [ 37.343436076000103, 6.871451267000054 ], [ 37.338039243000026, 6.874518833000025 ], [ 37.334432743000093, 6.865271475000156 ], [ 37.328539856000191, 6.866447189999974 ], [ 37.321202930000084, 6.863000386000067 ], [ 37.315449331000025, 6.86542048400014 ], [ 37.312583049000182, 6.863640018000069 ], [ 37.309084963000146, 6.864536816 ], [ 37.304744416000062, 6.859975918000146 ], [ 37.297726700000112, 6.840859723000051 ], [ 37.292912820000083, 6.834861681000064 ], [ 37.287364306000029, 6.833550093000099 ], [ 37.280252381000139, 6.820964755000034 ], [ 37.276733308000018, 6.807722352000098 ], [ 37.277165177000143, 6.800714219000156 ], [ 37.273780729000066, 6.796730815999979 ], [ 37.274132861000112, 6.791947319000087 ], [ 37.27000407800017, 6.788655048000066 ], [ 37.267747511000039, 6.777163616000166 ], [ 37.266502936, 6.776508767000053 ], [ 37.267234425000026, 6.779430068000067 ], [ 37.266419770000084, 6.779690320000157 ], [ 37.264150492000056, 6.775124755000093 ], [ 37.254649843000095, 6.771609839000064 ], [ 37.251544381000031, 6.766682396000135 ], [ 37.243941635000169, 6.761236353000129 ], [ 37.243484491000174, 6.751964379000128 ], [ 37.249665717000028, 6.746711482000137 ], [ 37.249416999, 6.742560857000171 ], [ 37.237208634000012, 6.730292083000052 ], [ 37.228166978000104, 6.725893409000037 ], [ 37.224905459000183, 6.721240484000077 ], [ 37.225781729, 6.710549975000106 ], [ 37.222493848000056, 6.699987937000174 ], [ 37.228819652000141, 6.697594539000022 ], [ 37.22848832700015, 6.689937893000149 ], [ 37.230507915000089, 6.687265751000041 ], [ 37.232800671000064, 6.671807544000046 ], [ 37.235961104000182, 6.671244696000031 ], [ 37.239268523000192, 6.674003870000092 ], [ 37.241989796000041, 6.668152749000114 ], [ 37.241669404000163, 6.657338195000023 ], [ 37.237328268000169, 6.653542828000184 ], [ 37.219886281000186, 6.653432502000101 ], [ 37.21037811900004, 6.649426950000134 ], [ 37.199877374000152, 6.648671170000114 ], [ 37.196233020000022, 6.650763115000132 ], [ 37.191563105000114, 6.65849706900002 ], [ 37.182033540000077, 6.666882897 ], [ 37.166109360000178, 6.670412356000099 ], [ 37.146612006000055, 6.669717504000175 ], [ 37.136013459000026, 6.656855318000169 ], [ 37.128894489000061, 6.654005620000078 ], [ 37.121905544000072, 6.654744624000102 ], [ 37.113395811000032, 6.646483118000106 ], [ 37.107381745000168, 6.636317339000186 ], [ 37.104424175000077, 6.633961711000154 ], [ 37.064836762000084, 6.626249720000033 ], [ 37.052849794000053, 6.620557493000035 ], [ 37.043047198000068, 6.613055666000093 ], [ 37.031215682000038, 6.598465178000083 ], [ 37.02575260600014, 6.594711950000033 ], [ 37.021399836000057, 6.594503338000038 ], [ 37.009195236000096, 6.589766373000032 ], [ 37.003502849000085, 6.58960011500011 ], [ 36.992473721000067, 6.596014332000152 ], [ 36.988052270000082, 6.603162614999974 ], [ 36.99081341200008, 6.611912452000183 ], [ 36.991355989000112, 6.621818494000024 ], [ 36.991086165000183, 6.630905638000115 ], [ 36.987913075, 6.637534168000059 ], [ 36.993641965000108, 6.651527133000116 ], [ 36.989134271000182, 6.679881381000087 ], [ 36.984886905999986, 6.685205475000089 ], [ 36.968465443000127, 6.693222842000068 ], [ 36.940982621000103, 6.703058945000066 ], [ 36.93229442, 6.703883515000086 ], [ 36.919561923000174, 6.700019784000062 ], [ 36.908878057000095, 6.694004132000032 ], [ 36.902663240000038, 6.693188197000097 ], [ 36.888773581, 6.686813156000142 ], [ 36.873395263000191, 6.671007461000045 ], [ 36.866842965000046, 6.66846283100017 ], [ 36.843524674000037, 6.671654838000052 ], [ 36.820287811000071, 6.681543685000122 ], [ 36.809715561000189, 6.686985621000133 ], [ 36.809685801, 6.68884009900006 ], [ 36.784778922000044, 6.708934427000031 ], [ 36.779806627000141, 6.710629277000066 ], [ 36.771992486000102, 6.711994901000082 ], [ 36.740612288000193, 6.711701153000149 ], [ 36.727789665000159, 6.713843500000053 ], [ 36.708785880000164, 6.710652776000188 ], [ 36.69349450500016, 6.705677586000093 ], [ 36.682050495000055, 6.691513721000149 ], [ 36.678432917000066, 6.683941351000101 ], [ 36.680156573000033, 6.679246172000035 ], [ 36.679570322000075, 6.665583809000168 ], [ 36.671804399000166, 6.656941226000129 ], [ 36.667812956000034, 6.654420664000156 ], [ 36.64342974300007, 6.646699864000084 ], [ 36.633289696000134, 6.638041604000136 ], [ 36.61964445000018, 6.629324600000075 ], [ 36.610032261000185, 6.630379112000071 ], [ 36.60023980200009, 6.627329890000055 ], [ 36.597549049000122, 6.625015384000051 ], [ 36.590212826000027, 6.610770710000054 ], [ 36.580155789000173, 6.600515415000189 ], [ 36.578389412000149, 6.594141749000016 ], [ 36.570636953000076, 6.582557839000117 ], [ 36.550090307000175, 6.578375460000188 ], [ 36.542218334000154, 6.569608566000056 ], [ 36.530094097000188, 6.56382822400019 ], [ 36.52058689, 6.556346573000098 ], [ 36.503512786000044, 6.549357869000062 ], [ 36.496233287, 6.544518857000071 ], [ 36.489933075000067, 6.533931398000107 ], [ 36.461771067000029, 6.528785681000045 ], [ 36.444240341000068, 6.513415788000088 ], [ 36.44050885300004, 6.507032825000181 ], [ 36.429829670000117, 6.496417841000095 ], [ 36.419925928000112, 6.483788605000029 ], [ 36.417727680000098, 6.476416473000029 ], [ 36.406892801000083, 6.472960325000088 ], [ 36.38412136200003, 6.458868241000118 ], [ 36.377144580000106, 6.458258492000027 ], [ 36.370336030000033, 6.460632784000154 ], [ 36.365787343000193, 6.468074627000135 ], [ 36.361144391999972, 6.469150391000142 ], [ 36.355559847000052, 6.462236801000074 ], [ 36.348595879000072, 6.459784249000052 ], [ 36.323350726, 6.458356873000071 ], [ 36.323086525000122, 6.45588743400009 ], [ 36.317258883000193, 6.450420546000032 ], [ 36.314227249000169, 6.438922939000065 ], [ 36.306703766000055, 6.426370729000098 ], [ 36.29891522700018, 6.419721933000119 ], [ 36.283212358000014, 6.412609442000075 ], [ 36.272071329000084, 6.402240563000021 ], [ 36.266118796000058, 6.391658065000172 ], [ 36.248802682000132, 6.38502139000019 ], [ 36.237174027000094, 6.38923463000009 ], [ 36.228931498000179, 6.397625205000054 ], [ 36.216103601000043, 6.406815182000059 ], [ 36.212042738000036, 6.420242070000086 ], [ 36.201356602000146, 6.429039918000058 ], [ 36.193893470000091, 6.440451775000042 ], [ 36.186975018, 6.443233122000095 ], [ 36.164862021000147, 6.435759609000172 ], [ 36.138488227000039, 6.438457261000053 ], [ 36.128100404000179, 6.432613854000181 ], [ 36.125980765000065, 6.427163735000022 ], [ 36.118418076000012, 6.417352776000143 ], [ 36.109234150000077, 6.4155469640001 ], [ 36.100092613000186, 6.406244185000162 ], [ 36.095593720000181, 6.400300802 ], [ 36.095119276000162, 6.391980870000111 ], [ 36.093363812000064, 6.388431915000012 ], [ 36.080390027000135, 6.380205718000184 ], [ 36.068871604000037, 6.354932694000013 ], [ 36.054723296000191, 6.34758996700009 ], [ 36.045434001000103, 6.350535641000135 ], [ 36.043046243999981, 6.350428293000107 ], [ 36.039131342000076, 6.347126189000107 ], [ 36.035120194, 6.336092797000049 ], [ 36.035333184000081, 6.331596133000176 ], [ 36.038078272000178, 6.326504827000065 ], [ 36.047021155000152, 6.318496966000168 ], [ 36.055617726000094, 6.313719776000141 ], [ 36.059071752000079, 6.307414026000117 ], [ 36.056800543000179, 6.303278058000046 ], [ 36.048821746000044, 6.298219612000025 ], [ 36.044589855000083, 6.293041782000046 ], [ 36.039392145000079, 6.271332981 ], [ 36.036429810000186, 6.26950955600006 ], [ 36.031939370000089, 6.274389047000113 ], [ 36.027033560000064, 6.275093286000185 ], [ 36.018856518000121, 6.265694902000064 ], [ 36.010169545000167, 6.265322745000105 ], [ 35.992205013000046, 6.25771196200003 ], [ 35.979807191000077, 6.249014718000183 ], [ 35.969104936000178, 6.234645577000094 ], [ 35.956721498000036, 6.225570251000079 ], [ 35.955571180000049, 6.221835531000124 ], [ 35.958310816000051, 6.213990713000157 ], [ 35.967616646000181, 6.207210981000173 ], [ 35.967714434000072, 6.201322216999984 ], [ 35.961696650000079, 6.183135045000085 ], [ 35.962271506000036, 6.180711116 ], [ 35.976364983000053, 6.170066357000053 ], [ 35.977742533000139, 6.166221135000058 ], [ 35.974260441000183, 6.16439940600003 ], [ 35.96833402599998, 6.164731730000028 ], [ 35.959534338000026, 6.168707746 ], [ 35.952889097000082, 6.166839686000174 ], [ 35.942472834000057, 6.156915580000089 ], [ 35.934607662000133, 6.14067506300006 ], [ 35.933929069000044, 6.131447797000078 ], [ 35.939293249000116, 6.127013173000137 ], [ 35.947054912000112, 6.125373792000119 ], [ 35.950362939000172, 6.122391318000098 ], [ 35.950765555000089, 6.115878580000185 ], [ 35.945192149000036, 6.105671790000144 ], [ 35.945089967000115, 6.10214261100009 ], [ 35.949252841000146, 6.098887010000112 ], [ 35.959360028, 6.096235673000024 ], [ 35.973319711000158, 6.097778385000083 ], [ 35.981693109000162, 6.091310171000146 ], [ 35.994821041000137, 6.084648610999977 ], [ 35.993794175000119, 6.076949525000146 ], [ 35.984549772000037, 6.064435604999971 ], [ 35.982138292000172, 6.052006639000126 ], [ 35.987002587000177, 6.044115813000076 ], [ 35.994252442000061, 6.036425467000015 ], [ 35.995371417000058, 6.028701130000172 ], [ 35.999525766000147, 6.02216477900015 ], [ 36.000002731000052, 6.012000551000085 ], [ 36.005518290000168, 6.004675046000159 ], [ 36.008553450000136, 5.997335860000078 ], [ 36.006432478000136, 5.98282400100004 ], [ 36.003157401000124, 5.974374029999979 ], [ 36.000339089000192, 5.97161342000004 ], [ 35.991674587000034, 5.968271818000119 ], [ 35.987875031999977, 5.96111350100017 ], [ 35.987797619000048, 5.958550891000073 ], [ 35.990095877000158, 5.956092768000133 ], [ 35.986620011000184, 5.956622812000148 ], [ 35.980611203000024, 5.952380640000115 ], [ 35.977710228000035, 5.948063972 ], [ 35.978107760000114, 5.942209771000137 ], [ 35.988397486000054, 5.932291731000021 ], [ 35.98964154500004, 5.92601380800005 ], [ 35.989465648000134, 5.915295563000086 ], [ 35.983169653000118, 5.900678903000028 ], [ 35.987696673000073, 5.896311113000138 ], [ 35.984857836000117, 5.891317782999977 ], [ 35.977105226000106, 5.886532098000089 ], [ 35.977693880000118, 5.874998210000172 ], [ 35.976071891000117, 5.872119806000057 ], [ 35.974266886000066, 5.870645944000159 ], [ 35.969991470000025, 5.87179405500018 ], [ 35.96842326400008, 5.869794396000032 ], [ 35.973811439000144, 5.84663236900019 ], [ 35.973435767000126, 5.840364029000057 ], [ 35.962801116000151, 5.838784 ], [ 35.960893796000107, 5.834615714000051 ], [ 35.961199290000138, 5.827616808000073 ], [ 35.965823167000167, 5.82052857400015 ], [ 35.96241276100011, 5.813131252000062 ], [ 35.966925125000046, 5.800388698000177 ], [ 35.962302112000089, 5.790115337000032 ], [ 35.96228273700018, 5.782794836000164 ], [ 35.965543577000119, 5.774379162000173 ], [ 35.975669785000093, 5.764820067000187 ], [ 35.978500105000137, 5.759599739000066 ], [ 35.976764617000072, 5.75335594500001 ], [ 35.978310669999985, 5.73737614099997 ], [ 35.975992351000116, 5.733498662000045 ], [ 35.975788396000041, 5.727816879000045 ], [ 35.965668485000151, 5.717690439000137 ], [ 35.959034668000072, 5.700672012000041 ], [ 35.960573184, 5.697166348000053 ], [ 35.969519163000086, 5.696979248000048 ], [ 35.970234530000027, 5.694347645000164 ], [ 35.961650132000159, 5.692486969000015 ], [ 35.959497517000102, 5.69048446700009 ], [ 35.958245531000102, 5.683977357000117 ], [ 35.961591006000049, 5.681476759000134 ], [ 35.968193095000174, 5.682272794000028 ], [ 35.964761382000177, 5.678916643000036 ], [ 35.965317561000063, 5.673180341999966 ], [ 35.963540527000134, 5.666436218000115 ], [ 35.957242241000188, 5.662481981000042 ], [ 35.951573150000172, 5.651032429000054 ], [ 35.87741600600009, 5.673151982000149 ], [ 35.806852352000192, 5.665838864000079 ], [ 35.753842744000167, 5.600657981000097 ], [ 35.757830215000126, 5.515025033000143 ], [ 35.754190480000148, 5.463049861000059 ], [ 35.756013693000114, 5.411621226000022 ], [ 35.753690438000149, 5.382916995000073 ], [ 35.756923676000156, 5.359012126999971 ], [ 35.757041116000096, 5.345433895999975 ], [ 35.726240000000132, 5.364440000000116 ], [ 35.527920000000165, 5.42681000000016 ], [ 35.50471, 5.43139 ], [ 35.443710000000181, 5.425520000000176 ], [ 35.41909, 5.398400000000152 ], [ 35.352840000000185, 5.35069 ] ] ] } },
{ "type": "Feature", "properties": { "name": "Gambela" }, "geometry": { "type": "Polygon", "coordinates": [ [ [ 34.027710000000127, 7.37868 ], [ 33.88555, 7.525420000000167 ], [ 33.71249, 7.658470000000136 ], [ 33.647220000000118, 7.685 ], [ 33.46444, 7.74403 ], [ 33.453941863000125, 7.744200262000163 ], [ 33.454654831000141, 7.74556846400003 ], [ 33.453878550000127, 7.744201289000159 ], [ 33.439160000000186, 7.744440000000111 ], [ 33.096660000000156, 7.781110000000183 ], [ 33.05222, 7.79069 ], [ 33.014970000000119, 7.846060000000136 ], [ 32.996830000000102, 7.88722 ], [ 32.9918, 7.92604 ], [ 33.03194, 7.99739 ], [ 33.12138, 8.10097 ], [ 33.162770000000194, 8.115 ], [ 33.185920000000181, 8.14029 ], [ 33.17805, 8.2225 ], [ 33.16583, 8.27833 ], [ 33.16083, 8.35653 ], [ 33.171250000000157, 8.399790000000166 ], [ 33.26354, 8.46153 ], [ 33.326730000000111, 8.45368 ], [ 33.380830000000117, 8.43792 ], [ 33.470449697000163, 8.45775444200018 ], [ 33.473272676000192, 8.45584073800012 ], [ 33.475632740000094, 8.456191290000163 ], [ 33.480993390000094, 8.460087950000172 ], [ 33.508610000000147, 8.466200000000129 ], [ 33.63437, 8.46715 ], [ 33.66999, 8.43708 ], [ 33.69048, 8.39548 ], [ 33.71527, 8.375070000000107 ], [ 33.77133, 8.36775 ], [ 33.81874, 8.41153 ], [ 33.852490000000103, 8.42583000000019 ], [ 33.88152, 8.430830000000185 ], [ 33.91528, 8.43055 ], [ 33.97076, 8.43757 ], [ 34.002220000000136, 8.46028 ], [ 34.070830000000115, 8.52333 ], [ 34.105550000000108, 8.55778 ], [ 34.12166, 8.579580000000135 ], [ 34.124245703000042, 8.651479982000126 ], [ 34.189639021000119, 8.651632735000078 ], [ 34.22351863200015, 8.669767441999966 ], [ 34.235176567999986, 8.686147335000157 ], [ 34.255733657000121, 8.70263865700008 ], [ 34.279388977, 8.708837029000108 ], [ 34.312429023000107, 8.682099813000093 ], [ 34.345471368000176, 8.600099974000102 ], [ 34.358223376000126, 8.522043527999983 ], [ 34.357432848000087, 8.499928235000084 ], [ 34.344057182000029, 8.469241671000191 ], [ 34.334910708000166, 8.43860618399998 ], [ 34.31520781800009, 8.406792855000049 ], [ 34.313296408000042, 8.389928504000125 ], [ 34.32918745600017, 8.386959562000129 ], [ 34.347280143000148, 8.376647333000165 ], [ 34.43635263900012, 8.421774275000075 ], [ 34.471195893000015, 8.447576749000177 ], [ 34.522687101000031, 8.475544933000037 ], [ 34.556526754000117, 8.455134120000082 ], [ 34.574273499000071, 8.403479556999969 ], [ 34.63033589600019, 8.402000729 ], [ 34.66742669000007, 8.395039591000113 ], [ 34.728751828000156, 8.390022244000022 ], [ 34.767639886999973, 8.363379096000017 ], [ 34.785250433000101, 8.355242661000148 ], [ 34.795072045999973, 8.326909195999974 ], [ 34.785803330000135, 8.303639340000018 ], [ 34.826427111000044, 8.261935566000034 ], [ 34.855094825000037, 8.250647129000129 ], [ 34.882584465000093, 8.250930866000033 ], [ 34.964792083000134, 8.247346959000083 ], [ 35.018258912000078, 8.219643652 ], [ 35.073245997000072, 8.220184827000139 ], [ 35.118913490000182, 8.200608826000177 ], [ 35.138131458000089, 8.181827079000016 ], [ 35.157659299000159, 8.136710000000107 ], [ 35.143271224000102, 8.142853244000037 ], [ 35.103878786, 8.115117707000138 ], [ 35.089087727000049, 8.113922156000058 ], [ 35.117936250000184, 8.082588241000167 ], [ 35.140716397000176, 8.021689461000051 ], [ 35.141024095000091, 7.989027562000047 ], [ 35.108557973000188, 7.957113076000155 ], [ 35.048340566000036, 7.954436467000107 ], [ 35.008480071, 7.923502092000035 ], [ 35.013101335000101, 7.882457938000073 ], [ 35.00061526900015, 7.862321638000026 ], [ 34.950686634000022, 7.890286446000175 ], [ 34.944275153000035, 7.879393290000166 ], [ 34.932276357999967, 7.827954211000133 ], [ 34.937111947000119, 7.764793453000038 ], [ 34.931977556000163, 7.728168627000173 ], [ 34.995473251000135, 7.747974243000044 ], [ 35.077095841000073, 7.731005248000145 ], [ 35.11603360700019, 7.645092153000178 ], [ 35.115636627000072, 7.630795768000098 ], [ 35.145658908000144, 7.63024023000014 ], [ 35.166305223000165, 7.61487082900004 ], [ 35.164706392000141, 7.580407574000048 ], [ 35.170115406000036, 7.555147402000102 ], [ 35.171916384000042, 7.532753644000138 ], [ 35.146218625000188, 7.519514541000092 ], [ 35.138082805000067, 7.512076175000175 ], [ 35.126778944000137, 7.495632547000127 ], [ 35.120718694000175, 7.483497270000157 ], [ 35.122402105999981, 7.478600811000092 ], [ 35.161412898000151, 7.471357534000049 ], [ 35.189252435000071, 7.455626145000053 ], [ 35.209512077000056, 7.471867610000174 ], [ 35.243907694000143, 7.473674661000189 ], [ 35.253707251000151, 7.478380068000035 ], [ 35.262330749000057, 7.480220344999964 ], [ 35.272603544000162, 7.471477654000012 ], [ 35.309554712000022, 7.479178306 ], [ 35.320055048000029, 7.463008334000051 ], [ 35.328950729000042, 7.461604402999967 ], [ 35.345310669000071, 7.452871979000065 ], [ 35.355809000000136, 7.436700194000082 ], [ 35.373648242000058, 7.427978167000049 ], [ 35.367835393, 7.414628042000061 ], [ 35.392298410000024, 7.396183099000098 ], [ 35.387543648000076, 7.35066745000006 ], [ 35.382756081000025, 7.334253050000143 ], [ 35.374913325000193, 7.289975546000164 ], [ 35.370291530000145, 7.277360543999976 ], [ 35.353379215000132, 7.262397089000103 ], [ 35.345808364000106, 7.238978042000156 ], [ 35.372857634000184, 7.231027526000105 ], [ 35.340062973000045, 7.187141171000064 ], [ 35.334395044000075, 7.188277099000118 ], [ 35.333986430000039, 7.17993301000007 ], [ 35.353047054000058, 7.153884510000069 ], [ 35.368697612000062, 7.144182932000092 ], [ 35.380350540000165, 7.122820944000068 ], [ 35.371767484000031, 7.116981183000178 ], [ 35.354543578000062, 7.118483207000111 ], [ 35.330781491000153, 7.127092152000159 ], [ 35.313603505000117, 7.115253651000046 ], [ 35.299889315000144, 7.11577270700019 ], [ 35.279866821000098, 7.129380278000156 ], [ 35.264621891000104, 7.13623258299998 ], [ 35.234459906000041, 7.137931503000061 ], [ 35.218412744000091, 7.108032604000073 ], [ 35.20456386800015, 7.099613933000057 ], [ 35.114266402999988, 7.102144963000057 ], [ 35.083710156000166, 7.124841251000021 ], [ 35.053913519000105, 7.184263486000134 ], [ 35.020813335000128, 7.185781798000164 ], [ 35.010886783000046, 7.194712130000084 ], [ 34.977894689000152, 7.213275549000116 ], [ 34.970159702000103, 7.234028107000142 ], [ 34.965621224000074, 7.215074367000057 ], [ 34.942449190000048, 7.19290841000003 ], [ 34.898093041000038, 7.184790768000028 ], [ 34.890591089000168, 7.159336462000169 ], [ 34.892672517999983, 7.091504588000134 ], [ 34.877082333000146, 7.06979026900018 ], [ 34.884340418000193, 7.030759646000092 ], [ 34.90208104300018, 7.030915407000123 ], [ 34.911325456000043, 6.988154524000095 ], [ 34.945707937000122, 6.944131046 ], [ 34.973957711000025, 6.925165673000151 ], [ 34.997882971000024, 6.892863830000067 ], [ 34.992364608000059, 6.864031074000081 ], [ 34.968994400000156, 6.859264409000161 ], [ 34.945638019, 6.826537306999967 ], [ 34.933660998000164, 6.796293009000124 ], [ 34.985371002000136, 6.798202512000103 ], [ 35.042911619000165, 6.810497235000128 ], [ 35.079861794000067, 6.81079876900003 ], [ 35.146776209000109, 6.761095086000068 ], [ 35.179559546000064, 6.727364908000027 ], [ 35.178220167000177, 6.709621103000188 ], [ 35.197662145000095, 6.680216191999989 ], [ 35.187500193000062, 6.656492827000079 ], [ 35.186250262000101, 6.626927301000023 ], [ 35.195342608000146, 6.597440954999968 ], [ 35.186781586000052, 6.557474966000143 ], [ 35.185577749000174, 6.489749267000093 ], [ 35.173851643000035, 6.466523021000171 ], [ 35.186627675000182, 6.444274498000084 ], [ 35.199465521000093, 6.410903987999973 ], [ 35.178499831000181, 6.379267700000014 ], [ 35.164785924000171, 6.38276943700015 ], [ 35.143421760000138, 6.397745007000026 ], [ 35.131504261000032, 6.395495062000123 ], [ 35.118920647000152, 6.346463648000054 ], [ 35.106107879000149, 6.318904831000054 ], [ 35.083444213000064, 6.318056574000138 ], [ 35.073462548000123, 6.307410026000127 ], [ 35.03826853400011, 6.304626489000157 ], [ 35.011289767000164, 6.28025950600005 ], [ 34.984970449000116, 6.298803941000131 ], [ 34.97728673000006, 6.292913684000098 ], [ 34.975365972000077, 6.301222047000181 ], [ 34.852922775000081, 6.33204939899997 ], [ 34.850000000000136, 6.366660000000138 ], [ 34.756990000000144, 6.613780000000133 ], [ 34.70472, 6.67778 ], [ 34.679160000000138, 6.7 ], [ 34.654720000000168, 6.716670000000136 ], [ 34.63208, 6.729030000000137 ], [ 34.60277, 6.73472 ], [ 34.55361, 6.73569 ], [ 34.52882, 6.74722 ], [ 34.48697, 6.87749 ], [ 34.4718, 6.914310000000171 ], [ 34.430950000000109, 6.935410000000161 ], [ 34.360970000000179, 6.959030000000155 ], [ 34.32875, 6.95875 ], [ 34.299570000000131, 6.964320000000157 ], [ 34.28055, 6.97583 ], [ 34.23569, 7.01972 ], [ 34.22361, 7.042500000000189 ], [ 34.19389, 7.09 ], [ 34.163330000000144, 7.17167000000012 ], [ 34.09916, 7.199720000000184 ], [ 34.02708, 7.24812 ], [ 34.03278, 7.30444 ], [ 34.027710000000127, 7.37868 ] ] ] } },
{ "type": "Feature", "properties": { "name": "Harari" }, "geometry": { "type": "Polygon", "coordinates": [ [ [ 42.25632905000009, 9.252552392999974 ], [ 42.26871902400012, 9.229602386000124 ], [ 42.27203898800019, 9.21566739400015 ], [ 42.264718903000187, 9.197887447000141 ], [ 42.259448868000163, 9.19227247300006 ], [ 42.246028798000168, 9.187002520000021 ], [ 42.233718742000178, 9.185912564000091 ], [ 42.220788728000059, 9.196372594000138 ], [ 42.208488733000138, 9.211932605000129 ], [ 42.197458721000032, 9.219872631000044 ], [ 42.182148647000133, 9.216892684000129 ], [ 42.165718565000191, 9.21042275200017 ], [ 42.148558487000173, 9.206262811000158 ], [ 42.127348470000186, 9.226552852000054 ], [ 42.112408425000126, 9.230742891999967 ], [ 42.073688238000159, 9.220963026000106 ], [ 42.061332213000185, 9.226459058999978 ], [ 42.058878278000122, 9.249433034999981 ], [ 42.060508338000147, 9.265873009000074 ], [ 42.070468498000025, 9.303942920999987 ], [ 42.085258645000124, 9.329112833000124 ], [ 42.114228898000022, 9.372512669000173 ], [ 42.12914901400012, 9.388672600000064 ], [ 42.146619073000124, 9.387512541000092 ], [ 42.168579082000122, 9.362832511000022 ], [ 42.187439149, 9.361682445000042 ], [ 42.22187934700014, 9.379472308 ], [ 42.238079427000116, 9.384942246000151 ], [ 42.252999476000127, 9.383802192000132 ], [ 42.270312659000069, 9.361664396000094 ], [ 42.258519333000038, 9.334412256000121 ], [ 42.264969312, 9.32132225700019 ], [ 42.266049283000143, 9.309772269000064 ], [ 42.250309142000106, 9.285532357000079 ], [ 42.249349087000155, 9.270032382000068 ], [ 42.25632905000009, 9.252552392999974 ] ] ] } },
{ "type": "Feature", "properties": { "name": "Addis Ababa" }, "geometry": { "type": "Polygon", "coordinates": [ [ [ 38.744476964000171, 8.892111308000153 ], [ 38.743589381, 8.902585569000166 ], [ 38.736516278000181, 8.901290562000042 ], [ 38.731072239000127, 8.905090948000066 ], [ 38.719142294000051, 8.919715566000093 ], [ 38.708427892000145, 8.920915007000133 ], [ 38.70196616200019, 8.925628316000086 ], [ 38.696828632000177, 8.932707757000117 ], [ 38.693844563000084, 8.941897666000102 ], [ 38.687902081000118, 8.939741880000099 ], [ 38.68064233900003, 8.941089926000075 ], [ 38.680961277000108, 8.949664687000165 ], [ 38.676227154, 8.957604862000153 ], [ 38.642818508000119, 8.965853421000077 ], [ 38.639405387000068, 8.97403583300013 ], [ 38.654644678000068, 8.976936648000049 ], [ 38.659386470000186, 8.985402486000112 ], [ 38.657791869000107, 8.994818442000053 ], [ 38.651051599000027, 9.002493266000045 ], [ 38.651942039000176, 9.010284438000042 ], [ 38.667036364000012, 9.010027781000019 ], [ 38.66722298500008, 9.026232475000029 ], [ 38.672081496000033, 9.033145349 ], [ 38.672597780000103, 9.038672642 ], [ 38.683541099000081, 9.050037711000073 ], [ 38.683693560000165, 9.066316461000099 ], [ 38.68540800500017, 9.073027127000103 ], [ 38.70068164200012, 9.080511897000122 ], [ 38.706749677000118, 9.081831707000106 ], [ 38.716642738000189, 9.087750198000151 ], [ 38.727101355, 9.085713771000144 ], [ 38.738020098000106, 9.086862539000151 ], [ 38.750856351000152, 9.09052873800016 ], [ 38.765214224000033, 9.098150301000089 ], [ 38.771246838000025, 9.098194705000026 ], [ 38.778186831000028, 9.093651454999986 ], [ 38.791311791999988, 9.077681516000155 ], [ 38.799963516000162, 9.078564068000162 ], [ 38.805125604000068, 9.082329191000042 ], [ 38.824736229000052, 9.075888689000067 ], [ 38.842569629000138, 9.078613269000073 ], [ 38.849527549000129, 9.078168946000176 ], [ 38.85675163500008, 9.083522517000176 ], [ 38.86821989300006, 9.084908461000111 ], [ 38.876320806000194, 9.081584122000095 ], [ 38.88195714200009, 9.068558705000044 ], [ 38.882943777000094, 9.052105380000171 ], [ 38.893343793000099, 9.037227027000029 ], [ 38.905000952000194, 9.009499839000057 ], [ 38.906053758000041, 8.99753201700014 ], [ 38.904338736000113, 8.99215702500004 ], [ 38.90624370900008, 8.977418691000025 ], [ 38.902784685000029, 8.962411731000032 ], [ 38.896234789000061, 8.954837463000047 ], [ 38.901098938000075, 8.946141094000041 ], [ 38.896759233000125, 8.937026941000056 ], [ 38.89142353800014, 8.934332078000125 ], [ 38.861418416000163, 8.942677144000129 ], [ 38.855555243000026, 8.938292853000178 ], [ 38.860833743000171, 8.932177986000056 ], [ 38.879447092000078, 8.918314232000114 ], [ 38.873309350000056, 8.905094982000037 ], [ 38.877491630000065, 8.895787247000101 ], [ 38.869831313000134, 8.88077493600008 ], [ 38.868717092000054, 8.873035683000182 ], [ 38.863808972000072, 8.882850647000112 ], [ 38.858387962000052, 8.883638332000032 ], [ 38.847077416000161, 8.880020093000041 ], [ 38.840687938000144, 8.879851636000069 ], [ 38.832983731000127, 8.882912026000156 ], [ 38.826001429000087, 8.880187270000135 ], [ 38.829409730000123, 8.868782171000134 ], [ 38.823907683000073, 8.85275832100001 ], [ 38.824393004000171, 8.841332266000109 ], [ 38.817489971000157, 8.839293082000097 ], [ 38.81254721800002, 8.840015270000038 ], [ 38.797583928000108, 8.833485285000165 ], [ 38.792024833000141, 8.835776624000118 ], [ 38.780594873000155, 8.835919558000057 ], [ 38.77838322700012, 8.841808769000181 ], [ 38.777465290000066, 8.852424952000035 ], [ 38.772991760000139, 8.857467391000114 ], [ 38.756465000000162, 8.853240602000028 ], [ 38.754117101000134, 8.858593296000095 ], [ 38.745517604000099, 8.86342367300017 ], [ 38.745200640000178, 8.869490449000125 ], [ 38.747294652000051, 8.877159 ], [ 38.743159370000058, 8.880412437000189 ], [ 38.744476964000171, 8.892111308000153 ] ] ] } },
{ "type": "Feature", "properties": { "name": "Dire Dawa" }, "geometry": { "type": "Polygon", "coordinates": [ [ [ 41.982523831000037, 9.508492896 ], [ 41.938748556000121, 9.479543086000149 ], [ 41.913378429000034, 9.472463175000087 ], [ 41.859708268000134, 9.48801333 ], [ 41.838678148000042, 9.477913414000113 ], [ 41.815198051000039, 9.476743490000104 ], [ 41.792547997000156, 9.489513541000065 ], [ 41.772997927000119, 9.49105360700014 ], [ 41.754527826000015, 9.484573675000092 ], [ 41.734617702000037, 9.471483758000147 ], [ 41.728027738000151, 9.489033754000047 ], [ 41.749068191000106, 9.600553523000031 ], [ 41.748601873999974, 9.636353472000167 ], [ 41.773828470000012, 9.653703360000065 ], [ 41.790998523000042, 9.649033309000117 ], [ 41.801038541000139, 9.642413289 ], [ 41.808678563000058, 9.64055326600004 ], [ 41.853278860000046, 9.673743065 ], [ 41.873238977000142, 9.683882986000128 ], [ 41.906139095000015, 9.679302884000037 ], [ 41.996429301000035, 9.631162655000139 ], [ 42.00838931800007, 9.622162633000073 ], [ 42.018909342000086, 9.617922606000036 ], [ 42.030809393000027, 9.618482565000079 ], [ 42.18577054800005, 9.773561785000027 ], [ 42.213350694000155, 9.783741669000165 ], [ 42.250990849000118, 9.783491543000082 ], [ 42.293520927000088, 9.757491440000081 ], [ 42.339772808000134, 9.719617623000147 ], [ 42.318140839000023, 9.705661442000121 ], [ 42.285940607000157, 9.676141605000055 ], [ 42.271850519000168, 9.666951669000127 ], [ 42.258635415000072, 9.651581739000108 ], [ 42.240770360000113, 9.656641789999981 ], [ 42.220520277000162, 9.656161865000172 ], [ 42.200530191000155, 9.653141934000132 ], [ 42.180380082000113, 9.644342017000099 ], [ 42.142249848000176, 9.620292188000121 ], [ 42.124859761000096, 9.61452225000005 ], [ 42.127849717, 9.598372269000038 ], [ 42.13340968100016, 9.582492279000121 ], [ 42.146129695000127, 9.570632250000131 ], [ 42.152599667000061, 9.556372258000124 ], [ 42.138899537000157, 9.53469233300018 ], [ 42.109679332000042, 9.507962472000031 ], [ 42.09625926300015, 9.501312526000106 ], [ 42.081059154000059, 9.488162599000191 ], [ 42.074771083000144, 9.473716646000128 ], [ 42.067614055000035, 9.474807665000071 ], [ 42.052139050000108, 9.49195269400019 ], [ 42.043909045000134, 9.498312706000092 ], [ 42.031719010000018, 9.504402737000078 ], [ 42.019098978000159, 9.508172774 ], [ 41.995358876000182, 9.506462857000031 ], [ 41.982523831000037, 9.508492896 ] ] ] } },
{ "type": "Feature", "properties": { "name": "Sidama" }, "geometry": { "type": "Polygon", "coordinates": [ [ [ 38.449285772000167, 6.413040543000079 ], [ 38.441037189000042, 6.405362953000065 ], [ 38.427645317999975, 6.385945006000043 ], [ 38.424347106000141, 6.368675131000145 ], [ 38.41612729000019, 6.369779311 ], [ 38.411276437000026, 6.364645426000038 ], [ 38.407855368000185, 6.35535738599998 ], [ 38.402736425000057, 6.355070756000089 ], [ 38.401019793000103, 6.35650585000019 ], [ 38.402051681000046, 6.361673060000157 ], [ 38.398475574000031, 6.363778686000103 ], [ 38.39782361400006, 6.366598453999984 ], [ 38.394453604000148, 6.366310939000073 ], [ 38.393861998000034, 6.368261250999979 ], [ 38.3990307360001, 6.374294216000123 ], [ 38.40446606200004, 6.396718149000151 ], [ 38.400873312000158, 6.400256132000038 ], [ 38.398038439000175, 6.410328809000077 ], [ 38.394254145000048, 6.413866506000147 ], [ 38.388747965000107, 6.416755916000113 ], [ 38.386309729000175, 6.41498193100017 ], [ 38.380901828000106, 6.415693430000147 ], [ 38.374874552000165, 6.414202248000038 ], [ 38.369657290000134, 6.415536128000099 ], [ 38.365161928000191, 6.413496249000161 ], [ 38.355542012000058, 6.415207446000068 ], [ 38.34213735100019, 6.420479660000012 ], [ 38.336829967000142, 6.417409369000097 ], [ 38.321325914000113, 6.417987401000119 ], [ 38.314193007000142, 6.420466945000101 ], [ 38.308595304000164, 6.41993289300018 ], [ 38.306054739000047, 6.423280082000076 ], [ 38.300551841000186, 6.423392260000128 ], [ 38.297435168000163, 6.428078858000106 ], [ 38.290687094000134, 6.428931134000152 ], [ 38.289540215000159, 6.42782862700011 ], [ 38.288867853000113, 6.429598731000056 ], [ 38.290871597000034, 6.433909442000072 ], [ 38.285988954000061, 6.435242889000051 ], [ 38.285694994000039, 6.440148725000029 ], [ 38.281051404000095, 6.441578183 ], [ 38.282403501000147, 6.437769978000119 ], [ 38.260080284000082, 6.452157153000087 ], [ 38.24559052900014, 6.468228601000078 ], [ 38.221450942000047, 6.461097959000028 ], [ 38.215500334000126, 6.463468269000032 ], [ 38.170621815000061, 6.449826935000033 ], [ 38.155222080000158, 6.439255981999963 ], [ 38.143491266000126, 6.458191833000058 ], [ 38.149683719000109, 6.496589192000158 ], [ 38.139280388000088, 6.506002737000017 ], [ 38.114510558000177, 6.499561886000095 ], [ 38.101134847000026, 6.512691303000111 ], [ 38.090731515000073, 6.526068446000181 ], [ 38.05159517900006, 6.534738812000114 ], [ 38.033513198000094, 6.561493097000152 ], [ 38.016468570000029, 6.575178275000042 ], [ 38.018994360000136, 6.577091720000169 ], [ 38.017270054999983, 6.584202099000095 ], [ 38.012433488000113, 6.585484843000131 ], [ 38.012628835000044, 6.607693292000135 ], [ 38.009594748999973, 6.617068244000109 ], [ 38.019388640000045, 6.665603544000135 ], [ 38.022472070000106, 6.668187539000144 ], [ 38.026041223999982, 6.667416516 ], [ 38.028922440000031, 6.670855771000106 ], [ 38.035055641000042, 6.672052939000025 ], [ 38.038629574000083, 6.68043584000003 ], [ 38.038721048000184, 6.683094303000189 ], [ 38.035690407000175, 6.685415855000088 ], [ 38.038055652000025, 6.686147381000012 ], [ 38.040766018000113, 6.684012132000021 ], [ 38.044480449000048, 6.687796034000087 ], [ 38.045621388000029, 6.691914421000092 ], [ 38.048255018000191, 6.691584487000114 ], [ 38.049927407000098, 6.693215047000024 ], [ 38.049316032000036, 6.699914618000037 ], [ 38.053233236000153, 6.704277677 ], [ 38.05528083500019, 6.709977269000149 ], [ 38.05390339000013, 6.716723234000085 ], [ 38.057099118000053, 6.722903666000036 ], [ 38.057828927000173, 6.729270794000172 ], [ 38.067484548000152, 6.749870251000061 ], [ 38.068458551000163, 6.753796851000061 ], [ 38.06644342400017, 6.755994677000047 ], [ 38.069210335000037, 6.761264864000054 ], [ 38.070826097000122, 6.771877416000109 ], [ 38.077502756, 6.782748992000052 ], [ 38.080741189000037, 6.798298567000131 ], [ 38.091477318000045, 6.814915858000063 ], [ 38.093959041000119, 6.825946347000126 ], [ 38.103171724000049, 6.847854318000088 ], [ 38.108808194000119, 6.851513019000038 ], [ 38.113175174000162, 6.859562090000168 ], [ 38.118444278000027, 6.871920474000035 ], [ 38.117765242000132, 6.876561942000023 ], [ 38.121323754000059, 6.881689837000067 ], [ 38.118054100000052, 6.888719691000119 ], [ 38.124291027000027, 6.895862762000036 ], [ 38.128171414000178, 6.908410007000043 ], [ 38.131134607000092, 6.911861565000152 ], [ 38.131085639000162, 6.925550337000175 ], [ 38.129111162000129, 6.931386024000119 ], [ 38.130039189000058, 6.934642415000155 ], [ 38.13434743900001, 6.93603832000008 ], [ 38.136591922000036, 6.939727871000116 ], [ 38.135359774000051, 6.945612795000159 ], [ 38.132383123000011, 6.949388544000158 ], [ 38.135444642000152, 6.951595844 ], [ 38.135720715000161, 6.958969170000103 ], [ 38.13070613900004, 6.962691405000157 ], [ 38.130154270000105, 6.974009886000033 ], [ 38.146584174000054, 6.977463948000036 ], [ 38.17007404900005, 7.000874987000032 ], [ 38.193793906000167, 7.012345484000093 ], [ 38.21636376500004, 7.014405561999979 ], [ 38.237920596000095, 7.02005471300015 ], [ 38.254430708000143, 7.059897726000145 ], [ 38.289183384000012, 7.107109683000147 ], [ 38.305258961999982, 7.121612751000043 ], [ 38.313429299, 7.147109674000149 ], [ 38.321894933000067, 7.161742447 ], [ 38.342193101000191, 7.164452227000027 ], [ 38.35691299400014, 7.14585137600011 ], [ 38.378072847000055, 7.129760635000082 ], [ 38.400632700000131, 7.121470242000044 ], [ 38.420841937000091, 7.122521219000078 ], [ 38.4425483280001, 7.126812556000118 ], [ 38.460022326000114, 7.118190046000109 ], [ 38.463912287000028, 7.099829213000135 ], [ 38.480022182000084, 7.090398776000143 ], [ 38.505102017000127, 7.087838642 ], [ 38.52813187300012, 7.091028762 ], [ 38.546114525000178, 7.090876842000057 ], [ 38.566361653000115, 7.112319693000131 ], [ 38.583641554000167, 7.126290302000086 ], [ 38.611491380000189, 7.124180187000036 ], [ 38.630341248000036, 7.110849564999967 ], [ 38.64617113900016, 7.09554310600015 ], [ 38.63695117400016, 7.06609754699997 ], [ 38.653511062000064, 7.061707334000118 ], [ 38.668000970000094, 7.05985724400017 ], [ 38.680870877000132, 7.048356713000089 ], [ 38.684450746000095, 7.033951444000024 ], [ 38.678075653000121, 7.02879726000009 ], [ 38.674380891000112, 7.016475283000091 ], [ 38.677412797000159, 7.005354711000109 ], [ 38.689381633000153, 7.000867257000095 ], [ 38.697659787000134, 7.013830057000064 ], [ 38.710500658000058, 7.012985094000044 ], [ 38.714380616000085, 6.991414114000179 ], [ 38.711167949000128, 6.973757076000084 ], [ 38.700531159000036, 6.968645 ], [ 38.694770716000107, 6.957492603000048 ], [ 38.701200664000055, 6.945092038000098 ], [ 38.704630624000174, 6.930631385000083 ], [ 38.699760634000143, 6.903340156000013 ], [ 38.714084698000136, 6.860577375000048 ], [ 38.69834276000006, 6.848572888000035 ], [ 38.667598290000171, 6.832275422 ], [ 38.639853442000117, 6.812686850000034 ], [ 38.63639095200017, 6.799705531000029 ], [ 38.635670932000096, 6.771714267 ], [ 38.643490875000111, 6.768724126000166 ], [ 38.658210783000129, 6.769624153999985 ], [ 38.672000692000097, 6.762273805000177 ], [ 38.678420642000162, 6.748963198000069 ], [ 38.688540571000033, 6.744362986000112 ], [ 38.705550464000112, 6.742042868 ], [ 38.720940350000149, 6.730102313000145 ], [ 38.727360296000029, 6.711971491000099 ], [ 38.742290194000077, 6.700940976000084 ], [ 38.754240115000187, 6.697030791000088 ], [ 38.779299955999988, 6.700210911000113 ], [ 38.809879761000047, 6.701320938000038 ], [ 38.817929714000059, 6.703611031000094 ], [ 38.833539606000045, 6.691660483000021 ], [ 38.837751030000163, 6.674915718000022 ], [ 38.855119444000138, 6.668699427000035 ], [ 38.901769143000024, 6.665659248000111 ], [ 38.917849034000085, 6.659208938 ], [ 38.934424959000125, 6.655611414000077 ], [ 38.949423820999982, 6.643803218000073 ], [ 38.944458841000085, 6.630277605000117 ], [ 38.941678844000194, 6.61033670900008 ], [ 38.959640225000101, 6.60087935100006 ], [ 39.032198258000165, 6.61180669700002 ], [ 39.059308084, 6.608786533999989 ], [ 39.064525077000098, 6.598816795000118 ], [ 39.05292012200016, 6.584047603999977 ], [ 39.048448124000117, 6.569824785000094 ], [ 39.052568086000122, 6.556984197000133 ], [ 39.069787970000107, 6.553294018000031 ], [ 39.086217855000143, 6.545168636000085 ], [ 39.096617764000086, 6.521612558000072 ], [ 39.095397734000073, 6.472090315000059 ], [ 39.099967691000074, 6.455579568000019 ], [ 39.107527626000035, 6.437688744000184 ], [ 39.121227489000148, 6.380586145000109 ], [ 39.127387417000193, 6.344354499000076 ], [ 39.125747409000041, 6.321893482000178 ], [ 39.119546178000064, 6.298994291000042 ], [ 39.109445747000052, 6.287332323000044 ], [ 39.090850623000165, 6.270802640999989 ], [ 39.085967610000125, 6.252010342000062 ], [ 39.099707489000025, 6.218528806 ], [ 39.103597450000109, 6.202248067000028 ], [ 39.113207371000044, 6.176556888 ], [ 39.130417249000061, 6.165996395000093 ], [ 39.13185995300006, 6.158786172000134 ], [ 39.102895851000028, 6.15734057300017 ], [ 39.079716255999983, 6.153000181000039 ], [ 39.055616663000023, 6.145909545999984 ], [ 39.03448703000015, 6.137438774000088 ], [ 38.98812782400006, 6.147099653000168 ], [ 38.960598297000161, 6.159270747000164 ], [ 38.950048478000099, 6.180372660999979 ], [ 38.936508710000169, 6.200334458000043 ], [ 38.920918973000141, 6.228557013000113 ], [ 38.897739369000192, 6.25860972300012 ], [ 38.885579581000059, 6.284772087000135 ], [ 38.874109772000054, 6.300833539 ], [ 38.852540145000148, 6.320335301000114 ], [ 38.83202535800018, 6.343216403999975 ], [ 38.812130839000133, 6.35591850600008 ], [ 38.771491529000116, 6.399762461000137 ], [ 38.757956764000141, 6.40906830400013 ], [ 38.738652093000042, 6.408953289000124 ], [ 38.707162634000099, 6.392451803000085 ], [ 38.690622915000176, 6.406223044000114 ], [ 38.672013236000055, 6.408983293000119 ], [ 38.661453411000025, 6.419084203000125 ], [ 38.645016020000071, 6.423178951000182 ], [ 38.626744008000117, 6.417034019000141 ], [ 38.606317161000106, 6.422836127000039 ], [ 38.583314749000067, 6.437015816999974 ], [ 38.566545038000129, 6.440456127000061 ], [ 38.537580534000085, 6.436795793999977 ], [ 38.50379611600016, 6.436345751000147 ], [ 38.475286600000118, 6.430375209000147 ], [ 38.449285772000167, 6.413040543000079 ] ] ] } },
{ "type": "Feature", "properties": { "name": "Contested" }, "geometry": { "type": "MultiPolygon", "coordinates": [ [ [ [ 37.745817800000111, 13.57809753500004 ], [ 37.746138431000077, 13.570948853000061 ], [ 37.735741843000142, 13.572053569000161 ], [ 37.727027012, 13.563421897000069 ], [ 37.7201428300001, 13.546228729000177 ], [ 37.714425549000168, 13.542012677000059 ], [ 37.715488752000113, 13.534526835000065 ], [ 37.709617497000067, 13.530195774000106 ], [ 37.707875158000093, 13.521216309000124 ], [ 37.698739341000135, 13.49541015799997 ], [ 37.694891093000024, 13.488340367000092 ], [ 37.690896724000027, 13.484688629000061 ], [ 37.694142437000096, 13.472426752000104 ], [ 37.68538273300004, 13.465251023000121 ], [ 37.683332202000145, 13.459748536000063 ], [ 37.678981164000163, 13.456466552000109 ], [ 37.676794297000185, 13.450687568000149 ], [ 37.665723545000048, 13.44641660800005 ], [ 37.662211506000176, 13.442126123999969 ], [ 37.656563967000181, 13.441373463000161 ], [ 37.655699693000031, 13.43476015300007 ], [ 37.637097256000175, 13.413895488000094 ], [ 37.625369996000131, 13.408169945 ], [ 37.617565838000075, 13.407911452 ], [ 37.611006289000102, 13.411080451000146 ], [ 37.604501028000186, 13.408937337000111 ], [ 37.59016782599997, 13.397597399000119 ], [ 37.582286511000063, 13.39701175600004 ], [ 37.567172342000163, 13.388154229000179 ], [ 37.561514778000117, 13.387123698000096 ], [ 37.557185157999982, 13.390293339000095 ], [ 37.552001122000092, 13.388603948000025 ], [ 37.531825668000181, 13.37761816799997 ], [ 37.525931645000185, 13.371253373000172 ], [ 37.517780528000173, 13.36647495200009 ], [ 37.494884430000013, 13.367785469000069 ], [ 37.490081968000027, 13.363209405000191 ], [ 37.482843091000177, 13.364255591000074 ], [ 37.47653906000005, 13.367708272000186 ], [ 37.471474858000079, 13.366936788000146 ], [ 37.461981639000157, 13.35951742400016 ], [ 37.450150098000108, 13.354868564000071 ], [ 37.440505834000078, 13.35409430600015 ], [ 37.437612275, 13.358255897000163 ], [ 37.431337276000136, 13.359537254000031 ], [ 37.42488220700011, 13.363544427000022 ], [ 37.415816650000068, 13.373968391000062 ], [ 37.409507611000038, 13.370136035000087 ], [ 37.403037997000126, 13.361744493000117 ], [ 37.395817856000065, 13.357776969000099 ], [ 37.388657331000104, 13.35630525900001 ], [ 37.365241889000174, 13.359850854000058 ], [ 37.358970939000187, 13.357481375000191 ], [ 37.355384239000045, 13.351342339000098 ], [ 37.351905262000059, 13.342623866 ], [ 37.352505472000189, 13.334353419000081 ], [ 37.350409733000049, 13.326731793000022 ], [ 37.344326292, 13.324428598000168 ], [ 37.338980126000024, 13.318552792 ], [ 37.335458595000034, 13.310429077000094 ], [ 37.321827248000091, 13.297177615000066 ], [ 37.312743934000082, 13.29753227100008 ], [ 37.280647187000113, 13.284943967000174 ], [ 37.275859065000077, 13.288362795000069 ], [ 37.263844297000048, 13.290045476000159 ], [ 37.255876900000089, 13.294970843999977 ], [ 37.250517199000114, 13.294993971000054 ], [ 37.246221675000129, 13.292189550000103 ], [ 37.239752410000165, 13.276930645000107 ], [ 37.224398829000165, 13.274730585000157 ], [ 37.214131671000132, 13.265841212000112 ], [ 37.211047906000147, 13.259388115000093 ], [ 37.204709119000142, 13.255712391000088 ], [ 37.185726628000111, 13.282550094000101 ], [ 37.175454362000153, 13.288494078000042 ], [ 37.163526132000129, 13.292557544000147 ], [ 37.15774619900003, 13.297806598000136 ], [ 37.150313585, 13.300761329000125 ], [ 37.127517210000065, 13.30511078100011 ], [ 37.115683284000056, 13.311607262000166 ], [ 37.098737854000035, 13.316356616 ], [ 37.083864653000035, 13.314706268000066 ], [ 37.078374033000102, 13.311815581000076 ], [ 37.076378217000183, 13.318000827999981 ], [ 37.069265442000074, 13.317440271000066 ], [ 37.065553819, 13.329859684000098 ], [ 37.052525124000169, 13.33295187300007 ], [ 37.039693577000151, 13.351033380000047 ], [ 37.034955552000042, 13.353264047000096 ], [ 37.025302311000075, 13.354635647000066 ], [ 37.013016797000034, 13.360513515000036 ], [ 37.001847109000039, 13.356683620000183 ], [ 36.996769736000147, 13.35900309200008 ], [ 36.982063481000068, 13.361323912000046 ], [ 36.976186587000029, 13.364727267000035 ], [ 36.970431010000141, 13.365358281000169 ], [ 36.964487847000157, 13.369635152000114 ], [ 36.959812450000129, 13.367251800000076 ], [ 36.956890105000184, 13.362378047000163 ], [ 36.951582467000151, 13.364788471999987 ], [ 36.946077459000094, 13.369795420000059 ], [ 36.938587688000098, 13.379983397000046 ], [ 36.929672897000103, 13.372127957000032 ], [ 36.926943314000141, 13.377601148 ], [ 36.919192014000032, 13.376823803999969 ], [ 36.915438942000037, 13.38275866400005 ], [ 36.90898952100008, 13.384465676000104 ], [ 36.905136099000117, 13.388151802999971 ], [ 36.903865613000164, 13.394565232000105 ], [ 36.895540236000102, 13.406913268000039 ], [ 36.881178028000136, 13.407483369000033 ], [ 36.873813265000138, 13.413205811000125 ], [ 36.871158085000047, 13.419047628000044 ], [ 36.854170120000163, 13.431438418000141 ], [ 36.844682924000153, 13.435365845000092 ], [ 36.843696590999969, 13.440939619000119 ], [ 36.837915545000044, 13.444639204999987 ], [ 36.824789940000187, 13.448246112000106 ], [ 36.817147515000102, 13.446529213000076 ], [ 36.812545418000127, 13.435155559000123 ], [ 36.808622144000026, 13.418499846000032 ], [ 36.802524181000081, 13.413388528000041 ], [ 36.788437340000087, 13.407629325000073 ], [ 36.783219823000138, 13.402886462000083 ], [ 36.772401283000079, 13.388923990000023 ], [ 36.770449457000041, 13.381888371000059 ], [ 36.766943716000185, 13.37812810700018 ], [ 36.762180940000064, 13.374144353000077 ], [ 36.749420582000141, 13.371422038000162 ], [ 36.744789713000046, 13.36699302400018 ], [ 36.734659852999982, 13.363072466000119 ], [ 36.731380941000111, 13.368729253000026 ], [ 36.72197653600017, 13.366578404000165 ], [ 36.714768634000109, 13.367091861000063 ], [ 36.705395797000051, 13.372065645000021 ], [ 36.685101069000041, 13.374785176000046 ], [ 36.664595514000098, 13.366565204000096 ], [ 36.656149638000102, 13.369050431000119 ], [ 36.649126148, 13.38019123700019 ], [ 36.643882111000153, 13.378074150999964 ], [ 36.635779662000061, 13.382451577000154 ], [ 36.628081227, 13.381875342000171 ], [ 36.609496445000104, 13.375213016000146 ], [ 36.60480770800018, 13.377627433000157 ], [ 36.602021333000152, 13.382080311000152 ], [ 36.592651872000033, 13.389015686000164 ], [ 36.588677654000151, 13.402782538000054 ], [ 36.579311862000111, 13.411602223000159 ], [ 36.576303862000088, 13.417570451000131 ], [ 36.569510996000076, 13.425268509000091 ], [ 36.566421944000069, 13.446200745000056 ], [ 36.57095120200006, 13.449731410000084 ], [ 36.572880959000088, 13.456175705000078 ], [ 36.570951950999984, 13.466865382000037 ], [ 36.57431031800013, 13.477864165000142 ], [ 36.578776893000168, 13.482190996000099 ], [ 36.596445051000046, 13.489128605000076 ], [ 36.601122891000045, 13.498425464000093 ], [ 36.598102360000155, 13.504735359000165 ], [ 36.579663745000175, 13.520327239000096 ], [ 36.572427755000092, 13.522249879000185 ], [ 36.564711750000185, 13.533001045000162 ], [ 36.566508518000148, 13.539134063000063 ], [ 36.564028970000152, 13.54741913800018 ], [ 36.558500412000114, 13.551547642000173 ], [ 36.561728558000084, 13.555508988000042 ], [ 36.560273286000097, 13.563341128000047 ], [ 36.55469238600017, 13.571281353000018 ], [ 36.539937814000098, 13.57550762700015 ], [ 36.537836753000079, 13.581960353000056 ], [ 36.531549990000087, 13.581672539000067 ], [ 36.519556105000106, 13.585511773000121 ], [ 36.526074354, 13.606487345000119 ], [ 36.512816080000107, 13.631304600000135 ], [ 36.510159361000092, 13.649627585000133 ], [ 36.505812839000043, 13.652457094000056 ], [ 36.50439169800012, 13.665134416000058 ], [ 36.498441824000054, 13.665717597000082 ], [ 36.494205305999969, 13.669915103000108 ], [ 36.48241527600004, 13.688570612000092 ], [ 36.477664256000082, 13.693450618000099 ], [ 36.475796428000081, 13.700421448999975 ], [ 36.478590711000095, 13.704776265000078 ], [ 36.477777606000188, 13.720823522999979 ], [ 36.483836159000134, 13.727104541000131 ], [ 36.480674068000042, 13.734733629 ], [ 36.467632415000026, 13.743148612000027 ], [ 36.455449578000184, 13.75435880800012 ], [ 36.453524516000073, 13.762965645000065 ], [ 36.486940000000175, 13.83944 ], [ 36.44639, 13.95694 ], [ 36.539440000000127, 14.24611 ], [ 36.542820000000177, 14.262050000000102 ], [ 36.55273739800009, 14.278901204000135 ], [ 36.578056111000194, 14.286977615000012 ], [ 36.584223881000185, 14.283136653000042 ], [ 36.604151499000182, 14.290955693 ], [ 36.606907317000093, 14.293787971000086 ], [ 36.614275634000194, 14.292427712000062 ], [ 36.618611513000019, 14.294143781 ], [ 36.621338149000053, 14.306191468000065 ], [ 36.628806866000104, 14.307589914000118 ], [ 36.651243734000047, 14.304478085000142 ], [ 36.685778599000116, 14.295905838000067 ], [ 36.690929900000128, 14.296346255000174 ], [ 36.711830070000133, 14.306659119000074 ], [ 36.728406175000032, 14.309811245000162 ], [ 36.734313201000077, 14.315171143000043 ], [ 36.746483752000188, 14.317707394000024 ], [ 36.765351952000117, 14.315619172000083 ], [ 36.778221862, 14.31666133300007 ], [ 36.808194760000049, 14.31308435800014 ], [ 36.824891034000188, 14.313709344000188 ], [ 36.827010731000144, 14.308943249000095 ], [ 36.832208877000028, 14.306866767000031 ], [ 36.840662951000184, 14.308744923 ], [ 36.848570152999969, 14.316329269000164 ], [ 36.863263550000056, 14.317819457000155 ], [ 36.878160851000189, 14.310939713000096 ], [ 36.894594493000113, 14.310835603000157 ], [ 36.900273211000126, 14.304748327000084 ], [ 36.914811284000109, 14.299494663000075 ], [ 36.93258766800011, 14.295662753000101 ], [ 36.937651508000044, 14.291153405000045 ], [ 36.94372560100004, 14.289098053000146 ], [ 36.956201475000057, 14.290418574000057 ], [ 36.962585186000013, 14.289884170999983 ], [ 36.96923397400019, 14.287088146000031 ], [ 36.974434690000066, 14.280187292000164 ], [ 36.981434663000073, 14.2744910400001 ], [ 36.986416260000055, 14.263108672000158 ], [ 36.990331588000174, 14.259755383000083 ], [ 36.997099328000047, 14.2578665690001 ], [ 37.008097514000042, 14.249484421000034 ], [ 37.0175166840001, 14.250591909000036 ], [ 37.03275500400008, 14.258300144000032 ], [ 37.038024290000124, 14.264247622000084 ], [ 37.043557621000105, 14.266419265000081 ], [ 37.049772170000153, 14.266110784000034 ], [ 37.057030519000193, 14.262442364000094 ], [ 37.065142907000109, 14.261925494000138 ], [ 37.071535923000113, 14.266621539000084 ], [ 37.089297186000181, 14.267999369000052 ], [ 37.093755118000047, 14.271675081000069 ], [ 37.096043568000084, 14.282456509000042 ], [ 37.100725866000062, 14.285920963000024 ], [ 37.103384651000056, 14.29076810600003 ], [ 37.102768301000026, 14.306584276000024 ], [ 37.104660355000078, 14.32082052200002 ], [ 37.100448773000153, 14.326545695000107 ], [ 37.099554390000094, 14.33326798600001 ], [ 37.102527668000107, 14.343399381000097 ], [ 37.108398492, 14.356146833000025 ], [ 37.113468709000017, 14.361249503000181 ], [ 37.113848479000183, 14.367212601000119 ], [ 37.122103144999983, 14.37952716000018 ], [ 37.125942245000033, 14.393353483000112 ], [ 37.133841490000179, 14.405419887 ], [ 37.141480747000173, 14.406260937000127 ], [ 37.152138644000104, 14.41372931799998 ], [ 37.164167478000081, 14.417256166000129 ], [ 37.171123792000117, 14.413391119000153 ], [ 37.17969781000005, 14.414514492000137 ], [ 37.19349177099997, 14.420412871999986 ], [ 37.199926783000024, 14.424789799000052 ], [ 37.212001635000092, 14.436939019000022 ], [ 37.219015151000065, 14.438943632000075 ], [ 37.226911601999973, 14.440399415000172 ], [ 37.238331217000109, 14.432197718000054 ], [ 37.247851065000134, 14.429494461000104 ], [ 37.253251447000025, 14.430186314000082 ], [ 37.258068909000031, 14.434754719000125 ], [ 37.283008130000155, 14.438726292000013 ], [ 37.289900702000068, 14.442625035000106 ], [ 37.299271658000066, 14.444641592000096 ], [ 37.307909880000182, 14.442622822000033 ], [ 37.314256903000114, 14.428662026999973 ], [ 37.32750644000015, 14.422581629000149 ], [ 37.336695938, 14.411113682000121 ], [ 37.344031036000104, 14.409044708000181 ], [ 37.345318520000035, 14.41577678800013 ], [ 37.349539168000035, 14.413160842000025 ], [ 37.347015184000099, 14.411236305000045 ], [ 37.348588399000164, 14.410910076000164 ], [ 37.346829497000101, 14.404598025000041 ], [ 37.347820905000049, 14.401874241000087 ], [ 37.358132665000085, 14.39622480200012 ], [ 37.362588665000033, 14.388336907000166 ], [ 37.371489834000101, 14.381920039000022 ], [ 37.371830836000072, 14.372401465999985 ], [ 37.380287851, 14.372336333000021 ], [ 37.383463763000066, 14.363464115000113 ], [ 37.391487636000079, 14.365260928000168 ], [ 37.388836890000107, 14.358043690000045 ], [ 37.379931776000149, 14.353491944000041 ], [ 37.379702609000105, 14.342450927000186 ], [ 37.381775202000085, 14.339986254000053 ], [ 37.39414692600019, 14.341110900000047 ], [ 37.397655444, 14.336361107000073 ], [ 37.402662792000115, 14.335853682000106 ], [ 37.399124763000032, 14.319584024000051 ], [ 37.403372563000119, 14.312753405000024 ], [ 37.393097166000189, 14.302015176000168 ], [ 37.392933742000139, 14.299251641000069 ], [ 37.395470448000083, 14.29567139 ], [ 37.407169147, 14.286662738000189 ], [ 37.411721039000042, 14.287626403000047 ], [ 37.415130494000152, 14.286167910000074 ], [ 37.425843942000029, 14.273597153000139 ], [ 37.436152873000026, 14.26940550900008 ], [ 37.440359706000038, 14.263332998000067 ], [ 37.446352140999977, 14.26071018500005 ], [ 37.447501320000129, 14.253854910000086 ], [ 37.446093159000043, 14.250233584000114 ], [ 37.45358098700018, 14.250069822000114 ], [ 37.464963313000169, 14.253040306 ], [ 37.469138439000119, 14.251295503000165 ], [ 37.470589266000161, 14.247568328000057 ], [ 37.469895558000132, 14.233701500000052 ], [ 37.465527669000096, 14.221153392000133 ], [ 37.465409387000079, 14.215550736000182 ], [ 37.467001812000149, 14.213636779000183 ], [ 37.476888040000119, 14.211393872000144 ], [ 37.481962988000078, 14.201064015000156 ], [ 37.490160026000126, 14.199207492000085 ], [ 37.496172203000071, 14.194177798000112 ], [ 37.494652073000054, 14.184411677000071 ], [ 37.495588708000014, 14.182035757000108 ], [ 37.507051131000139, 14.179143735000082 ], [ 37.512483969000073, 14.182950235000078 ], [ 37.516843356000038, 14.183874395000032 ], [ 37.521473051000044, 14.179282850000163 ], [ 37.526516148000155, 14.183004165000114 ], [ 37.527662090000092, 14.177080352000189 ], [ 37.526206308000098, 14.171132641000042 ], [ 37.523535234000065, 14.167071164000163 ], [ 37.517063684000163, 14.164446034000036 ], [ 37.515639056000055, 14.16030405500004 ], [ 37.520129320000137, 14.147613621000062 ], [ 37.520367519000047, 14.135444911000036 ], [ 37.524660427000185, 14.129800306000107 ], [ 37.527302341999984, 14.116462130000116 ], [ 37.531792544000098, 14.112055800000064 ], [ 37.538359088, 14.113436967000041 ], [ 37.543971268, 14.112704898000118 ], [ 37.54699655700017, 14.110997795 ], [ 37.551834657000086, 14.103903935000176 ], [ 37.557245548000026, 14.104488940000124 ], [ 37.557474606000142, 14.092957192000085 ], [ 37.559598761000132, 14.091316816000074 ], [ 37.569441016000098, 14.096383270000047 ], [ 37.575600302000112, 14.095933886000182 ], [ 37.580805265000095, 14.080511622000074 ], [ 37.592251038000029, 14.068359519000126 ], [ 37.589443734000099, 14.055608712000037 ], [ 37.591078431000085, 14.051815997000176 ], [ 37.599912361000065, 14.054779204000113 ], [ 37.601231989000155, 14.050854636000111 ], [ 37.600598409000156, 14.043830615000104 ], [ 37.603055209000047, 14.040077576000158 ], [ 37.623700241000051, 14.03763884500006 ], [ 37.623323590999973, 14.03384456800012 ], [ 37.609512773000176, 14.008938292000096 ], [ 37.61145485000003, 14.005002497000135 ], [ 37.622159736000071, 13.998463486000105 ], [ 37.623161217000074, 13.99181822900016 ], [ 37.63236210000008, 13.976111776999971 ], [ 37.632396540000116, 13.965326445000073 ], [ 37.628947507000078, 13.955084215999989 ], [ 37.634240965, 13.95150601000006 ], [ 37.644609564, 13.954808150000076 ], [ 37.650389018000055, 13.95267299600016 ], [ 37.655277937000164, 13.945121312000083 ], [ 37.65884476400015, 13.923432945000172 ], [ 37.661861309000074, 13.91577807300007 ], [ 37.665850391000049, 13.911872103000178 ], [ 37.677555940000047, 13.907037342000081 ], [ 37.683195052000144, 13.896217648000118 ], [ 37.686644169000147, 13.892971670000179 ], [ 37.70115848100005, 13.887629807000053 ], [ 37.708369124000114, 13.890052345000129 ], [ 37.71547027600019, 13.897889095000153 ], [ 37.721579748000181, 13.899020661000179 ], [ 37.72901022700006, 13.896615245000078 ], [ 37.734943232999967, 13.891696595000099 ], [ 37.735418185000185, 13.881916516000103 ], [ 37.736880367000026, 13.880071981000128 ], [ 37.742554018000078, 13.876862600999971 ], [ 37.752399150000031, 13.875555882000128 ], [ 37.760769701000072, 13.863094710000098 ], [ 37.767476571000088, 13.858467211000118 ], [ 37.767864257000042, 13.856612523000138 ], [ 37.790474277000101, 13.863952998000059 ], [ 37.795345827000119, 13.869288214000051 ], [ 37.802185606000194, 13.872771820000025 ], [ 37.815831055000046, 13.864244268 ], [ 37.822541317000173, 13.865298215000053 ], [ 37.829014738000126, 13.874904206000053 ], [ 37.839490101000081, 13.878629084000067 ], [ 37.849747973999968, 13.876157536 ], [ 37.851746967999986, 13.868053106000048 ], [ 37.85420747, 13.865865545000133 ], [ 37.86254643400008, 13.865287439999975 ], [ 37.86773452500006, 13.87619628900012 ], [ 37.879899847000161, 13.879545342000029 ], [ 37.891218215000151, 13.885457496000129 ], [ 37.899076724000111, 13.884870357000182 ], [ 37.90337213100014, 13.879305965000185 ], [ 37.904222605000029, 13.867232643000079 ], [ 37.908094804000029, 13.853000781000105 ], [ 37.912401515000113, 13.845320697000034 ], [ 37.938307610000152, 13.828720270000076 ], [ 37.962794438000117, 13.828314234000061 ], [ 37.974841536000156, 13.818273045000126 ], [ 37.975829412000166, 13.816158221000137 ], [ 37.97456296200005, 13.810708086000091 ], [ 37.977000766000117, 13.805909650000103 ], [ 37.996398791999979, 13.796709174 ], [ 38.001083280000159, 13.766539454000053 ], [ 38.013057778000075, 13.75369303400015 ], [ 38.012416861000077, 13.742827726000144 ], [ 38.013946525000165, 13.740713732000188 ], [ 38.018802578000077, 13.739120401999969 ], [ 38.023654968000073, 13.740770423000185 ], [ 38.030067808000126, 13.749594897000065 ], [ 38.03727378200017, 13.753583112000115 ], [ 38.047184630000061, 13.75219539 ], [ 38.058521939000116, 13.754017779000094 ], [ 38.073254502000054, 13.750114723000081 ], [ 38.078827990999969, 13.746033191000038 ], [ 38.096306987000048, 13.741672194000103 ], [ 38.1083463760001, 13.745248850999985 ], [ 38.133920758000158, 13.743101132000049 ], [ 38.141050344000121, 13.745055242000035 ], [ 38.142625883000051, 13.748066949000133 ], [ 38.150194366000164, 13.747002539000164 ], [ 38.153501864000077, 13.745775255000012 ], [ 38.158949220000125, 13.740040222000061 ], [ 38.176710714000137, 13.736593207000055 ], [ 38.180971688000113, 13.730212876000166 ], [ 38.183489532000067, 13.729647088000092 ], [ 38.195341956, 13.733835999000178 ], [ 38.206454534000045, 13.728600824000182 ], [ 38.224250219000112, 13.727345228000047 ], [ 38.228766887000063, 13.730372443000135 ], [ 38.235438860000102, 13.738411849999977 ], [ 38.24484239100002, 13.741588373000184 ], [ 38.257163960000184, 13.754507662000037 ], [ 38.263156905000187, 13.756984938000187 ], [ 38.269920533000061, 13.763681097000074 ], [ 38.284698883000146, 13.769291778000081 ], [ 38.290356208000105, 13.769604255000104 ], [ 38.312836410999978, 13.794239627000024 ], [ 38.31598364000007, 13.803645986000049 ], [ 38.315407533000098, 13.805792884000027 ], [ 38.328431351000177, 13.80348706 ], [ 38.337785071000155, 13.80462117400009 ], [ 38.338967474000185, 13.806601079000188 ], [ 38.348805793000167, 13.804980650000118 ], [ 38.361547126000062, 13.80639859200005 ], [ 38.367028837000191, 13.805330040000115 ], [ 38.370275305000064, 13.801254945000153 ], [ 38.373037269000122, 13.791706098000134 ], [ 38.375806650000015, 13.788417453000079 ], [ 38.38091076000012, 13.786086297000111 ], [ 38.393190581000169, 13.78400791700011 ], [ 38.39620794700005, 13.78093437800004 ], [ 38.407316538000032, 13.759249917000091 ], [ 38.414831729000184, 13.751766609000185 ], [ 38.43706798400018, 13.739524930000073 ], [ 38.446001888000012, 13.736977273000036 ], [ 38.461787540000159, 13.721611687 ], [ 38.47436476200005, 13.719319527999971 ], [ 38.478209930000048, 13.715363947000185 ], [ 38.48095658800014, 13.704894713000101 ], [ 38.484588338000037, 13.700974737000138 ], [ 38.493560592000051, 13.696353639000051 ], [ 38.505176635999987, 13.696886875000132 ], [ 38.510784325000088, 13.689577453000027 ], [ 38.519867047000048, 13.68432151900015 ], [ 38.529133274000117, 13.685402867999983 ], [ 38.530445575999977, 13.687272523000047 ], [ 38.566208797000115, 13.662824879000027 ], [ 38.575068270000088, 13.651962968000021 ], [ 38.598886932000028, 13.649251717000141 ], [ 38.604760234000139, 13.640423626000029 ], [ 38.61490379900016, 13.631649536000054 ], [ 38.619357322000155, 13.624204560000123 ], [ 38.621916932000033, 13.613791905000028 ], [ 38.635167271000057, 13.602870737000046 ], [ 38.639763257000027, 13.577948260000028 ], [ 38.660765268000034, 13.558190167000078 ], [ 38.669084421000093, 13.536098585000104 ], [ 38.630643250000105, 13.501815494000084 ], [ 38.614045233000184, 13.490686865000043 ], [ 38.605389145000061, 13.490691305000098 ], [ 38.590112415000078, 13.506124023000154 ], [ 38.579566186000136, 13.503465013000039 ], [ 38.57298157800011, 13.497707151000043 ], [ 38.567472336000094, 13.486452523000025 ], [ 38.562075459000027, 13.483329711000067 ], [ 38.534243527000115, 13.48181055200007 ], [ 38.511742602000083, 13.472911396000029 ], [ 38.484156416000189, 13.469736992000151 ], [ 38.460991233000072, 13.459561585000131 ], [ 38.469020338000178, 13.475429200000178 ], [ 38.465485831000194, 13.479719038000042 ], [ 38.467402843000173, 13.484901999000158 ], [ 38.498256686000161, 13.484455432000061 ], [ 38.490658546000134, 13.495777931000134 ], [ 38.496804606000069, 13.506789362000063 ], [ 38.502925318000052, 13.511546008000153 ], [ 38.508620049000058, 13.511198345000082 ], [ 38.522172323000177, 13.517431790000046 ], [ 38.532618394000167, 13.518685586000061 ], [ 38.542458952000118, 13.525802187000124 ], [ 38.55069055600012, 13.537896634000106 ], [ 38.553946141000154, 13.550308131 ], [ 38.549251119000132, 13.552569644000187 ], [ 38.532414514000038, 13.553293699000164 ], [ 38.501449832000048, 13.557859295000071 ], [ 38.48985275800004, 13.558012334000011 ], [ 38.477619910999977, 13.55234488300016 ], [ 38.473474317000182, 13.557253723000088 ], [ 38.472850670000184, 13.564112381000029 ], [ 38.46521463300013, 13.567644900000175 ], [ 38.458517897000092, 13.559819768000182 ], [ 38.453622524000139, 13.556946122000113 ], [ 38.442793750000135, 13.560540201000038 ], [ 38.443271497000183, 13.568940471000133 ], [ 38.451038580000045, 13.584599391000097 ], [ 38.440805702000148, 13.584405289000017 ], [ 38.432702801, 13.57969448900019 ], [ 38.426434597000082, 13.57133612500013 ], [ 38.423803013000111, 13.561301548000074 ], [ 38.406508159000168, 13.539411139000094 ], [ 38.399384114000043, 13.539678663000188 ], [ 38.399294884000142, 13.545485654000061 ], [ 38.391234110000028, 13.553355668000052 ], [ 38.385572066000123, 13.551585190000083 ], [ 38.37983954800012, 13.544477135000022 ], [ 38.365496439000083, 13.552163755000095 ], [ 38.359950907000041, 13.553004272000067 ], [ 38.349436803000174, 13.542411489000187 ], [ 38.341196735000153, 13.537642856000048 ], [ 38.327883107000105, 13.550325213 ], [ 38.325055399000064, 13.543310150000025 ], [ 38.326030940000066, 13.534402549000106 ], [ 38.320041382000056, 13.523849990000144 ], [ 38.323038520000068, 13.50956562600004 ], [ 38.319856452000067, 13.50215196500011 ], [ 38.278917156000034, 13.485519139000075 ], [ 38.267674091000174, 13.487801172000161 ], [ 38.259142031000124, 13.486203203000173 ], [ 38.249784004000105, 13.496166217000109 ], [ 38.247957957999972, 13.501662639000131 ], [ 38.243127962000017, 13.496734238000101 ], [ 38.227326908000066, 13.489215085000126 ], [ 38.220184790000076, 13.489254323000011 ], [ 38.211319070000172, 13.486845459 ], [ 38.20089763600015, 13.480138398000122 ], [ 38.188451569000051, 13.484361933000059 ], [ 38.173720225000068, 13.493443946000184 ], [ 38.158514353000157, 13.482848751000063 ], [ 38.155198320000125, 13.4765357980001 ], [ 38.145192748000056, 13.471678588000032 ], [ 38.135288707000086, 13.478687611000055 ], [ 38.129907026000069, 13.484739118999983 ], [ 38.128352708000079, 13.492307613000037 ], [ 38.120990784000071, 13.506304382000053 ], [ 38.115321849000054, 13.494262634000052 ], [ 38.082886354000152, 13.483674250000092 ], [ 38.070692090000136, 13.476392125000189 ], [ 38.059441013000139, 13.467191866000064 ], [ 38.051996132000113, 13.467933140000071 ], [ 38.045603382000138, 13.480111391999969 ], [ 38.036925184000097, 13.482805715999973 ], [ 38.029848537000191, 13.482756938000023 ], [ 38.024420155000087, 13.485650256000156 ], [ 38.020729472000141, 13.481256969000185 ], [ 38.014918738000063, 13.486515549999979 ], [ 38.008103955000081, 13.500828980000165 ], [ 38.001179411000066, 13.501097501000118 ], [ 37.968388894000043, 13.493693843000187 ], [ 37.962505351000061, 13.489611485000069 ], [ 37.946487353000066, 13.466415070000096 ], [ 37.904101474000186, 13.447048973000051 ], [ 37.887193277000165, 13.453370081000116 ], [ 37.875147533000018, 13.46770556000007 ], [ 37.86640019400005, 13.475127248999968 ], [ 37.816905536000093, 13.463175524000064 ], [ 37.81192371200018, 13.479672343000175 ], [ 37.809005963000061, 13.519093881000174 ], [ 37.792659305000029, 13.520614519000048 ], [ 37.784940235000136, 13.539228927000124 ], [ 37.769024663000096, 13.562598912999988 ], [ 37.773867055000039, 13.574346500000104 ], [ 37.784149450000029, 13.587719252000056 ], [ 37.784645449000095, 13.597313897000163 ], [ 37.774765315000082, 13.611653900000135 ], [ 37.776066951000132, 13.633502867000061 ], [ 37.769398479000131, 13.627938575000087 ], [ 37.764368764999972, 13.618372348000037 ], [ 37.765088597000045, 13.602179128000103 ], [ 37.760743880000177, 13.596544151000046 ], [ 37.759926005000125, 13.590998005000188 ], [ 37.753918379000027, 13.591163604000087 ], [ 37.745817800000111, 13.57809753500004 ] ] ], [ [ [ 39.566311634000158, 12.564025184000172 ], [ 39.588990146000185, 12.557397626000181 ], [ 39.593277706000038, 12.559900136000124 ], [ 39.599795363999988, 12.556112784999982 ], [ 39.604281414000127, 12.555935242000146 ], [ 39.609603758000105, 12.558022473000108 ], [ 39.615837741000178, 12.549994879000053 ], [ 39.63863109600004, 12.556588330000181 ], [ 39.649115336000136, 12.552375384000129 ], [ 39.650026858000047, 12.554417827000123 ], [ 39.658846616000062, 12.552965342000107 ], [ 39.665658882000059, 12.554630988000042 ], [ 39.666855710000164, 12.563929869000049 ], [ 39.659461024999985, 12.615232316000117 ], [ 39.654679606000059, 12.636188110000091 ], [ 39.661545781000029, 12.638772631000165 ], [ 39.672077532, 12.652194109999982 ], [ 39.697468344000129, 12.658205647000102 ], [ 39.702574881000146, 12.664291351000031 ], [ 39.708202193000034, 12.666535226000178 ], [ 39.716083428000104, 12.666746589000127 ], [ 39.732799002000093, 12.661075676000166 ], [ 39.74343710800008, 12.664422913000067 ], [ 39.744884712000157, 12.667420623000112 ], [ 39.735644425000032, 12.682803618000094 ], [ 39.73223664000011, 12.692871801000081 ], [ 39.728287389000059, 12.699103760000128 ], [ 39.738542753000047, 12.709622720000084 ], [ 39.762783822000188, 12.719609177000109 ], [ 39.805148897000095, 12.717709466000031 ], [ 39.825109973000053, 12.713507826000182 ], [ 39.834953434000113, 12.706728690999967 ], [ 39.826104312000155, 12.693741426000031 ], [ 39.820077805000039, 12.658827258000088 ], [ 39.82334012300015, 12.645668827000179 ], [ 39.832573503000106, 12.634377556000061 ], [ 39.824337837000087, 12.622538315000043 ], [ 39.818702501000132, 12.618753520000155 ], [ 39.808868787000051, 12.603399541000101 ], [ 39.806736717000035, 12.596283054000082 ], [ 39.815478277000125, 12.581401185000175 ], [ 39.826825598000141, 12.571970484000133 ], [ 39.825906567000061, 12.560954357000014 ], [ 39.832764098000155, 12.549890952999988 ], [ 39.840548932000161, 12.546731774000023 ], [ 39.852370483000129, 12.547421673000144 ], [ 39.863195812000072, 12.531448593000164 ], [ 39.863645209000083, 12.523721617000092 ], [ 39.861687059000076, 12.517505468000138 ], [ 39.863451756000131, 12.506289292000076 ], [ 39.868181891000063, 12.494316991000062 ], [ 39.881065664000175, 12.484460752000189 ], [ 39.866285922000145, 12.47262432600013 ], [ 39.871260166000127, 12.468812833000129 ], [ 39.882049998000127, 12.466955603000144 ], [ 39.882572530000175, 12.457662647000063 ], [ 39.863112708000131, 12.463346011999988 ], [ 39.847473153000124, 12.449206307000054 ], [ 39.833367779000071, 12.433481857 ], [ 39.821614137000154, 12.414835534000076 ], [ 39.814929224000082, 12.407061931000044 ], [ 39.820953098000075, 12.395184518000065 ], [ 39.819931964000148, 12.389995824000096 ], [ 39.823043050000138, 12.383922015000167 ], [ 39.825270095000121, 12.372304332000169 ], [ 39.829313508000098, 12.365651486000047 ], [ 39.830876304000071, 12.357500495000181 ], [ 39.817622562, 12.341872429000148 ], [ 39.817611330000148, 12.324029795000172 ], [ 39.800328207, 12.316388865000135 ], [ 39.777141025000162, 12.310884940000108 ], [ 39.761546943000042, 12.303252023000141 ], [ 39.75855376100003, 12.319953055000155 ], [ 39.739107259000036, 12.312837382 ], [ 39.721501852000074, 12.308228335000138 ], [ 39.706265144000042, 12.306206621000172 ], [ 39.679314630000192, 12.307815882 ], [ 39.658701245000032, 12.306381335000083 ], [ 39.632274431000155, 12.307654083000045 ], [ 39.620934418000047, 12.300221699000076 ], [ 39.625122954000062, 12.287998835 ], [ 39.614212959000042, 12.275731232999988 ], [ 39.605000344000075, 12.270562435999977 ], [ 39.591869765000183, 12.270975589000159 ], [ 39.572543903000053, 12.255925598000033 ], [ 39.555184250000138, 12.255511219000141 ], [ 39.543273525000075, 12.265007941000022 ], [ 39.53853635500019, 12.291911820000053 ], [ 39.522661952000078, 12.326414029000091 ], [ 39.507440992000113, 12.332852040000091 ], [ 39.47051795200008, 12.32139860500007 ], [ 39.455564056000185, 12.325027175000059 ], [ 39.440743658000144, 12.315499537999983 ], [ 39.419514241000172, 12.296596725000143 ], [ 39.402885922000053, 12.295279038000103 ], [ 39.388595784000188, 12.300496204000126 ], [ 39.372576739000181, 12.3012953490001 ], [ 39.350151601000164, 12.298413428000117 ], [ 39.342345232000014, 12.300702117000185 ], [ 39.33381518300007, 12.300604146000182 ], [ 39.321702794000032, 12.304866179000101 ], [ 39.305208342000071, 12.297280244000149 ], [ 39.290874255, 12.296071961000052 ], [ 39.284784732000048, 12.299688143000139 ], [ 39.280199224000057, 12.30500115000018 ], [ 39.263455215000135, 12.330429333000097 ], [ 39.262855115000036, 12.334706440000048 ], [ 39.251188691000038, 12.344123187000037 ], [ 39.245529419000036, 12.352944384000068 ], [ 39.246491552000123, 12.359924011000146 ], [ 39.239920299000062, 12.394543647000035 ], [ 39.241842341000108, 12.403594628000121 ], [ 39.241432914000086, 12.425628094999979 ], [ 39.236161215000095, 12.448997578000103 ], [ 39.236354548000179, 12.473085540000113 ], [ 39.23091322900018, 12.486169538000183 ], [ 39.231594924000035, 12.493144192000102 ], [ 39.229773857000055, 12.501081519000024 ], [ 39.222259617000077, 12.516662520000011 ], [ 39.22271463900006, 12.522300177000091 ], [ 39.218125639000164, 12.530051263000189 ], [ 39.217556656000056, 12.535959006000041 ], [ 39.214285997000047, 12.543377172000078 ], [ 39.208717652000018, 12.549562514000115 ], [ 39.209217693000085, 12.560590495000099 ], [ 39.204276216999972, 12.575996239000062 ], [ 39.183045385000185, 12.612292836000108 ], [ 39.183404451, 12.630297141000028 ], [ 39.174401276000026, 12.643480484000065 ], [ 39.181422324000096, 12.652672420000158 ], [ 39.187290867000058, 12.65632306700013 ], [ 39.198870948000149, 12.660395359000063 ], [ 39.211989561000109, 12.661637829000028 ], [ 39.230763689000071, 12.666535424000188 ], [ 39.238857724000184, 12.663099151000154 ], [ 39.265666399000111, 12.677082273 ], [ 39.280482154000026, 12.688008236000144 ], [ 39.285521429000141, 12.704370101000052 ], [ 39.296402941000053, 12.701098417000082 ], [ 39.298626930000125, 12.701281302000041 ], [ 39.301117601000044, 12.704035413999975 ], [ 39.302292687000147, 12.702214213000047 ], [ 39.315354297000113, 12.698345652000114 ], [ 39.321900665000157, 12.704327515000102 ], [ 39.328061524000191, 12.698105314000145 ], [ 39.332207933000177, 12.699427187000026 ], [ 39.336083755, 12.697189871000148 ], [ 39.337773775000073, 12.698432239000113 ], [ 39.358319889000086, 12.694290845000126 ], [ 39.383860125000126, 12.693656074000046 ], [ 39.389494631000048, 12.690731586000027 ], [ 39.39798990200012, 12.691166609000049 ], [ 39.40080894700003, 12.688703878000126 ], [ 39.405306664000136, 12.67946329900019 ], [ 39.400144884000099, 12.675199555 ], [ 39.396055605000072, 12.663859290000062 ], [ 39.399286803000052, 12.658642446999977 ], [ 39.400450638000166, 12.650187986000105 ], [ 39.407759612000063, 12.638337676000162 ], [ 39.414381966000178, 12.638649615000134 ], [ 39.418967296000119, 12.637015886000029 ], [ 39.459060041000157, 12.637970580000172 ], [ 39.466102304000117, 12.642920540000091 ], [ 39.478317301000118, 12.643947852000167 ], [ 39.485183885000026, 12.651594577000026 ], [ 39.493312792000154, 12.655801435000114 ], [ 39.49332074400013, 12.664431493999984 ], [ 39.497494045000167, 12.666149739000161 ], [ 39.504555069000162, 12.66583012600006 ], [ 39.513267755000186, 12.663114242000063 ], [ 39.524353720000079, 12.665132871000026 ], [ 39.535225793000166, 12.671043164000082 ], [ 39.548230274000105, 12.670731839000041 ], [ 39.558286125, 12.664378876000058 ], [ 39.559281333000115, 12.662295868000058 ], [ 39.560109666000187, 12.659972450000168 ], [ 39.558442455000147, 12.658456803000092 ], [ 39.556473189000144, 12.659135837000122 ], [ 39.554973253000185, 12.655731359000185 ], [ 39.558082448000107, 12.652731298000049 ], [ 39.562051466000071, 12.651547155 ], [ 39.557165762000125, 12.642972064000105 ], [ 39.556839064000087, 12.638564836000114 ], [ 39.559796848000076, 12.635004323000146 ], [ 39.563954697999975, 12.633618008999974 ], [ 39.564301501000159, 12.631583829000078 ], [ 39.561946382000087, 12.628034498000147 ], [ 39.566300758000125, 12.618692832000079 ], [ 39.570175630000108, 12.614567583999985 ], [ 39.565004699000099, 12.612070252000137 ], [ 39.557503459000088, 12.613493410000103 ], [ 39.554619944000194, 12.608439710000141 ], [ 39.563297168000133, 12.594652870000175 ], [ 39.563929526000038, 12.587000096000054 ], [ 39.573911676000137, 12.580210078000107 ], [ 39.572779741000033, 12.577615832000049 ], [ 39.573581540000191, 12.570600782000156 ], [ 39.566311634000158, 12.564025184000172 ] ] ], [ [ [ 38.633280931000172, 13.472711308000044 ], [ 38.648180239000112, 13.481377610000152 ], [ 38.661305018000121, 13.484726681000041 ], [ 38.676430296000149, 13.483440269000027 ], [ 38.67560861700008, 13.485616229000073 ], [ 38.680130078, 13.486166756000102 ], [ 38.691121547000023, 13.476575381000089 ], [ 38.698945953000134, 13.461508019000064 ], [ 38.703529759000162, 13.45619095 ], [ 38.706136707000041, 13.446307392999984 ], [ 38.71313373400011, 13.440309115 ], [ 38.713307757000052, 13.433065295000176 ], [ 38.722097227000063, 13.419986384000083 ], [ 38.721005527000159, 13.413709804000177 ], [ 38.723479726000107, 13.41032165300004 ], [ 38.730584078000163, 13.409000114000037 ], [ 38.728699782000035, 13.404606909999984 ], [ 38.729748970000173, 13.403431642000101 ], [ 38.7286340120001, 13.402436509000097 ], [ 38.721865207000064, 13.408050577999973 ], [ 38.718729665000126, 13.402849815000025 ], [ 38.70568553600009, 13.389298880000126 ], [ 38.695991475000085, 13.3889796630001 ], [ 38.669133566000028, 13.391859999000189 ], [ 38.648639953000156, 13.396521310000139 ], [ 38.62636460300007, 13.407984616000022 ], [ 38.622371244000135, 13.411227093000036 ], [ 38.61785245100009, 13.4283304 ], [ 38.615788282000096, 13.451400938000177 ], [ 38.633280931000172, 13.472711308000044 ] ] ] ] } }
]
}
