{
"type": "FeatureCollection",
"name": "ke_admin0",
"crs": { "type": "name", "properties": { "name": "urn:ogc:def:crs:OGC:1.3:CRS84" } },
"features": [
{ "type": "Feature", "properties": { "name": "Kenya" }, "geometry": { "type": "MultiPolygon", "coordinates": [ [ [ [ 39.635654262000116, -4.034026946999973 ], [ 39.639515939000148, -4.037929191999979 ], [ 39.638763452000148, -4.039963549999925 ], [ 39.629876849000027, -4.040660700999979 ], [ 39.625355238000111, -4.043961223999929 ], [ 39.620269152000105, -4.04352406899983 ], [ 39.619223024000064, -4.0416227689999 ], [ 39.614835010000036, -4.040140564999831 ], [ 39.585569987000099, -4.043571619999966 ], [ 39.583486151000159, -4.04148928799998 ], [ 39.586226324000165, -4.031369714999926 ], [ 39.584457807000092, -4.026733360999913 ], [ 39.573731947999988, -4.02361019499989 ], [ 39.567817517000151, -4.019727982999939 ], [ 39.56421967100016, -4.012686415999951 ], [ 39.56323625400006, -4.014205830999913 ], [ 39.56307600800011, -4.020754390999969 ], [ 39.576160383000115, -4.028965942999832 ], [ 39.580811696000126, -4.035753248999924 ], [ 39.578955176000193, -4.042549617999953 ], [ 39.578563696000117, -4.083729145999939 ], [ 39.579689039000073, -4.090485645999934 ], [ 39.582861914000148, -4.094733161999898 ], [ 39.584647180000047, -4.10131819299994 ], [ 39.581337524000105, -4.112485994999929 ], [ 39.582092259000149, -4.114745405999827 ], [ 39.583250462000137, -4.111439640999947 ], [ 39.58873749900016, -4.109631249999893 ], [ 39.587988309000025, -4.106255134999969 ], [ 39.591244771000163, -4.106440052999972 ], [ 39.59264298800008, -4.104723215999968 ], [ 39.588090286000181, -4.097205704999965 ], [ 39.587992728000074, -4.09210176199997 ], [ 39.584305991000122, -4.089476263999927 ], [ 39.585820280000121, -4.081101513999954 ], [ 39.587877086000105, -4.079206510999882 ], [ 39.586349710000036, -4.075889303999872 ], [ 39.590517336000062, -4.074010719999876 ], [ 39.594771812000033, -4.067200702999969 ], [ 39.592177803000084, -4.064994941999885 ], [ 39.592187717000172, -4.063141341999824 ], [ 39.601715608000063, -4.061323962999893 ], [ 39.605537138000102, -4.062717347999978 ], [ 39.608171168000069, -4.061217458999977 ], [ 39.611320385000113, -4.062032026999873 ], [ 39.613265753000178, -4.064512535999938 ], [ 39.61708123000011, -4.062773398999923 ], [ 39.62090791300011, -4.06371107699988 ], [ 39.618220652000048, -4.060026821999941 ], [ 39.612718318000077, -4.060918439999909 ], [ 39.620201723000093, -4.057599091999975 ], [ 39.62934599100015, -4.061246804999939 ], [ 39.637080033000075, -4.056455363999873 ], [ 39.636036696000133, -4.051625284999886 ], [ 39.637081347000162, -4.048539735999952 ], [ 39.641735165000114, -4.061871923999945 ], [ 39.641632734000041, -4.066512551999949 ], [ 39.648787615000117, -4.074442819999945 ], [ 39.646340895000151, -4.076763269999901 ], [ 39.646173896000107, -4.079664784999977 ], [ 39.650743124000144, -4.072767361999922 ], [ 39.652788440999984, -4.072201843999949 ], [ 39.660911920000046, -4.079440163999948 ], [ 39.673508447000188, -4.08104901899992 ], [ 39.674177415000145, -4.091123316999926 ], [ 39.65483303200017, -4.126515260999952 ], [ 39.649898453000162, -4.14073587099989 ], [ 39.629546051000034, -4.178003917999888 ], [ 39.621650958000032, -4.18776382599998 ], [ 39.613098535000177, -4.202818089999937 ], [ 39.607089690000123, -4.226574819999939 ], [ 39.603081412000108, -4.234991489999913 ], [ 39.600118670000143, -4.250420205999831 ], [ 39.59711981200013, -4.25487191499991 ], [ 39.598377299, -4.25973408699997 ], [ 39.597659497000109, -4.267802183999947 ], [ 39.571445359999984, -4.327494616999957 ], [ 39.564726731000178, -4.345066414999906 ], [ 39.560800353000047, -4.360728859999881 ], [ 39.549193491000153, -4.387703866999971 ], [ 39.543041926000171, -4.415303362999907 ], [ 39.542923489000088, -4.423737538999887 ], [ 39.538897814000165, -4.434483037999939 ], [ 39.535969780000187, -4.43630266699995 ], [ 39.53303145600006, -4.435789437999915 ], [ 39.536115134000113, -4.419976254999938 ], [ 39.535038431000089, -4.41462145099996 ], [ 39.532615849000024, -4.413063819999877 ], [ 39.533961728000122, -4.409874982999895 ], [ 39.532109798000192, -4.406001841999966 ], [ 39.530229156000189, -4.404572218999931 ], [ 39.527534407000076, -4.406221369999855 ], [ 39.525989816000049, -4.404428658999961 ], [ 39.522466125000108, -4.407579810999891 ], [ 39.519946639000182, -4.407543920999956 ], [ 39.519773854, -4.400275659999977 ], [ 39.517098161000035, -4.402107764999926 ], [ 39.515169666000077, -4.400911427999972 ], [ 39.514130288000047, -4.402682963999894 ], [ 39.510982486000046, -4.400226165999925 ], [ 39.511201245000109, -4.398144812999931 ], [ 39.508370643000035, -4.398160809999922 ], [ 39.506832762000045, -4.399934228999939 ], [ 39.509277344000168, -4.402393212999925 ], [ 39.508483887000182, -4.405200829999956 ], [ 39.509887695000145, -4.406787743999928 ], [ 39.510070800999983, -4.412341942999944 ], [ 39.505920410000044, -4.418201317999944 ], [ 39.510628094000026, -4.428711269999951 ], [ 39.507080078000115, -4.437915673999896 ], [ 39.508605957000157, -4.437793602999932 ], [ 39.509094238000102, -4.440112938999903 ], [ 39.508178711000141, -4.4396246579999 ], [ 39.507598877000135, -4.442737450999971 ], [ 39.506713867000087, -4.441211571999929 ], [ 39.503997803000061, -4.450092186999939 ], [ 39.501281738000102, -4.451099266999961 ], [ 39.503204346000018, -4.456256737999979 ], [ 39.500122070000089, -4.451587548999953 ], [ 39.501525879000155, -4.448779931999979 ], [ 39.500122070000089, -4.441089501999954 ], [ 39.496887207000043, -4.441699852999932 ], [ 39.495300293000184, -4.437000145999832 ], [ 39.492980957000157, -4.439014306999923 ], [ 39.489685059000124, -4.438892235999958 ], [ 39.484680176000154, -4.443286766999961 ], [ 39.487209972000073, -4.443717084999946 ], [ 39.49397876400019, -4.439975729999901 ], [ 39.499672197000109, -4.443549806999954 ], [ 39.496290788000181, -4.452923359999886 ], [ 39.497924737000119, -4.461965342999974 ], [ 39.494797233000156, -4.468372693999925 ], [ 39.490645149000159, -4.469908068999928 ], [ 39.477651219000052, -4.484712187999946 ], [ 39.471573693000096, -4.498101014999918 ], [ 39.462890625, -4.530090331999929 ], [ 39.459472656000116, -4.531188964999899 ], [ 39.457092285000044, -4.523620604999962 ], [ 39.459716797000169, -4.523071288999972 ], [ 39.457702637000125, -4.520080565999876 ], [ 39.45031738300014, -4.518127440999933 ], [ 39.450683594000111, -4.512695312999881 ], [ 39.449096680000082, -4.509277343999941 ], [ 39.445312500000171, -4.50646972699991 ], [ 39.445312500000171, -4.51037597699991 ], [ 39.442321777000075, -4.511474608999947 ], [ 39.439880371000072, -4.518798827999944 ], [ 39.43188476600011, -4.512390136999954 ], [ 39.429870605000133, -4.515686034999874 ], [ 39.427490234000118, -4.515502929999911 ], [ 39.427490234000118, -4.512390136999954 ], [ 39.424682617000087, -4.513000487999932 ], [ 39.423889160000044, -4.514709472999925 ], [ 39.428527832000157, -4.524169921999942 ], [ 39.426696777000075, -4.526672362999932 ], [ 39.42687988300014, -4.536376952999888 ], [ 39.424682617000087, -4.536926269999981 ], [ 39.417724609000061, -4.531372069999975 ], [ 39.413696289000029, -4.534423827999944 ], [ 39.413330078000172, -4.541320800999927 ], [ 39.41491699200003, -4.543090819999918 ], [ 39.408081055000082, -4.550292968999884 ], [ 39.406311035000044, -4.547607421999885 ], [ 39.401123047000112, -4.548278808999953 ], [ 39.397277831999986, -4.551574706999872 ], [ 39.394470215000126, -4.550292968999884 ], [ 39.391906738000046, -4.551269530999946 ], [ 39.387512207000157, -4.547790526999961 ], [ 39.39147949200003, -4.544921874999943 ], [ 39.384521484000061, -4.544311522999976 ], [ 39.380493163999972, -4.54077148399989 ], [ 39.380493163999972, -4.537902831999929 ], [ 39.375915527000075, -4.537780761999954 ], [ 39.375671387000125, -4.542602538999972 ], [ 39.379699707000157, -4.544372558999953 ], [ 39.380493163999972, -4.547607421999885 ], [ 39.377502441000104, -4.546691894999981 ], [ 39.374877930000082, -4.552978515999939 ], [ 39.384521484000061, -4.557495116999917 ], [ 39.388671875000171, -4.569824218999941 ], [ 39.38952636700003, -4.579711913999972 ], [ 39.387512207000157, -4.580993651999961 ], [ 39.387329102000194, -4.584899901999961 ], [ 39.38952636700003, -4.588012694999861 ], [ 39.394287109000118, -4.57922363299997 ], [ 39.398925781, -4.584228515999939 ], [ 39.403930664000143, -4.586914061999892 ], [ 39.400329590000069, -4.58758544899996 ], [ 39.404479980000133, -4.591003417999957 ], [ 39.402709961000141, -4.594970702999944 ], [ 39.392089844000111, -4.596923827999888 ], [ 39.39147949200003, -4.599975585999971 ], [ 39.392700195000089, -4.606079101999967 ], [ 39.396301270000038, -4.611999511999898 ], [ 39.398315430000082, -4.623229979999905 ], [ 39.406677246000015, -4.640869140999939 ], [ 39.40148925800014, -4.644409179999968 ], [ 39.385314941000047, -4.646484374999829 ], [ 39.370117188000165, -4.642883300999927 ], [ 39.354125977000194, -4.636779784999874 ], [ 39.346923828000172, -4.635803222999868 ], [ 39.327270508000083, -4.639587401999904 ], [ 39.323120117000144, -4.637695312999938 ], [ 39.320129395000151, -4.633789061999948 ], [ 39.312683105000076, -4.633789061999948 ], [ 39.308288574000187, -4.629516601999853 ], [ 39.309875488000046, -4.619323729999905 ], [ 39.312316895000151, -4.615905761999898 ], [ 39.316528319999975, -4.614074706999929 ], [ 39.318481445000032, -4.61688232399996 ], [ 39.322326660000158, -4.609191894999924 ], [ 39.319274902000075, -4.606506347999868 ], [ 39.318115234, -4.602905272999976 ], [ 39.310729980000019, -4.604919433999953 ], [ 39.317077637000068, -4.593688964999956 ], [ 39.314270020000038, -4.587890624999886 ], [ 39.314880371000186, -4.581420897999976 ], [ 39.320678711000141, -4.567871093999827 ], [ 39.316528319999975, -4.567321776999847 ], [ 39.308105469000054, -4.569274901999961 ], [ 39.296081543000128, -4.567382811999835 ], [ 39.283325195000145, -4.576599120999958 ], [ 39.279479980000076, -4.582885741999917 ], [ 39.276489258000083, -4.581298827999888 ], [ 39.273071289000143, -4.583190917999957 ], [ 39.272521973000153, -4.579406737999932 ], [ 39.268493652000188, -4.578002929999968 ], [ 39.261474609000061, -4.580627440999933 ], [ 39.258483887000011, -4.577392577999888 ], [ 39.252319336000028, -4.574584960999971 ], [ 39.248718262000182, -4.569396972999868 ], [ 39.243286133000026, -4.565795897999976 ], [ 39.2390747070001, -4.568481444999975 ], [ 39.245483398000033, -4.581970214999956 ], [ 39.249511719000168, -4.583190917999957 ], [ 39.251892090000069, -4.585876464999956 ], [ 39.252075195000032, -4.592102050999927 ], [ 39.257080078000115, -4.592773437999938 ], [ 39.26788330100004, -4.599975585999971 ], [ 39.263305664000086, -4.603210448999846 ], [ 39.257873535000158, -4.597778319999975 ], [ 39.255493164000086, -4.599426269999981 ], [ 39.255493164000086, -4.602294921999942 ], [ 39.252929688000108, -4.603271483999833 ], [ 39.252075195000032, -4.610107421999942 ], [ 39.24749755900018, -4.598693847999868 ], [ 39.242675781000173, -4.599487304999968 ], [ 39.240722656000116, -4.601928710999914 ], [ 39.23651123000019, -4.602172851999967 ], [ 39.237121582000043, -4.606201171999942 ], [ 39.225280762000182, -4.611206054999968 ], [ 39.225097656000116, -4.617919921999942 ], [ 39.221923828000058, -4.619873046999885 ], [ 39.223510742000087, -4.625305175999927 ], [ 39.219116211000028, -4.632690429999911 ], [ 39.215881348000153, -4.634216308999953 ], [ 39.214111328000115, -4.642578124999943 ], [ 39.209716797, -4.646423339999842 ], [ 39.212097168000071, -4.652587890999882 ], [ 39.210876465000069, -4.661499022999919 ], [ 39.218505859000174, -4.673583983999947 ], [ 39.220275879000042, -4.671813964999956 ], [ 39.219909668000071, -4.676391601999967 ], [ 39.211914063000108, -4.674926757999913 ], [ 39.2058715820001, -4.675903319999975 ], [ 39.201293945000145, -4.666015624999886 ], [ 39.192687988000159, -4.666320800999927 ], [ 39.190673828000115, -4.65930175799997 ], [ 39.167724609000118, -4.641296386999898 ], [ 39.121887207000043, -4.610717772999976 ], [ 38.413509384000122, -4.115743064999947 ], [ 37.784961696000039, -3.674422753999977 ], [ 37.772450478000167, -3.642105351999817 ], [ 37.773305177000054, -3.64103018499992 ], [ 37.778816972000016, -3.645597449999912 ], [ 37.783985084000108, -3.645851375999882 ], [ 37.783403368999984, -3.632888647999891 ], [ 37.780034053000122, -3.621645695999916 ], [ 37.775020529000074, -3.611965253999927 ], [ 37.775664174000099, -3.607757969999966 ], [ 37.772856408000166, -3.591527964999955 ], [ 37.769876134000128, -3.587427854999873 ], [ 37.768794158000105, -3.579824968999901 ], [ 37.763883972000087, -3.56909597899994 ], [ 37.762582492999968, -3.570381396999892 ], [ 37.764168233000078, -3.574237652999841 ], [ 37.763870078000025, -3.582623724999962 ], [ 37.761515659000167, -3.588165251999953 ], [ 37.75900140400006, -3.589658599999893 ], [ 37.760206004000111, -3.586189345999912 ], [ 37.75927385100016, -3.571416462999935 ], [ 37.756104408000169, -3.569091135999884 ], [ 37.752454521000061, -3.57241498399992 ], [ 37.750890606000098, -3.569766161999951 ], [ 37.74817750800014, -3.563107661999879 ], [ 37.746730789000082, -3.549263989999929 ], [ 37.743137530000013, -3.541682708999872 ], [ 37.727433886000142, -3.537882062999927 ], [ 37.719242077000104, -3.529133846999969 ], [ 37.695634851000079, -3.526209980999965 ], [ 37.68828720700003, -3.518996000999948 ], [ 37.687082319000183, -3.515047441999911 ], [ 37.683851246000074, -3.511921822999966 ], [ 37.681433273000096, -3.512492486999975 ], [ 37.676799537000079, -3.510016718999964 ], [ 37.67303466200002, -3.50312150499991 ], [ 37.66736156800016, -3.504261577999955 ], [ 37.662946694000084, -3.503273972999921 ], [ 37.642966036000132, -3.516978363999897 ], [ 37.633262612000181, -3.518020880999927 ], [ 37.628929130000074, -3.52111419299996 ], [ 37.622354984000026, -3.521538660999909 ], [ 37.61887828000016, -3.523992361999888 ], [ 37.60628270300009, -3.520758216999923 ], [ 37.603034329000081, -3.516789242999891 ], [ 37.607079831000135, -3.508123195999872 ], [ 37.606222627000079, -3.503417869999851 ], [ 37.611979504000089, -3.499346897999885 ], [ 37.612209794000137, -3.494765882999957 ], [ 37.616882320000059, -3.493906629999969 ], [ 37.620262132000107, -3.486596894999934 ], [ 37.625417733000063, -3.484177003999889 ], [ 37.623732895000103, -3.46526893399988 ], [ 37.618927008000128, -3.463043817999903 ], [ 37.617117576000112, -3.459204197999895 ], [ 37.608260672000085, -3.461551861999908 ], [ 37.603794728000025, -3.458545369999911 ], [ 37.595824907000065, -3.456816753999817 ], [ 37.5919844390001, -3.458930081999881 ], [ 37.584800339000083, -3.459839053999929 ], [ 37.58438875600018, -3.438088442999913 ], [ 37.618133571000101, -3.400296194999896 ], [ 37.663223225000138, -3.356092692999937 ], [ 37.680141474999971, -3.354117880999922 ], [ 37.68450163100016, -3.348507631999894 ], [ 37.684974691000036, -3.320685128999912 ], [ 37.688478999000097, -3.319997034999915 ], [ 37.691821558000186, -3.32452885299989 ], [ 37.700428213000066, -3.324436482999886 ], [ 37.70444248900003, -3.319388648999961 ], [ 37.710302789000139, -3.315626720999887 ], [ 37.711358104000112, -3.31167947299997 ], [ 37.690757758000075, -3.175145127999826 ], [ 37.692071442000042, -3.175103271999831 ], [ 37.690210013000126, -3.171565852999947 ], [ 37.671884717000182, -3.058744783999941 ], [ 37.579810013000156, -2.996365852999929 ], [ 37.503910013000109, -2.948265852999953 ], [ 36.750310013000103, -2.525165852999862 ], [ 36.676010013000109, -2.48646585299997 ], [ 36.468710013000191, -2.368265852999969 ], [ 35.492995606000136, -1.818597575999888 ], [ 35.200453327000162, -1.655541856999946 ], [ 34.73092761900017, -1.388869548999878 ], [ 34.7305351440001, -1.386716241999977 ], [ 34.640265899000156, -1.334503936999909 ], [ 34.600665899000091, -1.313503936999894 ], [ 34.582565899000144, -1.301803936999875 ], [ 34.554365899000118, -1.287503936999826 ], [ 34.515265899000099, -1.263103936999869 ], [ 34.467765899000085, -1.238403936999873 ], [ 34.457265899000163, -1.231203936999862 ], [ 34.273965899000189, -1.128703936999898 ], [ 34.175565899000105, -1.071703936999938 ], [ 34.080965899000034, -1.019803936999892 ], [ 34.078965899000139, -1.019403936999936 ], [ 34.045965899000123, -1.043303936999962 ], [ 34.036765899000102, -1.042703936999885 ], [ 34.03116589900003, -1.03770393699989 ], [ 34.028365899000164, -1.032603936999976 ], [ 34.026865899000029, -1.010003936999851 ], [ 34.016965899000127, -1.000303936999899 ], [ 33.9339658990001, -1.000103936999892 ], [ 33.917065899000136, -0.567803936999951 ], [ 33.920065899000178, -0.55210393699997 ], [ 33.924365899000179, -0.465903936999894 ], [ 33.94796589900011, -0.338103936999971 ], [ 33.98306589900011, -0.128803936999873 ], [ 33.949385067000094, -0.026509239999939 ], [ 33.912450547000162, 0.099753432000114 ], [ 33.910288655000159, 0.102964159000123 ], [ 33.910410013000103, 0.106434147000186 ], [ 34.00703630300012, 0.237095045000046 ], [ 34.015369730000145, 0.250967158000037 ], [ 34.02184252800015, 0.256718984000031 ], [ 34.02120659100018, 0.261252403000071 ], [ 34.024712119000185, 0.269217219000041 ], [ 34.031310013000052, 0.269934147000015 ], [ 34.037711670000078, 0.273200997000174 ], [ 34.040339882000126, 0.276774817000103 ], [ 34.041554041000097, 0.279395666000141 ], [ 34.039737531000128, 0.286372414000084 ], [ 34.041705553000043, 0.28869254600005 ], [ 34.041538641000102, 0.292124149000188 ], [ 34.047702673000117, 0.294419280999989 ], [ 34.049722216000134, 0.297364846000107 ], [ 34.048791029000085, 0.302619845000152 ], [ 34.051838598000131, 0.308389149 ], [ 34.060029434000114, 0.313448025000071 ], [ 34.057658038000056, 0.324187686000073 ], [ 34.074510013, 0.324734147000072 ], [ 34.077110013000038, 0.327934147000178 ], [ 34.083710013000086, 0.331334147000121 ], [ 34.083410013000105, 0.334134147000157 ], [ 34.094410013000072, 0.344334147000154 ], [ 34.100110013000062, 0.347534147000033 ], [ 34.101210013000127, 0.354834147000076 ], [ 34.109210013000165, 0.365934147000132 ], [ 34.111110012999973, 0.371234147000052 ], [ 34.11071001300013, 0.378234147000171 ], [ 34.107310013000188, 0.395234147000053 ], [ 34.103210013000023, 0.404434147000075 ], [ 34.102210013000104, 0.413434147000089 ], [ 34.089010013000177, 0.427234147000092 ], [ 34.089119490000087, 0.437550104000024 ], [ 34.090922264000028, 0.444173807000141 ], [ 34.088879532000135, 0.454329938000171 ], [ 34.089632037000115, 0.458166372000164 ], [ 34.093310013000178, 0.463234147000151 ], [ 34.119216333000111, 0.484187926000061 ], [ 34.117299257000127, 0.510046951000106 ], [ 34.12281478400007, 0.519225155000129 ], [ 34.117473928000095, 0.523031017000051 ], [ 34.126399425000102, 0.539822654000034 ], [ 34.127566424000122, 0.558801150000022 ], [ 34.138936178000108, 0.58502823200007 ], [ 34.14232010000012, 0.583505003000084 ], [ 34.148210065000114, 0.587272839999969 ], [ 34.153031663000093, 0.587650288000134 ], [ 34.154506605000108, 0.591474881000124 ], [ 34.161316511000109, 0.597872369000072 ], [ 34.167210013000101, 0.602934147000042 ], [ 34.170389918000069, 0.602304196000034 ], [ 34.173500485000091, 0.604398690000153 ], [ 34.176330240000027, 0.608265907000145 ], [ 34.186136151000028, 0.607170517999975 ], [ 34.186922019, 0.609425627000178 ], [ 34.185410012999967, 0.612834147000115 ], [ 34.191617728000153, 0.615292227000111 ], [ 34.192491016000133, 0.621716869000181 ], [ 34.196406516000081, 0.621015672000169 ], [ 34.195796331000111, 0.624384707000104 ], [ 34.19820740800003, 0.627032217000135 ], [ 34.205253408000033, 0.624871979000091 ], [ 34.208900766, 0.627256361000036 ], [ 34.216056742000035, 0.624947379000105 ], [ 34.220010013000035, 0.632034147000127 ], [ 34.223412064000058, 0.63196848900003 ], [ 34.229161728000065, 0.628184678000025 ], [ 34.232658376000188, 0.630381844999988 ], [ 34.23581079700017, 0.628638067000168 ], [ 34.239786441000149, 0.631356105000123 ], [ 34.241410013000177, 0.634834147000163 ], [ 34.25002909900013, 0.631566076000013 ], [ 34.263910013000043, 0.640334147000146 ], [ 34.266870018000077, 0.639762319000056 ], [ 34.27649802000019, 0.642881564000106 ], [ 34.278797615000087, 0.648359845000186 ], [ 34.278385970000045, 0.656911026000103 ], [ 34.279706698000098, 0.659316622000176 ], [ 34.277810013000135, 0.662534147000031 ], [ 34.280779203000122, 0.668304650000096 ], [ 34.277289481000025, 0.679456151000011 ], [ 34.279885254000135, 0.682944540000108 ], [ 34.28624152000009, 0.682894757000156 ], [ 34.295294516000013, 0.687449962000187 ], [ 34.295879287, 0.690556271000105 ], [ 34.303697899000156, 0.694062159999987 ], [ 34.304910013000097, 0.696534146999966 ], [ 34.312454190000153, 0.697821441000087 ], [ 34.313090380000062, 0.7016991590001 ], [ 34.309410013000104, 0.707834147000028 ], [ 34.309733312000105, 0.715463081000109 ], [ 34.307006257000126, 0.723077284000169 ], [ 34.308965733000093, 0.72835203000011 ], [ 34.307579431000136, 0.732764324000186 ], [ 34.310867358000166, 0.753062346000092 ], [ 34.315151252000192, 0.764498200000048 ], [ 34.325203102000046, 0.76853082800011 ], [ 34.334413278000056, 0.768896683999969 ], [ 34.346678485000098, 0.774650295000072 ], [ 34.354320346000122, 0.774512027000185 ], [ 34.357793083000104, 0.777584793000017 ], [ 34.362584282000171, 0.777159430000097 ], [ 34.364410013000111, 0.781634147000091 ], [ 34.367847732000087, 0.78160454600004 ], [ 34.372517570000127, 0.786422526000024 ], [ 34.373010013000112, 0.790734147000023 ], [ 34.377635570999985, 0.79696651800009 ], [ 34.381435394000107, 0.793150008000168 ], [ 34.383433567000111, 0.793373205000023 ], [ 34.384579129000031, 0.802572995000048 ], [ 34.389098133, 0.804939824999963 ], [ 34.394915829000183, 0.8027866380001 ], [ 34.413484159000177, 0.811341258000027 ], [ 34.414312259000098, 0.811995007000178 ], [ 34.410810013000059, 0.816834147000179 ], [ 34.413624797000068, 0.820447863000027 ], [ 34.40901001300017, 0.824534147000122 ], [ 34.407710013000042, 0.829734147000124 ], [ 34.410037338000166, 0.833259541000132 ], [ 34.415097474000163, 0.835709580000071 ], [ 34.415610013, 0.843034147000139 ], [ 34.41748867900003, 0.84364316000017 ], [ 34.423287941000069, 0.852245629000038 ], [ 34.442392660999985, 0.859043054000153 ], [ 34.446362462000138, 0.863975611000171 ], [ 34.446496941000134, 0.877488838000147 ], [ 34.451984106, 0.8913651310001 ], [ 34.450410013000067, 0.899534147000111 ], [ 34.457049232000088, 0.904419979000068 ], [ 34.459010013000011, 0.909034147000114 ], [ 34.464393610000059, 0.912220053000112 ], [ 34.479190036000034, 0.939367174000154 ], [ 34.482717835000187, 0.962088919000166 ], [ 34.489156445000162, 0.983210471000177 ], [ 34.487292709000144, 1.001282577000154 ], [ 34.49130926600003, 1.031099067000127 ], [ 34.493719436000163, 1.043684287000133 ], [ 34.499920541000165, 1.05774407500013 ], [ 34.499164601000132, 1.061805129000049 ], [ 34.504034288000071, 1.071875131000127 ], [ 34.514229821000129, 1.082162064000158 ], [ 34.522408364000171, 1.101934436000079 ], [ 34.530632374000106, 1.106421746000137 ], [ 34.574392694999972, 1.102029312000127 ], [ 34.579758520000155, 1.150184714000147 ], [ 34.611334483000178, 1.159144759000128 ], [ 34.619843805000073, 1.166797431000077 ], [ 34.636968613000192, 1.172190845000102 ], [ 34.64168748100019, 1.17628234200015 ], [ 34.648332596000103, 1.1790074110001 ], [ 34.663261414000033, 1.192411662000097 ], [ 34.669610013000181, 1.207834147000142 ], [ 34.70121001300015, 1.21583414700018 ], [ 34.71026420600009, 1.21537733100007 ], [ 34.743110013000035, 1.220934147000094 ], [ 34.749300003000087, 1.220030606000023 ], [ 34.759210013000086, 1.221334147000164 ], [ 34.768424988000049, 1.218750517000103 ], [ 34.774464003999981, 1.222844802000168 ], [ 34.778666497000188, 1.222190559000126 ], [ 34.782310013000028, 1.223934146999966 ], [ 34.79418754600016, 1.222185806000027 ], [ 34.80548604300003, 1.231527050000182 ], [ 34.806910013000106, 1.235434147000092 ], [ 34.811044693000042, 1.239772916000163 ], [ 34.811720431000026, 1.244552790000057 ], [ 34.81789493600013, 1.251031682000189 ], [ 34.819310013000063, 1.261734147000141 ], [ 34.830307484000059, 1.269586176000075 ], [ 34.828310013000078, 1.287334147000138 ], [ 34.829797745000064, 1.304424077000021 ], [ 34.828754425000056, 1.310319126000081 ], [ 34.785210013000153, 1.368534147000105 ], [ 34.776710013000127, 1.384234147000086 ], [ 34.775910012999987, 1.38793414700018 ], [ 34.777515941, 1.394680324000149 ], [ 34.778662765000036, 1.398222834000137 ], [ 34.786310013000048, 1.406934147000186 ], [ 34.792930603000173, 1.411804259000064 ], [ 34.798410013000023, 1.421034147000114 ], [ 34.804240330000084, 1.425620241000104 ], [ 34.817356110000105, 1.431528926000055 ], [ 34.827610013000026, 1.446134147000123 ], [ 34.836564067000154, 1.451570477000189 ], [ 34.848426819000053, 1.453127503000019 ], [ 34.852615039000057, 1.46041410700002 ], [ 34.853910013000075, 1.472234147000165 ], [ 34.856124352000052, 1.477508436000164 ], [ 34.854310013000145, 1.496034147000103 ], [ 34.863410013000077, 1.528734147000137 ], [ 34.889280403999976, 1.555903052000019 ], [ 34.905105591000108, 1.553473592000103 ], [ 34.922110013000179, 1.563134147000142 ], [ 34.943100282000103, 1.578322816000025 ], [ 34.959910013000126, 1.606334147000155 ], [ 34.990595570000039, 1.666705887000035 ], [ 34.998817444000167, 1.748936057000151 ], [ 35.000310013000103, 1.839534147000052 ], [ 35.027603176000184, 1.922813280000014 ], [ 34.992710013000135, 1.96663414700015 ], [ 34.983610012999975, 1.981434147000073 ], [ 34.980510013000185, 2.053134147000094 ], [ 34.947410013000081, 2.200734147000105 ], [ 34.917810013000064, 2.380834147000144 ], [ 34.917839051000158, 2.39385652600015 ], [ 34.914210013000059, 2.397034147000113 ], [ 34.913478435000115, 2.402280139000027 ], [ 34.91560804, 2.411041801000181 ], [ 34.916110013000093, 2.424134147000075 ], [ 34.930979156000149, 2.431245565000154 ], [ 34.930610013000035, 2.438734147000162 ], [ 34.935035387000084, 2.439279417000137 ], [ 34.938479139000094, 2.448358448000022 ], [ 34.942712148000169, 2.449705521 ], [ 34.942210013000079, 2.453934147000155 ], [ 34.953125000000171, 2.458923340000013 ], [ 34.952087402000132, 2.462585449000073 ], [ 34.954284668000184, 2.469421387000068 ], [ 34.953674316000161, 2.473327637000182 ], [ 34.947875977000081, 2.473083496000129 ], [ 34.937683105000133, 2.497314453000115 ], [ 34.932312012000125, 2.514892578000172 ], [ 34.912902831999986, 2.51507568400001 ], [ 34.904479980000133, 2.547302246000186 ], [ 34.898498535000044, 2.58288574200003 ], [ 34.893493652000075, 2.590881348000096 ], [ 34.879882813000052, 2.587097168000128 ], [ 34.878723145000038, 2.570678711000141 ], [ 34.867919922000112, 2.568725586000085 ], [ 34.852722168000128, 2.581481934000067 ], [ 34.837890625000171, 2.602111816000104 ], [ 34.829895020000038, 2.619323730000076 ], [ 34.798706055000025, 2.653320313000052 ], [ 34.789489746000129, 2.68188476600011 ], [ 34.775085449000187, 2.696289062000176 ], [ 34.783874512000068, 2.740478516000167 ], [ 34.784118652000188, 2.747680664000086 ], [ 34.781494141, 2.766479492000144 ], [ 34.774475098000039, 2.797302246000129 ], [ 34.766479491999974, 2.820129395000151 ], [ 34.76007080100004, 2.82647705100004 ], [ 34.74969482400013, 2.823486328000172 ], [ 34.7371215820001, 2.852111816000047 ], [ 34.732299805000025, 2.855712891 ], [ 34.712097168000071, 2.86267089800009 ], [ 34.70867919900013, 2.871276855000076 ], [ 34.702270508000026, 2.875122070000032 ], [ 34.692321777000132, 2.859924316000047 ], [ 34.669677734000174, 2.861328125000114 ], [ 34.653686522999976, 2.86468505900001 ], [ 34.640319824000073, 2.904724121000129 ], [ 34.599487305000139, 2.922912598000039 ], [ 34.588928223000096, 2.978881836000028 ], [ 34.588928223000096, 3.000305176000154 ], [ 34.576110840000126, 3.021911621000015 ], [ 34.574096680000082, 3.053527832000043 ], [ 34.576477051000154, 3.080078125000057 ], [ 34.573486328000058, 3.100708008000026 ], [ 34.559509277000075, 3.112670898000033 ], [ 34.54632568400001, 3.136901855000019 ], [ 34.537109375000171, 3.143310547000056 ], [ 34.511474609000118, 3.15069580100004 ], [ 34.494079590000126, 3.142700194999975 ], [ 34.489685059000067, 3.15570068400018 ], [ 34.484130859, 3.16571044900013 ], [ 34.471679687000119, 3.173889160000158 ], [ 34.460510254000098, 3.175903320000032 ], [ 34.455078125000114, 3.184082031 ], [ 34.457275391000053, 3.202697754000098 ], [ 34.451904297000056, 3.228881836000141 ], [ 34.448120117000144, 3.282897949000017 ], [ 34.427124023000033, 3.345275878999985 ], [ 34.413330078000115, 3.362487793000014 ], [ 34.401672362999989, 3.371520996000015 ], [ 34.400085449000187, 3.378295898000147 ], [ 34.401489258000026, 3.415710449000073 ], [ 34.410888672000056, 3.418090820000145 ], [ 34.418701172000056, 3.433715820000145 ], [ 34.417297363000159, 3.451904297000056 ], [ 34.405883789000143, 3.469726562000176 ], [ 34.391723633000026, 3.483093262000182 ], [ 34.389099121000129, 3.493286133000026 ], [ 34.391479492000144, 3.494873047000056 ], [ 34.396484375000114, 3.489501953000115 ], [ 34.423889160000158, 3.492126465000013 ], [ 34.434509277000188, 3.498901367000144 ], [ 34.451110840000069, 3.520080566000047 ], [ 34.45648193400001, 3.580322266 ], [ 34.453674316000047, 3.612304687000119 ], [ 34.463928222999982, 3.669921875000171 ], [ 34.455078125000114, 3.677307129000155 ], [ 34.422485352000024, 3.689086914000029 ], [ 34.404479980000076, 3.693298340000126 ], [ 34.400878906000173, 3.706298828000058 ], [ 34.378295898000033, 3.731689453000058 ], [ 34.370727539000086, 3.735473633000026 ], [ 34.354492187, 3.736511230000133 ], [ 34.324890137000182, 3.728088379000042 ], [ 34.317687988000159, 3.721496582000043 ], [ 34.306274414000086, 3.686706543000184 ], [ 34.302673340000183, 3.686706543000184 ], [ 34.305114746000072, 3.690673828000058 ], [ 34.308105469000168, 3.71307373000019 ], [ 34.283081055000139, 3.733093262000125 ], [ 34.267089844000168, 3.749084473000153 ], [ 34.259704590000126, 3.766296387000182 ], [ 34.24609375, 3.785278319999975 ], [ 34.232299805000082, 3.781921387000125 ], [ 34.228271484000118, 3.774291992000087 ], [ 34.226074219000111, 3.774719238000102 ], [ 34.227294922000169, 3.78289794900013 ], [ 34.220703125000171, 3.784484863000159 ], [ 34.190490723000096, 3.7722778320001 ], [ 34.172485352000024, 3.767883300999983 ], [ 34.165283203, 3.776672363000159 ], [ 34.191284180000082, 3.782714844000168 ], [ 34.188903809000067, 3.791870117000144 ], [ 34.189697266000053, 3.79510498000019 ], [ 34.175476074000073, 3.800903320000145 ], [ 34.170471191000104, 3.801330566000161 ], [ 34.162719727000024, 3.797485352000137 ], [ 34.159118652000018, 3.802124022999976 ], [ 34.153076172000112, 3.800903320000145 ], [ 34.152893066000104, 3.807678222999982 ], [ 34.164123535000158, 3.811706543000071 ], [ 34.169921875000114, 3.821716309000124 ], [ 34.180297852000024, 3.83172607400013 ], [ 34.217102051000097, 3.832275391 ], [ 34.225524902000075, 3.8308715820001 ], [ 34.225891113000102, 3.850708008000026 ], [ 34.215881348000096, 3.881530762000182 ], [ 34.201477051000154, 3.883483887000068 ], [ 34.176086426000097, 3.88031005900018 ], [ 34.16931152300009, 3.876281738000046 ], [ 34.168090820000089, 3.871093750000114 ], [ 34.149475098000096, 3.870117188000108 ], [ 34.127685547000112, 3.87249755900018 ], [ 34.108520508000026, 3.868896484 ], [ 34.092895508000083, 3.861694336000085 ], [ 34.088073730000076, 3.86267089800009 ], [ 34.090881348000039, 3.885681152000018 ], [ 34.11468505900001, 3.897521972999982 ], [ 34.119079590000126, 3.903076172000112 ], [ 34.129089355000076, 3.935119629000098 ], [ 34.134887695000032, 3.961120605000076 ], [ 34.1043090820001, 3.978698730000133 ], [ 34.079895020000151, 4.004516602000024 ], [ 34.06072998000019, 4.010070801000154 ], [ 34.058471680000025, 4.028686523000147 ], [ 34.088928223000153, 4.038330078 ], [ 34.091674805000025, 4.047485352000081 ], [ 34.09210205100004, 4.069519043000184 ], [ 34.080688477000024, 4.086303711000028 ], [ 34.0632934570001, 4.094299316000161 ], [ 34.049926758000026, 4.121704102000137 ], [ 34.06610107400013, 4.14288330100004 ], [ 34.047821045000148, 4.178894043000071 ], [ 34.038696289000086, 4.187683105000076 ], [ 33.992126465000183, 4.223693848000039 ], [ 34.472900391000053, 4.692077637000125 ], [ 34.594909668000184, 4.794128418000184 ], [ 34.701721191000161, 4.8875122070001 ], [ 34.883483887000125, 5.042480469000111 ], [ 35.12530517600004, 5.243103027000188 ], [ 35.265930176000097, 5.413513184000067 ], [ 35.605895996000186, 5.414123535000044 ], [ 35.61047363300014, 5.408325195000089 ], [ 35.614501953000058, 5.39868164100011 ], [ 35.622680664000029, 5.390319824000017 ], [ 35.630126953, 5.376281738000102 ], [ 35.632690430000139, 5.374511719000111 ], [ 35.638122559000067, 5.375488281000059 ], [ 35.644287109000118, 5.38171386700003 ], [ 35.656921387000125, 5.382324219000054 ], [ 35.668884277000132, 5.387512207000157 ], [ 35.673522949000073, 5.386291504000155 ], [ 35.683898926000154, 5.388305664000029 ], [ 35.7058715820001, 5.383483887000125 ], [ 35.718078613000159, 5.384521484000061 ], [ 35.723327637000125, 5.382080078000058 ], [ 35.726684570000145, 5.378479004000155 ], [ 35.723876953000115, 5.371887206999986 ], [ 35.725524902000132, 5.369689941000104 ], [ 35.74188232400013, 5.373291016000053 ], [ 35.753112793000071, 5.370910645000038 ], [ 35.762329102000137, 5.365905762000068 ], [ 35.76190185500019, 5.36047363300014 ], [ 35.763122559000124, 5.358886719000111 ], [ 35.774108887000182, 5.358093262000068 ], [ 35.787292480000019, 5.347900391000053 ], [ 35.794128418000071, 5.348083496000186 ], [ 35.800292969000054, 5.343688965000126 ], [ 35.804321289000086, 5.344116211000141 ], [ 35.815124512000182, 5.340515137000068 ], [ 35.827697754000098, 5.346130371000129 ], [ 35.835327148000033, 5.343322754000098 ], [ 35.83728027300009, 5.339721680000025 ], [ 35.837707520000151, 5.332702637000068 ], [ 35.843688965000069, 5.326721191000047 ], [ 35.845520020000151, 5.322509766000053 ], [ 35.845703125000114, 5.307678223000039 ], [ 35.853515625000114, 5.296508789000143 ], [ 35.851501465000069, 5.288696289000143 ], [ 35.842285156, 5.277709961000085 ], [ 35.835510254000098, 5.24432373000019 ], [ 35.840087891000053, 5.230285645000151 ], [ 35.848876953000172, 5.216674805000025 ], [ 35.851074219000054, 5.203674316000047 ], [ 35.854675293000128, 5.194519043000071 ], [ 35.855102539000143, 5.188903809000124 ], [ 35.852111816000047, 5.178894043000071 ], [ 35.855712891, 5.160888672000056 ], [ 35.851074219000054, 5.121093750000057 ], [ 35.843322754000098, 5.078674316000161 ], [ 35.841308594000054, 5.048095703000058 ], [ 35.841674805000082, 5.016296387000068 ], [ 35.837097168000128, 4.988708496000186 ], [ 35.835083008000083, 4.937683105000076 ], [ 35.842712402000188, 4.932128906000173 ], [ 35.860107422000112, 4.927673340000069 ], [ 35.873474121000186, 4.919921875000114 ], [ 35.885681152000075, 4.905883789000143 ], [ 35.896301270000038, 4.888305664000086 ], [ 35.903503418000128, 4.853881836000085 ], [ 35.910095215000126, 4.809875488000159 ], [ 35.915100098000039, 4.738708496000015 ], [ 35.921691895000038, 4.694885254000155 ], [ 35.921508788999972, 4.643127441000047 ], [ 35.922302246000186, 4.641113281 ], [ 35.949890137000125, 4.628479004000155 ], [ 35.947509766000053, 4.624328612999989 ], [ 35.939880371000015, 4.592285156 ], [ 35.939697266000053, 4.584472656 ], [ 35.942077637000125, 4.581115722999982 ], [ 35.963073730000133, 4.576477051000097 ], [ 35.963684082000043, 4.564880371000129 ], [ 35.942871094000111, 4.547302246000129 ], [ 35.998474121000072, 4.497924805000139 ], [ 36.05047607400013, 4.455078125000057 ], [ 36.050304409000034, 4.451455597000177 ], [ 36.23340039500016, 4.451232627000024 ], [ 36.246250415000077, 4.457326795000142 ], [ 36.264129639000032, 4.45062589600019 ], [ 36.546916962000068, 4.444294453000111 ], [ 36.625579834000064, 4.454312325000103 ], [ 36.644779205000134, 4.453874588000076 ], [ 36.661380768000186, 4.441961764999974 ], [ 36.680351257000154, 4.44129562400002 ], [ 36.843982697000058, 4.449574471000176 ], [ 36.879730225000174, 4.431751728000108 ], [ 36.909858704000158, 4.424500465000108 ], [ 36.959171174000176, 4.403323546000024 ], [ 36.959121704000154, 4.397567749000132 ], [ 36.974898183000164, 4.398130080000044 ], [ 36.979631808000022, 4.395855262000111 ], [ 36.986251831000061, 4.395183086000088 ], [ 36.986396790000072, 4.392568588000131 ], [ 36.997234344000049, 4.382423878000111 ], [ 37.003685493000091, 4.378424757000062 ], [ 37.009830728000111, 4.379716244000065 ], [ 37.020966095000119, 4.371757387000116 ], [ 37.030602889000079, 4.381812582000123 ], [ 37.031410217000087, 4.385728836000169 ], [ 37.04370880099998, 4.374579906000179 ], [ 37.047289663000186, 4.375764563000018 ], [ 37.048106964, 4.370449859000132 ], [ 37.054951891000144, 4.365774757 ], [ 37.054294586000026, 4.362238884000078 ], [ 37.063938141000108, 4.351884842000118 ], [ 37.065402985000162, 4.347032070000068 ], [ 37.071800232000044, 4.348831176999965 ], [ 37.077743530000077, 4.348370552000176 ], [ 37.089393616000166, 4.343622684000081 ], [ 37.095848083000135, 4.333890914999984 ], [ 37.097036410000158, 4.334064554000065 ], [ 37.113273621000076, 4.306523323000079 ], [ 37.128261566, 4.294890404000114 ], [ 37.131843566999976, 4.293001175000029 ], [ 37.136291504000042, 4.295163631000037 ], [ 37.405617881000069, 4.120359198000017 ], [ 37.420467377000193, 4.111044407000179 ], [ 37.425989326000149, 4.11034197400005 ], [ 37.427116394000109, 4.106977940000093 ], [ 37.50082397500006, 4.059123993000014 ], [ 37.586601257000041, 3.99687171000005 ], [ 37.648239136000143, 3.955754757000022 ], [ 37.648635864000084, 3.952412128000105 ], [ 37.918810013000098, 3.773434147000103 ], [ 37.993278503, 3.731875896000133 ], [ 37.999445300000161, 3.73329328799997 ], [ 38.003159972000049, 3.728930182000113 ], [ 38.008121490000065, 3.728964567000048 ], [ 38.012722015000122, 3.715306997000141 ], [ 38.015666962000125, 3.715882063000095 ], [ 38.018722534000176, 3.70592618000012 ], [ 38.024402618000124, 3.701110125000184 ], [ 38.026702881000119, 3.696293831000105 ], [ 38.030979156000171, 3.69431710200007 ], [ 38.032058716000165, 3.690507412000159 ], [ 38.037662506000174, 3.68518805500014 ], [ 38.041904449000072, 3.685295820000078 ], [ 38.044170380000082, 3.67868256600002 ], [ 38.047496028000069, 3.675545271000033 ], [ 38.059803009000063, 3.668906450000065 ], [ 38.113178253000171, 3.625956535000057 ], [ 38.129317160000085, 3.608261297000013 ], [ 38.135536193000178, 3.613872820000097 ], [ 38.147388458000194, 3.614162207000163 ], [ 38.183849335000104, 3.622319221000055 ], [ 38.190601349000076, 3.622296810000023 ], [ 38.447765350000111, 3.604278088000058 ], [ 38.50477344900014, 3.624720493000098 ], [ 38.514892578000115, 3.625985384000046 ], [ 38.522376359000191, 3.629612918000021 ], [ 38.521314080000138, 3.637947275000101 ], [ 38.522610013000133, 3.644034147000127 ], [ 38.516310013000066, 3.650134147000188 ], [ 38.521110821999969, 3.654611841000133 ], [ 38.538696289000086, 3.656696320000037 ], [ 38.542285919000108, 3.649809837000021 ], [ 38.550216675000115, 3.644171238000183 ], [ 38.55115509, 3.637418509000042 ], [ 38.557861328000172, 3.62500476800011 ], [ 38.558307648000152, 3.617602825000063 ], [ 38.560062408000192, 3.615597010000101 ], [ 38.565330505000077, 3.615374088000124 ], [ 38.569061279000039, 3.610693932000117 ], [ 38.571624756000119, 3.612365484000065 ], [ 38.579316222000045, 3.606341022000038 ], [ 38.581710815, 3.608465195 ], [ 38.606056213000159, 3.608270168000161 ], [ 38.611489189999986, 3.614165264000121 ], [ 38.614815775000181, 3.614600345000156 ], [ 38.617450714000142, 3.606961012 ], [ 38.620403290000183, 3.604593039000122 ], [ 38.62480545000011, 3.60657095900018 ], [ 38.659320831000173, 3.598324776000084 ], [ 38.665618896000183, 3.595176935000097 ], [ 38.669147923000025, 3.602847663000091 ], [ 38.676609320000182, 3.61118238500012 ], [ 38.67311112800013, 3.623034633000088 ], [ 38.681553346000157, 3.626709481000034 ], [ 38.686931610000045, 3.626099586000123 ], [ 38.693199158000084, 3.612393378999968 ], [ 38.712978363000161, 3.583643435999988 ], [ 38.712364197000113, 3.580439806000129 ], [ 38.714984894000168, 3.574235439000063 ], [ 38.839622498000097, 3.536172867000062 ], [ 38.848979965000126, 3.53474211200006 ], [ 38.905673981000177, 3.514666319000185 ], [ 38.959678579000126, 3.517930217000014 ], [ 38.958609520000039, 3.52681887000017 ], [ 38.964810013000147, 3.532734147000099 ], [ 38.967826843000182, 3.533387184000048 ], [ 38.970916748000093, 3.530294895000111 ], [ 38.97593800500016, 3.53199052400015 ], [ 38.981281281000122, 3.526116133000187 ], [ 38.990410013000144, 3.523834147 ], [ 38.993371335000063, 3.52453816100018 ], [ 38.99891001300017, 3.521734147000188 ], [ 39.003310013000089, 3.525034147000042 ], [ 39.007479821000118, 3.516555997000182 ], [ 39.012176514000146, 3.517674923000072 ], [ 39.01473999000018, 3.513412714000083 ], [ 39.018276215000128, 3.511379004000048 ], [ 39.021175385000163, 3.512604713000087 ], [ 39.021109355000021, 3.52441809100003 ], [ 39.031652854000129, 3.524729760000127 ], [ 39.035310013000128, 3.528434147000155 ], [ 39.042924124000137, 3.527149266000151 ], [ 39.054912567000031, 3.521798134000051 ], [ 39.06040159700018, 3.527152757000181 ], [ 39.077810288000023, 3.532077790000073 ], [ 39.078410013, 3.541534147000107 ], [ 39.087310013000092, 3.541934147000177 ], [ 39.091461182000103, 3.536089420000167 ], [ 39.106643677000193, 3.522278309000058 ], [ 39.130393981999987, 3.511937380000063 ], [ 39.135534645000178, 3.51299662800011 ], [ 39.149610462000169, 3.511024943000166 ], [ 39.150238037000122, 3.501548529000161 ], [ 39.157156924000162, 3.499854966999976 ], [ 39.171558380000135, 3.491571903000136 ], [ 39.176673889000028, 3.490010499999983 ], [ 39.188638301000026, 3.492139093 ], [ 39.189659119000112, 3.480693340000016 ], [ 39.19107818599997, 3.479421615999968 ], [ 39.223910013000193, 3.481834147000029 ], [ 39.244632721000073, 3.476329088000057 ], [ 39.25426112100007, 3.477021925000088 ], [ 39.257640839000089, 3.474491119000163 ], [ 39.26583862300015, 3.472087622000117 ], [ 39.282472015999986, 3.479276852000055 ], [ 39.289697667000041, 3.47997755200015 ], [ 39.29948806800013, 3.477460146000055 ], [ 39.303354084000091, 3.478681759000153 ], [ 39.320553585000084, 3.500570746000164 ], [ 39.328453585000034, 3.502670745999978 ], [ 39.332853585000123, 3.500270746000012 ], [ 39.334953585000108, 3.485370746000171 ], [ 39.334953585000108, 3.480570746000012 ], [ 39.330253585000094, 3.466070746000014 ], [ 39.373253585000043, 3.467270746000054 ], [ 39.400953585000138, 3.463270745999978 ], [ 39.411953585000049, 3.465370746000019 ], [ 39.414953585000148, 3.462070746 ], [ 39.419453585000156, 3.460770746000094 ], [ 39.42625358500004, 3.465370746000019 ], [ 39.429153585000165, 3.454570746000115 ], [ 39.435753584999986, 3.456770746000075 ], [ 39.440753584999982, 3.456270746000087 ], [ 39.443153585000175, 3.460270746000106 ], [ 39.453453585000091, 3.456270746000087 ], [ 39.462453585000105, 3.456770746000075 ], [ 39.465453585000148, 3.459870746000036 ], [ 39.468953585, 3.459370746000104 ], [ 39.471353585000031, 3.461570746 ], [ 39.483053585000164, 3.459670746000029 ], [ 39.49155358500019, 3.466770746000066 ], [ 39.494853584999987, 3.466470746000084 ], [ 39.49725358500018, 3.464670746000024 ], [ 39.514153585000145, 3.409470746000125 ], [ 39.531453585000179, 3.402070746000163 ], [ 39.553253585000164, 3.399770746000115 ], [ 39.588953585000127, 3.488070746000119 ], [ 39.607853585000157, 3.501370746000077 ], [ 39.756553585000063, 3.654270746000066 ], [ 39.7636535850001, 3.661070746000121 ], [ 39.766853585000035, 3.659870746000138 ], [ 39.773353585000109, 3.668470746000082 ], [ 39.865322770000034, 3.867856900000163 ], [ 40.117604566000125, 3.999113721000015 ], [ 40.147504566000123, 4.013013721000107 ], [ 40.153004566000106, 4.013113721000025 ], [ 40.167704566000111, 4.025013721 ], [ 40.179204566000067, 4.030113721000077 ], [ 40.184004566000169, 4.034913721000066 ], [ 40.191304566000042, 4.046513721000053 ], [ 40.195904565999967, 4.046513721000053 ], [ 40.204104566000069, 4.041313721000051 ], [ 40.207004566000194, 4.042113721000021 ], [ 40.384804566000184, 4.11531372100012 ], [ 40.394104566000181, 4.113813721000156 ], [ 40.40160456600006, 4.120813721000047 ], [ 40.424504566000167, 4.131413721000115 ], [ 40.697104566000064, 4.24151372100016 ], [ 40.700904566000077, 4.247913720999975 ], [ 40.704604566000114, 4.249513721000028 ], [ 40.709104566000121, 4.251013721000163 ], [ 40.720104566000089, 4.249913721000098 ], [ 40.727304565999987, 4.251013721000163 ], [ 40.736104566000165, 4.260113721000096 ], [ 40.743504566000126, 4.26301372100005 ], [ 40.758604566000031, 4.281813721 ], [ 40.766804566000133, 4.282113721000144 ], [ 40.774904566000089, 4.279913721000185 ], [ 40.782504566000114, 4.280513721000091 ], [ 40.790704566000159, 4.267613720999975 ], [ 40.801904566000132, 4.265713721000168 ], [ 40.804804566000087, 4.264013721000026 ], [ 40.805404566000163, 4.261813721000067 ], [ 40.814104566000083, 4.258313721000036 ], [ 40.822404566000046, 4.252713721000134 ], [ 40.828504566000106, 4.251513721000151 ], [ 40.833804566000083, 4.247413720999987 ], [ 40.835704566000061, 4.2508137210001 ], [ 40.84840456600017, 4.247013721000144 ], [ 40.850404566000066, 4.243213721000131 ], [ 40.850204566000059, 4.236313721000158 ], [ 40.853804566000179, 4.228413721000038 ], [ 40.868704566000076, 4.226813721000156 ], [ 40.884404566000057, 4.214213720999965 ], [ 40.886104566000029, 4.211013721000086 ], [ 40.886604566000187, 4.192713721000075 ], [ 40.898204566000175, 4.183413721000136 ], [ 40.900404566000134, 4.179313720999971 ], [ 40.903104566000081, 4.163913721000142 ], [ 40.906804566000119, 4.156213721000029 ], [ 40.918604566, 4.154013721000069 ], [ 40.925604566000118, 4.149013721000131 ], [ 40.935704566000027, 4.147213721000014 ], [ 40.944204566000053, 4.148013721000154 ], [ 40.953204566000068, 4.142413721000082 ], [ 40.959604566000053, 4.141813721000176 ], [ 40.961104566000188, 4.135513721000109 ], [ 40.975004566000109, 4.126713721000101 ], [ 40.979404565999971, 4.122013721000087 ], [ 40.980751038, 4.11327886600003 ], [ 40.984375, 4.112071991000107 ], [ 40.994232178000061, 4.113077641000189 ], [ 41.000862122000115, 4.110171318000141 ], [ 41.004291534000174, 4.102818012000114 ], [ 41.017364502000191, 4.091954708000117 ], [ 41.017768860000103, 4.08551693000004 ], [ 41.020988464000027, 4.081694603000017 ], [ 41.030040741, 4.080890179000107 ], [ 41.032855988000165, 4.074452400000098 ], [ 41.038688660000105, 4.077067852000141 ], [ 41.041908264000085, 4.076464176000059 ], [ 41.046939850000172, 4.062582970000165 ], [ 41.05116272000015, 4.056749344000082 ], [ 41.068061829000158, 4.042868137000085 ], [ 41.070678711000141, 4.038442612000097 ], [ 41.072086334000176, 4.027378082000155 ], [ 41.07490158100012, 4.024762630000112 ], [ 41.082546234000176, 4.023756504000175 ], [ 41.089988708000078, 4.013496876000033 ], [ 41.104995728000119, 4.007118702000071 ], [ 41.105335236000144, 4.005488396000146 ], [ 41.100170135000099, 4.001616955000031 ], [ 41.102005005000194, 3.993330479000065 ], [ 41.104518890000122, 3.990070343000127 ], [ 41.108661652000194, 3.986877918000062 ], [ 41.114028931000121, 3.989798546000145 ], [ 41.117015838999976, 3.989391088000161 ], [ 41.122043610000048, 3.983006477000117 ], [ 41.127204895000148, 3.979949951000151 ], [ 41.125232697000058, 3.975671053000156 ], [ 41.135967255000025, 3.973837137000089 ], [ 41.135692596000126, 3.972275019 ], [ 41.130123138000101, 3.971595764000028 ], [ 41.13093948400018, 3.968878984000128 ], [ 41.136543274000189, 3.967622399000163 ], [ 41.140110016000051, 3.963445187000048 ], [ 41.146629333000078, 3.963105679000023 ], [ 41.155052185000159, 3.959437847000117 ], [ 41.16666793800016, 3.952645779000022 ], [ 41.168094635000159, 3.949045897000019 ], [ 41.173389435, 3.94422340400007 ], [ 41.176513672000112, 3.94619321800019 ], [ 41.180522919000111, 3.945853710000165 ], [ 41.184463501000039, 3.942797184000028 ], [ 41.189487457000041, 3.942729235000172 ], [ 41.197708130000137, 3.937091827000017 ], [ 41.207283020000148, 3.936887980000108 ], [ 41.208168029999968, 3.947891235000043 ], [ 41.217132568000068, 3.950404406000075 ], [ 41.216247559000124, 3.954751253000097 ], [ 41.228542328000174, 3.955158709999978 ], [ 41.231683731000146, 3.952136338000059 ], [ 41.232685089000029, 3.955566406000173 ], [ 41.240158081000175, 3.96188306800002 ], [ 41.242736816000104, 3.959913254000128 ], [ 41.243282318000126, 3.954071999000064 ], [ 41.245727539000029, 3.951762676000044 ], [ 41.247425079000152, 3.952238321000038 ], [ 41.249259949000077, 3.95644927 ], [ 41.255508422999981, 3.954343796000046 ], [ 41.262977600000113, 3.957739830000037 ], [ 41.276630402000137, 3.952034473000026 ], [ 41.279346466000163, 3.955634356000076 ], [ 41.280970514000046, 3.955537902000117 ], [ 41.283115626000097, 3.953611888000069 ], [ 41.282715626000027, 3.949011888000143 ], [ 41.287615626000104, 3.950711888000114 ], [ 41.295615626000142, 3.949311888000125 ], [ 41.296715626000037, 3.951311888000021 ], [ 41.294215626000152, 3.955511888000103 ], [ 41.29871562600016, 3.956911888000093 ], [ 41.303915626000162, 3.949711887999968 ], [ 41.308115626000017, 3.947911888000078 ], [ 41.311715626000193, 3.948811888000137 ], [ 41.317915626000172, 3.9460118880001 ], [ 41.318215626000097, 3.948011888 ], [ 41.32591562600004, 3.942911888000083 ], [ 41.329115626000146, 3.943011888 ], [ 41.332615626000177, 3.946211888000107 ], [ 41.339215626000055, 3.946711888000095 ], [ 41.345315626000115, 3.951511888000084 ], [ 41.352015626000025, 3.951011888000096 ], [ 41.355415626000195, 3.956011888000091 ], [ 41.355515626000113, 3.962011888 ], [ 41.362615626000093, 3.962111888000095 ], [ 41.363515626000151, 3.960011888000111 ], [ 41.360718543000075, 3.955814184000076 ], [ 41.363821459000121, 3.95881648000011 ], [ 41.371321459000058, 3.957916480000108 ], [ 41.377521459000036, 3.954216480000184 ], [ 41.380621459000167, 3.95491648 ], [ 41.382521458999975, 3.962416480000115 ], [ 41.388921459000187, 3.961816480000039 ], [ 41.392621459000054, 3.966716480000059 ], [ 41.395321459000172, 3.967116480000129 ], [ 41.398321459000101, 3.966616480000141 ], [ 41.409321459000182, 3.957916480000108 ], [ 41.415421459000072, 3.955916480000155 ], [ 41.420721459, 3.951616479999984 ], [ 41.43922145900018, 3.952416480000124 ], [ 41.438421459000097, 3.957616480000127 ], [ 41.439721459000168, 3.959816480000086 ], [ 41.449421459, 3.95781648000019 ], [ 41.461821459000134, 3.961816480000039 ], [ 41.465121459000159, 3.961016480000069 ], [ 41.469121459, 3.95741648000012 ], [ 41.475521459000049, 3.960316480000074 ], [ 41.480021459000056, 3.956716480000125 ], [ 41.482521459000111, 3.95741648000012 ], [ 41.483121459000188, 3.963416480000035 ], [ 41.496421459000032, 3.965016480000088 ], [ 41.500421459000052, 3.970916480000142 ], [ 41.507321459000025, 3.964816480000081 ], [ 41.506321459000048, 3.958616480000103 ], [ 41.50802145900002, 3.95701648000005 ], [ 41.515121459000056, 3.956916480000132 ], [ 41.52202145900003, 3.963216480000028 ], [ 41.523721459, 3.97011648 ], [ 41.527021459000025, 3.97511648 ], [ 41.536221459000103, 3.978116480000097 ], [ 41.539521459000071, 3.982616480000104 ], [ 41.549521459000061, 3.986616480000123 ], [ 41.553421459000162, 3.98541648000014 ], [ 41.560921459000042, 3.97961648 ], [ 41.565621459000113, 3.972616480000113 ], [ 41.569121459000144, 3.972016480000036 ], [ 41.580321459000118, 3.97531648000006 ], [ 41.594221459000039, 3.973016480000183 ], [ 41.603121459000079, 3.977416480000045 ], [ 41.618421459000047, 3.97631647999998 ], [ 41.627221459000168, 3.985716480000065 ], [ 41.629121459000032, 3.984716480000088 ], [ 41.629821459000027, 3.981116480000139 ], [ 41.632021459000157, 3.980716480000069 ], [ 41.634421459000123, 3.987316480000118 ], [ 41.637221459000159, 3.987016479999966 ], [ 41.637521459000141, 3.983016480000117 ], [ 41.635921459000087, 3.980116480000163 ], [ 41.641721459000166, 3.981316479999975 ], [ 41.644821459000184, 3.97581648 ], [ 41.652221459000145, 3.973616480000089 ], [ 41.656121459000076, 3.967916480000042 ], [ 41.662921459000131, 3.970016480000083 ], [ 41.667421459000138, 3.967916480000042 ], [ 41.669521459000123, 3.969816480000077 ], [ 41.672021459000064, 3.968716480000182 ], [ 41.677221459000066, 3.961516480000057 ], [ 41.682521458999986, 3.973316480000108 ], [ 41.682621459000131, 3.97931648000008 ], [ 41.686821459000157, 3.974516480000091 ], [ 41.689221459000123, 3.974916480000161 ], [ 41.692121459000134, 3.98201647999997 ], [ 41.697321459000136, 3.983316480000099 ], [ 41.705221459000086, 3.988516480000101 ], [ 41.713421459000131, 3.988216480000176 ], [ 41.717721459000131, 3.995916480000062 ], [ 41.720921459000067, 3.995716480000056 ], [ 41.721621459000062, 3.991716480000036 ], [ 41.731621459000053, 3.989216480000096 ], [ 41.73002145900017, 3.99481648 ], [ 41.733521459000031, 3.995316480000156 ], [ 41.735421459, 3.99291648000019 ], [ 41.733821459000183, 3.986116480000135 ], [ 41.738521459000026, 3.989416480000159 ], [ 41.754421459000184, 3.984716480000088 ], [ 41.753821459000108, 3.976416480000125 ], [ 41.765421459000152, 3.977816480000115 ], [ 41.771321459000148, 3.975616480000156 ], [ 41.775421459000142, 3.976116480000144 ], [ 41.778221459000179, 3.977816480000115 ], [ 41.77992145900015, 3.983516480000105 ], [ 41.781721459000039, 3.984516480000082 ], [ 41.783921459000169, 3.984116480000012 ], [ 41.788121459000195, 3.979516480000086 ], [ 41.794221459000084, 3.983416480000187 ], [ 41.794421459000091, 3.975616480000156 ], [ 41.797321459000045, 3.97511648 ], [ 41.798921459000098, 3.972916480000038 ], [ 41.794621459000155, 3.971116480000148 ], [ 41.800121459000081, 3.959616480000079 ], [ 41.803421459000106, 3.959116480000091 ], [ 41.807721459000106, 3.961916480000127 ], [ 41.809821459000148, 3.959716480000168 ], [ 41.819721459000164, 3.95991648 ], [ 41.821621459000028, 3.958616480000103 ], [ 41.819421459000068, 3.95491648 ], [ 41.820521459000133, 3.952016480000054 ], [ 41.825621459000047, 3.949416480000082 ], [ 41.828521459000171, 3.953816480000114 ], [ 41.835621458999981, 3.946316480000064 ], [ 41.836921459000109, 3.947616479999965 ], [ 41.835721459000126, 3.953716480000026 ], [ 41.837521459000186, 3.955216480000161 ], [ 41.8426214590001, 3.95541648 ], [ 41.846721459000037, 3.950216480000165 ], [ 41.849921459000143, 3.949016480000182 ], [ 41.853121459000079, 3.950216480000165 ], [ 41.85482145900005, 3.952216480000118 ], [ 41.85442145900015, 3.961216480000132 ], [ 41.856321459000128, 3.962516480000033 ], [ 41.867021459000114, 3.961916480000127 ], [ 41.868521459000078, 3.967616480000117 ], [ 41.873021459000086, 3.964416480000011 ], [ 41.87552145899997, 3.96511648 ], [ 41.876621459000035, 3.967616480000117 ], [ 41.882821459000013, 3.968616480000094 ], [ 41.88342145900009, 3.97321648000019 ], [ 41.885421459000042, 3.974816480000072 ], [ 41.898021459, 3.981916480000052 ], [ 41.901521459000094, 3.981516480000039 ], [ 41.906021459000101, 3.975716480000074 ], [ 41.858721459000151, 3.909216480000111 ], [ 41.825921459000142, 3.859316480000189 ], [ 41.740721459000156, 3.74151648000003 ], [ 41.417715626000074, 3.278711887999975 ], [ 41.327115626000193, 3.151311888000123 ], [ 40.99386676000006, 2.825286811000183 ], [ 40.992366760000095, 2.660086810999985 ], [ 40.99366676, 2.498486811000134 ], [ 40.992866760000084, 2.242386811000131 ], [ 40.990910172000042, 2.178578778000087 ], [ 40.992153585000153, 2.175270746000081 ], [ 40.99095358500017, 1.943570746000148 ], [ 40.99275358500006, 1.680470746000026 ], [ 40.991853585000172, 1.021970746000079 ], [ 40.988053584999989, 1.019570746000113 ], [ 40.991653585000165, 0.692970746000128 ], [ 40.993140762, 0.303131423000025 ], [ 40.993050256000174, -0.828945484999906 ], [ 41.219639726000082, -1.136420052999938 ], [ 41.561339726000142, -1.595820052999954 ], [ 41.562639726000043, -1.599020052999947 ], [ 41.562439726000036, -1.657420052999839 ], [ 41.509703655000123, -1.661916288999976 ], [ 41.531311035000044, -1.661315917999957 ], [ 41.524291992000087, -1.671691894999867 ], [ 41.492126465000126, -1.700683593999941 ], [ 41.462890625000171, -1.744201659999874 ], [ 41.451477051000097, -1.752685546999828 ], [ 41.446899414000143, -1.760009765999939 ], [ 41.413696289000143, -1.797180175999927 ], [ 41.400329590000069, -1.807128905999889 ], [ 41.397705078000172, -1.811706542999957 ], [ 41.398681641000053, -1.819519042999957 ], [ 41.393676758000083, -1.823486327999944 ], [ 41.392700195000032, -1.827697753999928 ], [ 41.372070313000165, -1.846618651999961 ], [ 41.368713379000042, -1.851989745999845 ], [ 41.370910645000151, -1.853820800999927 ], [ 41.363196276, -1.865138994999882 ], [ 41.359924316, -1.864074706999929 ], [ 41.356506347999982, -1.857727050999927 ], [ 41.352722168000071, -1.856994628999871 ], [ 41.348876953000172, -1.8585815429999 ], [ 41.347290039000143, -1.861511229999905 ], [ 41.351074219000054, -1.862426757999913 ], [ 41.355285645000151, -1.86688232399996 ], [ 41.359313965000069, -1.867492675999927 ], [ 41.36267089800009, -1.865905761999898 ], [ 41.365295410000158, -1.867309569999975 ], [ 41.363525391000167, -1.872009276999904 ], [ 41.353698730000019, -1.878112792999957 ], [ 41.338073730000076, -1.893005370999958 ], [ 41.333496094, -1.898681640999939 ], [ 41.326721191000161, -1.911987304999855 ], [ 41.319091797000056, -1.913024901999904 ], [ 41.3132934570001, -1.918823241999974 ], [ 41.310913086000028, -1.924987792999957 ], [ 41.301513672, -1.9367065429999 ], [ 41.300109863000159, -1.939880370999958 ], [ 41.301330566000161, -1.943420409999874 ], [ 41.299499512000182, -1.946716308999896 ], [ 41.292480469, -1.95031738299997 ], [ 41.290283203000115, -1.954711913999972 ], [ 41.283081054999968, -1.954711913999972 ], [ 41.27947998000019, -1.956909179999968 ], [ 41.276672363000159, -1.95959472699991 ], [ 41.272521973000096, -1.969177245999902 ], [ 41.266113281000116, -1.973083495999902 ], [ 41.26007080100004, -1.979797362999932 ], [ 41.256286621000072, -1.981384276999961 ], [ 41.254882813000108, -1.963684081999872 ], [ 41.260498047, -1.956481933999953 ], [ 41.260314941000161, -1.953125 ], [ 41.256530762000125, -1.955993651999961 ], [ 41.253723145000095, -1.953002929999968 ], [ 41.253906250000057, -1.950012206999929 ], [ 41.256896973000153, -1.947998046999828 ], [ 41.260314941000161, -1.949584960999857 ], [ 41.259094238000102, -1.939819335999971 ], [ 41.253295898000147, -1.939880370999958 ], [ 41.24627685500019, -1.9375 ], [ 41.243713378999985, -1.939392089999899 ], [ 41.24047851600011, -1.934814452999944 ], [ 41.237915039000029, -1.935791015999939 ], [ 41.236694336000028, -1.939086913999972 ], [ 41.232299805000139, -1.940673827999888 ], [ 41.231506348000096, -1.944702147999976 ], [ 41.227722168000184, -1.948486327999888 ], [ 41.228088379000042, -1.952514647999976 ], [ 41.218078613000102, -1.949401854999962 ], [ 41.220520020000038, -1.945495604999962 ], [ 41.217285156000116, -1.943908690999933 ], [ 41.216491699000073, -1.940185546999942 ], [ 41.219909668000184, -1.9375 ], [ 41.223327637000125, -1.937683104999905 ], [ 41.224914551000154, -1.932983397999976 ], [ 41.230895996000072, -1.929077147999976 ], [ 41.232299805000139, -1.926208495999958 ], [ 41.230895996000072, -1.915283202999888 ], [ 41.228881836000028, -1.913024901999904 ], [ 41.224121094000111, -1.913879394999981 ], [ 41.225097656000116, -1.917297362999932 ], [ 41.21789550800014, -1.917907714999956 ], [ 41.219726563000052, -1.910278319999918 ], [ 41.217102051000154, -1.911682128999928 ], [ 41.215698242000087, -1.902099608999947 ], [ 41.207885742000087, -1.903198241999974 ], [ 41.20031738300014, -1.90930175799997 ], [ 41.20031738300014, -1.905700683999896 ], [ 41.205078125000057, -1.898803710999971 ], [ 41.201904297000169, -1.897216796999942 ], [ 41.201721191000104, -1.893920897999919 ], [ 41.197875977000081, -1.894287108999947 ], [ 41.190124512000068, -1.899291991999974 ], [ 41.183288574000073, -1.900329589999956 ], [ 41.178527832000157, -1.909912108999947 ], [ 41.174682617000087, -1.910522460999971 ], [ 41.170288085999971, -1.916015624999829 ], [ 41.162109375000171, -1.920227050999927 ], [ 41.159912109000061, -1.92492675799997 ], [ 41.155700684000067, -1.923889159999874 ], [ 41.154724121000186, -1.927185058999839 ], [ 41.151672363000102, -1.92999267599987 ], [ 41.144714355000076, -1.931884765999939 ], [ 41.14367675800014, -1.935424804999911 ], [ 41.146728516000053, -1.937622069999918 ], [ 41.135498047000112, -1.949584960999857 ], [ 41.129089355000133, -1.951599120999958 ], [ 41.127929688000165, -1.94897460899989 ], [ 41.126525879000098, -1.953613280999889 ], [ 41.123291016000053, -1.957397460999914 ], [ 41.11853027300009, -1.961120604999962 ], [ 41.114074706999986, -1.960998534999817 ], [ 41.11047363300014, -1.965087890999939 ], [ 41.107482910000044, -1.961975097999868 ], [ 41.104675293000184, -1.964172362999875 ], [ 41.102111816000047, -1.971618651999961 ], [ 41.099670410000044, -1.969116210999914 ], [ 41.097900391000053, -1.962524413999859 ], [ 41.089477538999972, -1.963928222999925 ], [ 41.088073730000133, -1.967285155999946 ], [ 41.080871582000157, -1.968322753999928 ], [ 41.077697754000098, -1.967285155999946 ], [ 41.074279784999987, -1.968994140999939 ], [ 41.068725586000085, -1.974426269999981 ], [ 41.054504395000151, -1.981872558999953 ], [ 41.052124023000033, -1.986328124999943 ], [ 41.053283691000047, -1.997192382999913 ], [ 41.063720703000115, -2.001892089999956 ], [ 41.058471680000082, -2.006408690999876 ], [ 41.054687500000114, -2.005676269999981 ], [ 41.051879883000083, -2.007202147999976 ], [ 41.052124023000033, -2.010375976999967 ], [ 41.049499512000068, -2.013793944999975 ], [ 41.042480469000054, -2.017211913999972 ], [ 41.044128418000071, -2.023803710999971 ], [ 41.036682129000098, -2.027709960999971 ], [ 41.036499023000033, -2.031921386999898 ], [ 41.029724121000129, -2.042419433999953 ], [ 41.02288818400018, -2.037902831999929 ], [ 41.0203247070001, -2.043395995999845 ], [ 41.014526367000144, -2.047790526999904 ], [ 41.010925293000071, -2.046813964999956 ], [ 41.006896972999982, -2.042297362999875 ], [ 41.009704590000069, -2.034729003999928 ], [ 41.007324219000168, -2.03100585899989 ], [ 40.99249267600004, -2.035400390999882 ], [ 40.988891602000137, -2.027587890999882 ], [ 40.988891602000137, -2.023803710999971 ], [ 40.983093262000182, -2.018615722999868 ], [ 40.983703613000159, -2.014282226999967 ], [ 40.988098145000151, -2.013122558999953 ], [ 40.9890747070001, -2.010070800999927 ], [ 40.974670410000158, -2.000305175999927 ], [ 40.971679687000062, -1.996398925999927 ], [ 40.9714965820001, -1.993408202999888 ], [ 40.977478027000188, -1.982299804999968 ], [ 40.977905273000033, -1.963012694999918 ], [ 40.979492188000108, -1.959228515999826 ], [ 40.972473145000151, -1.952209472999925 ], [ 40.9714965820001, -1.947326659999874 ], [ 40.975097656000173, -1.94561767599987 ], [ 40.975891113000159, -1.94171142599987 ], [ 40.986083984, -1.92999267599987 ], [ 40.98968505900018, -1.921997069999918 ], [ 40.997680664000143, -1.916503905999889 ], [ 41.000671387000068, -1.908081054999968 ], [ 41.010925293000071, -1.906005858999947 ], [ 41.028503418000071, -1.891296386999954 ], [ 41.032897949000187, -1.889709472999925 ], [ 41.037475586000141, -1.88061523399989 ], [ 41.032470703000172, -1.868896483999833 ], [ 41.029479980000076, -1.867004394999867 ], [ 41.024902344000054, -1.870422362999875 ], [ 41.023498535000158, -1.878417968999827 ], [ 41.012695312000062, -1.886108397999919 ], [ 41.009277344000054, -1.891723632999913 ], [ 41.003112793000071, -1.894287108999947 ], [ 40.999084473000039, -1.893493651999904 ], [ 40.9968872070001, -1.896606444999975 ], [ 40.993286133000026, -1.893310546999942 ], [ 40.983703613000159, -1.909118651999904 ], [ 40.975524902000132, -1.91320800799997 ], [ 40.971679687000062, -1.911193847999925 ], [ 40.978271484, -1.920593261999954 ], [ 40.976318359000174, -1.925415038999915 ], [ 40.973083496000129, -1.927978515999939 ], [ 40.967529297, -1.92492675799997 ], [ 40.966918945000145, -1.927978515999939 ], [ 40.95867919900013, -1.932922362999818 ], [ 40.951721191000161, -1.943115233999947 ], [ 40.953491211000085, -1.957702636999954 ], [ 40.958312988000159, -1.958496093999884 ], [ 40.960876465000069, -1.961791991999917 ], [ 40.954711914000086, -1.971191405999946 ], [ 40.954284668000071, -1.974304198999903 ], [ 40.95867919900013, -1.984313964999899 ], [ 40.947875977000137, -1.995178222999812 ], [ 40.946289063000108, -1.998718261999954 ], [ 40.933105469000168, -2.002624511999954 ], [ 40.929321289000029, -2.005798339999956 ], [ 40.928710938000108, -2.011169433999896 ], [ 40.92547607400013, -2.012207030999946 ], [ 40.921325684000124, -2.010498046999942 ], [ 40.905273438000108, -1.993286132999913 ], [ 40.897888184000124, -1.990173339999956 ], [ 40.890075684000124, -1.989318847999925 ], [ 40.892517090000183, -1.984802245999902 ], [ 40.887695313000108, -1.98608398399989 ], [ 40.886474609000174, -1.989807128999928 ], [ 40.875671387000182, -1.991210936999892 ], [ 40.868896484000118, -1.989074706999929 ], [ 40.865112305000082, -1.977905272999976 ], [ 40.869689941000161, -1.970886229999905 ], [ 40.866088867000087, -1.97131347699991 ], [ 40.865905762000125, -1.964721679999855 ], [ 40.862487793000184, -1.959106444999918 ], [ 40.859497070000089, -1.959228515999826 ], [ 40.859130859000118, -1.966796874999943 ], [ 40.856689453000058, -1.968322753999928 ], [ 40.856506348000096, -1.971191405999946 ], [ 40.84790039100011, -1.969604491999917 ], [ 40.845275878999985, -1.967285155999946 ], [ 40.847290039000029, -1.962585448999846 ], [ 40.846313477000081, -1.957824706999929 ], [ 40.84289550800014, -1.953308104999962 ], [ 40.842102051000154, -1.947875976999853 ], [ 40.836120605000133, -1.945007323999903 ], [ 40.834472656000116, -1.94171142599987 ], [ 40.831298828000058, -1.94171142599987 ], [ 40.834716797000112, -1.948120116999974 ], [ 40.836914063000052, -1.958618163999972 ], [ 40.833129883000083, -1.960021972999925 ], [ 40.829528809000067, -1.959777831999872 ], [ 40.824523926000097, -1.956176757999913 ], [ 40.814514160000044, -1.956420897999976 ], [ 40.806701660000044, -1.951599120999958 ], [ 40.802490234000118, -1.953186034999931 ], [ 40.797119141000053, -1.949890136999954 ], [ 40.797302246000186, -1.94641113299997 ], [ 40.783691406000059, -1.945007323999903 ], [ 40.780090332000157, -1.943725585999971 ], [ 40.779724121000186, -1.9406127929999 ], [ 40.775512695000032, -1.943176269999924 ], [ 40.768127441000047, -1.941101073999903 ], [ 40.766296387000068, -1.93859863299997 ], [ 40.764526366999974, -1.941528319999975 ], [ 40.76110839800009, -1.941864013999975 ], [ 40.778503418000128, -1.948181151999961 ], [ 40.784484863000046, -1.952392577999888 ], [ 40.784729004000098, -1.955810546999885 ], [ 40.787719727000194, -1.956298827999888 ], [ 40.789123534999987, -1.959716796999885 ], [ 40.794494629000155, -1.963806151999961 ], [ 40.811279297000169, -1.969299315999876 ], [ 40.806274414000029, -1.974609374999943 ], [ 40.813903809000067, -1.975280761999898 ], [ 40.823486328000058, -1.980224608999947 ], [ 40.826721191000104, -1.980590819999975 ], [ 40.830078125, -1.978576659999931 ], [ 40.835693359000118, -1.979309081999872 ], [ 40.848327637000068, -1.988098144999924 ], [ 40.846679688000052, -1.990600585999971 ], [ 40.854309082000043, -1.992370604999962 ], [ 40.863098145000095, -1.999328612999932 ], [ 40.870483398000147, -2.000488280999946 ], [ 40.872924805000082, -2.002685546999942 ], [ 40.87329101600011, -2.005615233999947 ], [ 40.869689941000161, -2.007324218999884 ], [ 40.865905762000125, -2.005981444999975 ], [ 40.858886719000168, -2.010986327999944 ], [ 40.846130371000186, -2.011596679999968 ], [ 40.838928223000096, -2.015380858999833 ], [ 40.833496094000111, -2.015319823999846 ], [ 40.829895020000038, -2.018615722999868 ], [ 40.838684082000043, -2.018493651999904 ], [ 40.841674805000139, -2.020080565999933 ], [ 40.84851074200003, -2.016723632999913 ], [ 40.856872559000124, -2.019592284999931 ], [ 40.859497070000089, -2.022399901999961 ], [ 40.862915039000029, -2.020812987999932 ], [ 40.865722656000059, -2.015319823999846 ], [ 40.870117187000119, -2.013610839999842 ], [ 40.874511719000111, -2.015014647999976 ], [ 40.878112793000184, -2.018310546999942 ], [ 40.882690430000139, -2.017822265999939 ], [ 40.886474609000174, -2.015319823999846 ], [ 40.889526367000087, -2.015625 ], [ 40.89227294900013, -2.011291503999871 ], [ 40.897705078000058, -2.010620116999917 ], [ 40.902893066000161, -2.0167846679999 ], [ 40.900329590000126, -2.028808593999827 ], [ 40.900878906000116, -2.044128417999957 ], [ 40.899108887000125, -2.046875 ], [ 40.885681152000132, -2.036010741999917 ], [ 40.881896973000096, -2.035217284999931 ], [ 40.882690430000139, -2.041992186999948 ], [ 40.879272461000028, -2.041809081999816 ], [ 40.874328613000102, -2.046691894999981 ], [ 40.889282227000137, -2.051513671999942 ], [ 40.893493652000132, -2.059020995999902 ], [ 40.891906738000102, -2.062622069999975 ], [ 40.885070800999983, -2.056213378999871 ], [ 40.880493164000029, -2.056213378999871 ], [ 40.873718262000125, -2.065124511999898 ], [ 40.854309082000043, -2.071105956999929 ], [ 40.856079102000081, -2.073425292999957 ], [ 40.867492676000154, -2.072998046999885 ], [ 40.869689941000161, -2.076721190999933 ], [ 40.872680664000086, -2.07257080099987 ], [ 40.883300781000116, -2.064208983999833 ], [ 40.885070800999983, -2.065979003999928 ], [ 40.883483887000125, -2.070678710999914 ], [ 40.877075195000145, -2.074401854999962 ], [ 40.879516602000081, -2.077087401999847 ], [ 40.883117676000154, -2.076904296999885 ], [ 40.888671875000057, -2.072387694999918 ], [ 40.893310547000169, -2.073181151999961 ], [ 40.896911621000072, -2.071899413999915 ], [ 40.899475098000153, -2.073486327999944 ], [ 40.898315430000139, -2.082214354999962 ], [ 40.904296875000057, -2.079223632999856 ], [ 40.911682129000042, -2.091186522999976 ], [ 40.910888672, -2.12951660199991 ], [ 40.912719727000081, -2.143493651999961 ], [ 40.916870117000144, -2.149902343999884 ], [ 40.916076660000101, -2.157226561999892 ], [ 40.918090820000145, -2.160400390999939 ], [ 40.915893555000139, -2.184509276999961 ], [ 40.920288086000028, -2.213378905999889 ], [ 40.926330566000161, -2.221313476999967 ], [ 40.923095703000115, -2.22241210899989 ], [ 40.918884277000132, -2.221008300999927 ], [ 40.90447998000019, -2.213317870999902 ], [ 40.901489258000026, -2.210510253999871 ], [ 40.902282715000183, -2.203186034999931 ], [ 40.898925781000059, -2.200500487999875 ], [ 40.895324707000043, -2.202697753999871 ], [ 40.891296387000125, -2.200927733999947 ], [ 40.887695313000108, -2.203613280999946 ], [ 40.885681152000132, -2.2003784179999 ], [ 40.887878418000071, -2.198120116999917 ], [ 40.888488770000095, -2.189880370999845 ], [ 40.886291504000042, -2.187622069999975 ], [ 40.882690430000139, -2.188476561999948 ], [ 40.882507324000073, -2.195129394999924 ], [ 40.872070313000108, -2.199890136999898 ], [ 40.869689941000161, -2.202392577999944 ], [ 40.874084473000153, -2.2042846679999 ], [ 40.878295898000147, -2.203918456999872 ], [ 40.879516602000081, -2.213317870999902 ], [ 40.860107422000169, -2.213012694999975 ], [ 40.878112793000184, -2.222290038999915 ], [ 40.870910645000095, -2.225891112999818 ], [ 40.867675781000116, -2.224975585999914 ], [ 40.866699219000111, -2.228027343999884 ], [ 40.861083984000118, -2.232910155999946 ], [ 40.868103027000132, -2.234313964999956 ], [ 40.858703613000102, -2.237182616999974 ], [ 40.852111816000104, -2.234008788999915 ], [ 40.831115723000096, -2.243408202999944 ], [ 40.840270996000072, -2.232299804999911 ], [ 40.828918457000157, -2.22821044899996 ], [ 40.824890137000125, -2.229980468999941 ], [ 40.816711426000097, -2.230285644999981 ], [ 40.804077148000147, -2.237609862999875 ], [ 40.801330566000047, -2.237609862999875 ], [ 40.800109863000046, -2.233520507999913 ], [ 40.796508788999972, -2.233520507999913 ], [ 40.793090820000089, -2.235778808999896 ], [ 40.791320801000097, -2.240112304999911 ], [ 40.795715332000157, -2.240112304999911 ], [ 40.79968261700003, -2.246215819999975 ], [ 40.783874512000125, -2.26141357399996 ], [ 40.780700684000067, -2.260314940999933 ], [ 40.780517578000172, -2.252197265999826 ], [ 40.778320312000119, -2.247619628999871 ], [ 40.775695801000097, -2.247497558999896 ], [ 40.775695801000097, -2.251403808999896 ], [ 40.772521973000039, -2.250793456999929 ], [ 40.770080566000104, -2.242187499999943 ], [ 40.767883301000097, -2.245910644999981 ], [ 40.764709473000039, -2.247680663999972 ], [ 40.765075684000067, -2.251892089999956 ], [ 40.762084961000141, -2.255310058999896 ], [ 40.75329589800009, -2.252075194999918 ], [ 40.752319336000085, -2.248474120999958 ], [ 40.749694824000187, -2.248901366999974 ], [ 40.74749755900001, -2.231872558999896 ], [ 40.745727539000143, -2.234619140999882 ], [ 40.746276855000133, -2.245117187999938 ], [ 40.742919922000112, -2.245117187999938 ], [ 40.736083984000061, -2.239685058999896 ], [ 40.731872559000067, -2.239196776999904 ], [ 40.729309082000157, -2.232482909999874 ], [ 40.730285645000038, -2.226684569999918 ], [ 40.728088379000098, -2.225708007999856 ], [ 40.726501465000069, -2.229125976999967 ], [ 40.719116211000085, -2.219177245999958 ], [ 40.715270996000186, -2.218017577999944 ], [ 40.726501465000069, -2.238403319999975 ], [ 40.727478027000075, -2.242980956999929 ], [ 40.726318359000061, -2.251708983999947 ], [ 40.723327637000011, -2.25109863299997 ], [ 40.721130371000129, -2.255920409999931 ], [ 40.71710205100004, -2.259094237999932 ], [ 40.704101563000165, -2.258422851999967 ], [ 40.705505371000129, -2.262084960999914 ], [ 40.708496094000054, -2.264099120999958 ], [ 40.715270996000186, -2.262390136999954 ], [ 40.721313477000194, -2.263305663999915 ], [ 40.723876953000172, -2.267211913999915 ], [ 40.728088379000098, -2.26672363299997 ], [ 40.735290527000075, -2.25891113299997 ], [ 40.739501953000172, -2.26788330099987 ], [ 40.736083984000061, -2.273193358999947 ], [ 40.730712891, -2.277221679999911 ], [ 40.727111816000047, -2.275207519999981 ], [ 40.722290039000143, -2.278381347999925 ], [ 40.716918945000032, -2.277709960999914 ], [ 40.713317871000129, -2.272521972999925 ], [ 40.707702637000068, -2.274719237999818 ], [ 40.71228027300009, -2.285583495999958 ], [ 40.705505371000129, -2.282287597999925 ], [ 40.701904297000056, -2.283325194999975 ], [ 40.695922852000137, -2.289184569999861 ], [ 40.691284180000025, -2.2902221679999 ], [ 40.694702148000033, -2.293029784999874 ], [ 40.705078125000114, -2.295715331999929 ], [ 40.706298828000172, -2.299011229999962 ], [ 40.703125000000114, -2.306823729999962 ], [ 40.706909180000025, -2.309997558999953 ], [ 40.7117309570001, -2.307495116999917 ], [ 40.713317871000129, -2.309875487999875 ], [ 40.724304199000187, -2.312194823999903 ], [ 40.72790527300009, -2.311828612999932 ], [ 40.725891113000046, -2.308715819999918 ], [ 40.728088379000098, -2.306274413999972 ], [ 40.738891602000194, -2.312011718999941 ], [ 40.759521484000061, -2.318908690999876 ], [ 40.760070801000097, -2.330078124999886 ], [ 40.766113281, -2.344726561999892 ], [ 40.764709473000039, -2.348083495999902 ], [ 40.766113281, -2.351501464999842 ], [ 40.771911621000186, -2.351196288999972 ], [ 40.77429199200003, -2.354309081999872 ], [ 40.772277831999986, -2.358825683999953 ], [ 40.774475098000096, -2.361877440999933 ], [ 40.777526855000076, -2.359680175999927 ], [ 40.778930664000143, -2.366027831999872 ], [ 40.775329590000069, -2.369812011999898 ], [ 40.768493652000075, -2.372009276999961 ], [ 40.769897461000141, -2.376098632999913 ], [ 40.778503418000128, -2.375915526999961 ], [ 40.770690918000128, -2.380187987999875 ], [ 40.769287109000061, -2.382690429999911 ], [ 40.77087402300009, -2.385925292999957 ], [ 40.772521973000039, -2.382690429999911 ], [ 40.775878906000059, -2.384826659999931 ], [ 40.780090332000157, -2.383605956999816 ], [ 40.788513184000067, -2.371215819999975 ], [ 40.789489746000186, -2.362609862999932 ], [ 40.791687012000125, -2.360778808999953 ], [ 40.789489746000186, -2.346984862999875 ], [ 40.791076660000044, -2.344421386999954 ], [ 40.79431152300009, -2.344116210999914 ], [ 40.797302246000186, -2.345825194999918 ], [ 40.806518555000082, -2.355285644999867 ], [ 40.817321777000075, -2.357421874999943 ], [ 40.821289062000119, -2.361511229999905 ], [ 40.824890137000125, -2.371582030999889 ], [ 40.824523926000097, -2.388610839999956 ], [ 40.821105956999986, -2.393005370999902 ], [ 40.811889648000147, -2.398620604999905 ], [ 40.780517578000172, -2.424682616999974 ], [ 40.771484375000171, -2.4375 ], [ 40.770324707000157, -2.44891357399996 ], [ 40.767517090000069, -2.451477050999813 ], [ 40.750671387000068, -2.450195311999892 ], [ 40.747070312000119, -2.452697753999928 ], [ 40.739929199000187, -2.453796386999954 ], [ 40.704600762000155, -2.474736492999966 ], [ 40.678796185000181, -2.49434475299995 ], [ 40.641966992000164, -2.536404603999927 ], [ 40.608360018000042, -2.558385099999953 ], [ 40.598367163000034, -2.556448990999911 ], [ 40.594022651000103, -2.553553447999946 ], [ 40.572986858000149, -2.549376884999958 ], [ 40.557709818000035, -2.538833841999917 ], [ 40.551833711000086, -2.538458725999874 ], [ 40.538545410000097, -2.533902856999873 ], [ 40.52402488700011, -2.526251762999891 ], [ 40.522981445000084, -2.524045310999952 ], [ 40.521301671, -2.524705203999929 ], [ 40.513779698000178, -2.52095945699989 ], [ 40.512677598000096, -2.521662732999914 ], [ 40.513688264000052, -2.523815245999913 ], [ 40.521752745000015, -2.528999554999871 ], [ 40.518857335000121, -2.530422877999968 ], [ 40.489293666000151, -2.532019925999975 ], [ 40.449172416000124, -2.541565637999895 ], [ 40.389949821000187, -2.566061883999907 ], [ 40.369725859000027, -2.575887003999981 ], [ 40.352818200000058, -2.586355 ], [ 40.343704802000047, -2.587688321999963 ], [ 40.339938877000122, -2.593106715999852 ], [ 40.30086829600009, -2.618865144999916 ], [ 40.268745116, -2.644894855999894 ], [ 40.263332043000048, -2.646490477999919 ], [ 40.261369127000194, -2.65169280799995 ], [ 40.22726496700011, -2.687410653999962 ], [ 40.196881918000031, -2.733268224999904 ], [ 40.192837434000069, -2.734231264999949 ], [ 40.187240285000144, -2.73127588299991 ], [ 40.186456914000075, -2.726765108999928 ], [ 40.181712338000068, -2.720703390999915 ], [ 40.185150204000138, -2.727166005999948 ], [ 40.186599484000112, -2.737203079999972 ], [ 40.187466511000025, -2.7344145859999 ], [ 40.188578854000127, -2.734828122999943 ], [ 40.193725613000083, -2.738146436999955 ], [ 40.194794196000146, -2.741789829999959 ], [ 40.190563492000194, -2.749994458999879 ], [ 40.185288180000157, -2.766858455999966 ], [ 40.181959250000091, -2.770726735999972 ], [ 40.184386271000051, -2.771325960999889 ], [ 40.184204619000127, -2.773917520999817 ], [ 40.186198160000117, -2.773831670999925 ], [ 40.186985404999973, -2.77590786199994 ], [ 40.183622455000091, -2.799189738999814 ], [ 40.186019031000171, -2.803230912999936 ], [ 40.184981723000135, -2.816765238999892 ], [ 40.179742322000152, -2.837704591999852 ], [ 40.171189382000136, -2.856895993999956 ], [ 40.172327874000018, -2.863487673999941 ], [ 40.169836913999973, -2.867109256999925 ], [ 40.172185963000118, -2.871745147999945 ], [ 40.170048566000105, -2.877231378999966 ], [ 40.172054238000158, -2.87877303099998 ], [ 40.173615876000042, -2.884901097999943 ], [ 40.170925723000096, -2.894891537999911 ], [ 40.171478374000117, -2.898397833999979 ], [ 40.166588766000189, -2.910845722999966 ], [ 40.163982845000135, -2.923646441999949 ], [ 40.164792055000134, -2.947925972999883 ], [ 40.166663365000034, -2.951246091999963 ], [ 40.169664868000154, -2.951699003999977 ], [ 40.171838751000166, -2.954263370999968 ], [ 40.189998141000046, -2.984287792999964 ], [ 40.197155324999983, -2.983340393999868 ], [ 40.199329978000094, -2.988486965999925 ], [ 40.206314097000188, -2.991356149999831 ], [ 40.212551024000106, -2.991231472999971 ], [ 40.227156649000051, -2.981676675999893 ], [ 40.229463345000113, -2.977651640999852 ], [ 40.237921431000075, -2.975823644999934 ], [ 40.23939324100013, -2.977865642999973 ], [ 40.239971483000033, -2.986182607999979 ], [ 40.236693707000086, -2.993376545999922 ], [ 40.231730151000079, -2.990386659999899 ], [ 40.221007368000073, -3.000349941999957 ], [ 40.209493173000169, -3.002650308999932 ], [ 40.201114641000061, -3.008749597999952 ], [ 40.196136477000096, -3.017396472999962 ], [ 40.195545176999985, -3.027983141999869 ], [ 40.181320959000118, -3.033485378999956 ], [ 40.172080977000121, -3.04343090999987 ], [ 40.169421758999988, -3.053110291999872 ], [ 40.170219415000133, -3.057455409999932 ], [ 40.173697139000069, -3.062415133999878 ], [ 40.173746738000034, -3.068839284999854 ], [ 40.164384368000015, -3.073656495999899 ], [ 40.156683907000172, -3.08148808999988 ], [ 40.155475403000025, -3.087385850999965 ], [ 40.158978962000106, -3.095997456999839 ], [ 40.163086576000126, -3.123963248999928 ], [ 40.16284866500007, -3.13089872899991 ], [ 40.149975370000107, -3.149863503999939 ], [ 40.141854774000024, -3.166618519999815 ], [ 40.140457046000051, -3.166150812999945 ], [ 40.139733493000108, -3.168911173999959 ], [ 40.126255993000029, -3.185663503999876 ], [ 40.120311743000059, -3.200175761999901 ], [ 40.120921755000097, -3.208267974999956 ], [ 40.125213936000193, -3.21444938999997 ], [ 40.126432424000143, -3.220878097999957 ], [ 40.128759862000152, -3.221700087999864 ], [ 40.125830955000026, -3.245635973999867 ], [ 40.132170564000091, -3.25301174699996 ], [ 40.129938656000149, -3.261906825999972 ], [ 40.12332154000012, -3.270851347999951 ], [ 40.124875394000071, -3.276862434999941 ], [ 40.119209269000123, -3.288716389999934 ], [ 40.106487084999969, -3.29994636899994 ], [ 40.086812020000025, -3.312314984999887 ], [ 40.073656075000144, -3.317267890999972 ], [ 40.05385493000017, -3.334062070999892 ], [ 40.04017734200005, -3.340054134999889 ], [ 40.036540739000145, -3.343516720999958 ], [ 40.037071700000126, -3.345558119999851 ], [ 40.033299450000129, -3.346212376999972 ], [ 40.027657048000094, -3.351496582999971 ], [ 40.024500268000168, -3.349925475999896 ], [ 40.025316863000171, -3.351961764999885 ], [ 40.016568661000179, -3.358105796999951 ], [ 40.014573571000142, -3.355221488999973 ], [ 40.014099896000118, -3.35946804799994 ], [ 40.011446969000076, -3.360933921999901 ], [ 40.010848050000163, -3.358771061999903 ], [ 40.004343796000057, -3.362393391999944 ], [ 39.975092192000091, -3.386676676999912 ], [ 39.971373244, -3.387221708999903 ], [ 39.968646524000178, -3.38498650299988 ], [ 39.970489519000182, -3.374985476999939 ], [ 39.981435139000041, -3.366493759999969 ], [ 39.986144055000125, -3.368411134999974 ], [ 39.989330255000141, -3.365922437999927 ], [ 39.992013538000037, -3.36848404899996 ], [ 39.996818659000155, -3.364108869999882 ], [ 39.995260456000096, -3.362051375999897 ], [ 39.99178904300004, -3.364687838999828 ], [ 39.98960089100018, -3.36311914099997 ], [ 39.991664543000184, -3.357999128999893 ], [ 39.98909202700014, -3.354929867999886 ], [ 39.992251251000084, -3.350093860999948 ], [ 39.988725684000144, -3.340553558999943 ], [ 39.98419443500012, -3.335370299999965 ], [ 39.982847660000118, -3.33115147999996 ], [ 39.987820033000048, -3.322765247999939 ], [ 39.994643424, -3.318033464999928 ], [ 39.995827449000046, -3.313241675999905 ], [ 39.989566140000193, -3.313666680999916 ], [ 39.988537028000167, -3.314203103999887 ], [ 39.989648232000093, -3.317004797999971 ], [ 39.985002501000167, -3.318647503999898 ], [ 39.972711102000062, -3.31929527799997 ], [ 39.950697070000103, -3.328977497999915 ], [ 39.948520477000045, -3.335686444999908 ], [ 39.954712633000042, -3.340090175999933 ], [ 39.953639126000155, -3.343814424999891 ], [ 39.946117914000126, -3.348303984999916 ], [ 39.946144575000062, -3.346491589999971 ], [ 39.944319152000105, -3.345655185999874 ], [ 39.940177546000086, -3.345331141999964 ], [ 39.937304016000041, -3.347258136999926 ], [ 39.937097119000043, -3.360643556999946 ], [ 39.939556561000131, -3.36559538299997 ], [ 39.933687676000147, -3.369973935999951 ], [ 39.935892798000168, -3.373369557999979 ], [ 39.941147087000104, -3.371818998999913 ], [ 39.943394893000118, -3.374442462999923 ], [ 39.934806849000097, -3.388069631999883 ], [ 39.937717709000083, -3.386732905999963 ], [ 39.944148743000142, -3.377799527999969 ], [ 39.946888196000089, -3.377333589999978 ], [ 39.951507606000177, -3.384655755999972 ], [ 39.965229927000053, -3.388970317999906 ], [ 39.96455607300004, -3.398890206999909 ], [ 39.968096179000042, -3.401926855999818 ], [ 39.960184566000123, -3.416695279999885 ], [ 39.953685197000141, -3.435343665999937 ], [ 39.94135053399998, -3.457889285999897 ], [ 39.931512937000036, -3.482158421999941 ], [ 39.925678911000148, -3.490785702999972 ], [ 39.924208995000015, -3.495696112999894 ], [ 39.924926506000133, -3.500363454999899 ], [ 39.901147649000109, -3.567024527999877 ], [ 39.869924415000185, -3.631901931999948 ], [ 39.865155183000127, -3.635518712999897 ], [ 39.857117683000183, -3.635176069999886 ], [ 39.851411416000076, -3.632152565999945 ], [ 39.845097119000172, -3.632451586999878 ], [ 39.840302507000104, -3.625077636999947 ], [ 39.834193953000067, -3.621850135999978 ], [ 39.829864605000125, -3.621456096999964 ], [ 39.829346515000111, -3.618242873999918 ], [ 39.827069848000122, -3.617716537999911 ], [ 39.822803950000093, -3.608878266999966 ], [ 39.81580595600019, -3.60488485299993 ], [ 39.799130535000074, -3.603753542999925 ], [ 39.789724684000134, -3.605985793999878 ], [ 39.786619486000063, -3.609620658999916 ], [ 39.781645621000166, -3.610324978999927 ], [ 39.77883389100009, -3.605831366999894 ], [ 39.777709765000111, -3.594768742999861 ], [ 39.782999798000048, -3.58459242999993 ], [ 39.781655970000088, -3.581426818999944 ], [ 39.776554631000124, -3.582509608999942 ], [ 39.779313114, -3.586317169999916 ], [ 39.778424624000024, -3.589336942999921 ], [ 39.770125503000031, -3.587955378999936 ], [ 39.773654069000145, -3.591624795999962 ], [ 39.773200121000059, -3.597117382999954 ], [ 39.776057740000113, -3.60057462799989 ], [ 39.780123559000174, -3.610898430999953 ], [ 39.789600951000068, -3.613216023999939 ], [ 39.804042695000078, -3.612330864999876 ], [ 39.805722592000052, -3.618460619999837 ], [ 39.810308925000186, -3.622087130999944 ], [ 39.810310648000041, -3.629510460999882 ], [ 39.806585545000132, -3.625153778999959 ], [ 39.794232573000158, -3.627830672999892 ], [ 39.791268161000175, -3.621030968999946 ], [ 39.785902317000136, -3.620749873999955 ], [ 39.788479433000191, -3.625313203999895 ], [ 39.790844773000174, -3.626116979999949 ], [ 39.790795442000046, -3.629275007999979 ], [ 39.79323962300009, -3.631241391999936 ], [ 39.797336104000181, -3.640211009999916 ], [ 39.800931944000126, -3.639726956999937 ], [ 39.810478344000103, -3.646054964999848 ], [ 39.819165755000085, -3.64571707999994 ], [ 39.827286855000182, -3.633970475999888 ], [ 39.829705524000019, -3.636290927999937 ], [ 39.83817764700018, -3.629747725999891 ], [ 39.838914486000135, -3.632372535999934 ], [ 39.843110746000036, -3.63549253799988 ], [ 39.850560363000113, -3.634616893999976 ], [ 39.861457103000191, -3.639410319999854 ], [ 39.867352219000168, -3.653326596999932 ], [ 39.868437254000185, -3.665440432999958 ], [ 39.8656215580001, -3.674676706999946 ], [ 39.860037755000178, -3.677671338999914 ], [ 39.855605613000137, -3.676505719999966 ], [ 39.854461658000048, -3.678434669999945 ], [ 39.845176436000088, -3.676498580999976 ], [ 39.839982389000113, -3.673742371999936 ], [ 39.839111188000061, -3.67815547899994 ], [ 39.835462682000127, -3.681732601999954 ], [ 39.835730787000045, -3.682739566999885 ], [ 39.838849450000055, -3.681525589999978 ], [ 39.84040879000014, -3.675273159999904 ], [ 39.854282180000098, -3.68021994399993 ], [ 39.857215716000042, -3.67714024199995 ], [ 39.860104382000088, -3.678444186999911 ], [ 39.864579671000115, -3.67677856499995 ], [ 39.867742450000037, -3.679148507999855 ], [ 39.869508009000015, -3.697251446999871 ], [ 39.863507689000073, -3.709480516999974 ], [ 39.86089555000018, -3.711623390999932 ], [ 39.861516828999981, -3.717676738999955 ], [ 39.856913182000028, -3.725095220999833 ], [ 39.854434126000058, -3.738099653999882 ], [ 39.848714241000152, -3.748844958999882 ], [ 39.84371873200007, -3.763437173999932 ], [ 39.842536027000165, -3.774590272999944 ], [ 39.839908705000028, -3.778567146999933 ], [ 39.836125758000094, -3.794501601999912 ], [ 39.829743796000173, -3.808134367999912 ], [ 39.828098468000121, -3.823622455999953 ], [ 39.809227935000081, -3.864679836999869 ], [ 39.787797320000152, -3.904026603999966 ], [ 39.777632262000054, -3.933013595999967 ], [ 39.770503399, -3.944649712999933 ], [ 39.764564262000022, -3.950942775999977 ], [ 39.758284073000084, -3.950913089999915 ], [ 39.75192351000004, -3.955855493999934 ], [ 39.742202111000154, -3.952989517999868 ], [ 39.735701423000137, -3.947423479999941 ], [ 39.729102386000079, -3.951442865999979 ], [ 39.713574816000175, -3.948858771999937 ], [ 39.708183975999987, -3.942367601999933 ], [ 39.707912493000038, -3.933048045999954 ], [ 39.706651775000182, -3.931316196999944 ], [ 39.705510822000178, -3.934072801999946 ], [ 39.703856620000067, -3.933860554999967 ], [ 39.702141506000089, -3.924872218999838 ], [ 39.699959539000133, -3.924031476999971 ], [ 39.703442120000091, -3.921064127999955 ], [ 39.704292540000097, -3.917045378999887 ], [ 39.709600321000039, -3.912181760999829 ], [ 39.714927141000089, -3.903909168999974 ], [ 39.717166376000193, -3.893761877999964 ], [ 39.716208032000111, -3.893108001999963 ], [ 39.714057847000106, -3.898623591999979 ], [ 39.711866627000177, -3.89741799899997 ], [ 39.709109927000156, -3.898547451999946 ], [ 39.709328906000053, -3.909701409999968 ], [ 39.702279384000121, -3.909452474999966 ], [ 39.697310962000074, -3.916385316999822 ], [ 39.694439191000072, -3.913779568999871 ], [ 39.692996444000187, -3.906387773999938 ], [ 39.691256630999987, -3.905448130999901 ], [ 39.692508150000094, -3.911294252999937 ], [ 39.690784815000029, -3.914129111999898 ], [ 39.690065958000162, -3.918996104999906 ], [ 39.691588596000031, -3.920200544999943 ], [ 39.69027002100006, -3.923384523999914 ], [ 39.694091797000112, -3.92297363299997 ], [ 39.697204590000183, -3.924987792999957 ], [ 39.695800781000116, -3.930694579999908 ], [ 39.693481445000032, -3.93225097699991 ], [ 39.696014404000096, -3.933197020999955 ], [ 39.699890137000068, -3.944396972999812 ], [ 39.707702637000068, -3.94702148399989 ], [ 39.706481934000067, -3.948303222999812 ], [ 39.702011108000136, -3.947677611999893 ], [ 39.702087402000075, -3.949401854999849 ], [ 39.698913574000187, -3.9503784179999 ], [ 39.696472168000128, -3.948120116999917 ], [ 39.691284180000082, -3.949096679999911 ], [ 39.70144653300008, -3.952194213999974 ], [ 39.704284668000128, -3.94891357399996 ], [ 39.708236694000107, -3.951878865999959 ], [ 39.710067749000189, -3.948638915999936 ], [ 39.715087891000053, -3.952239989999953 ], [ 39.726928711000085, -3.954101562999938 ], [ 39.732086182000046, -3.952850341999977 ], [ 39.735900879000155, -3.949371337999878 ], [ 39.744293213000162, -3.955413817999897 ], [ 39.752502441000104, -3.957519530999946 ], [ 39.758117676000097, -3.95672607399996 ], [ 39.762252808000085, -3.959106444999975 ], [ 39.761474609000118, -3.961181640999826 ], [ 39.753692627000135, -3.966674804999855 ], [ 39.748718262000068, -3.975219726999967 ], [ 39.732482910000044, -3.994384765999939 ], [ 39.731201172000056, -3.996582030999832 ], [ 39.732208252000021, -4.001800536999951 ], [ 39.727294922000112, -4.005310058999896 ], [ 39.726125397000089, -4.008293268999978 ], [ 39.726874120000105, -4.01286275599989 ], [ 39.730309556000179, -4.015797445999965 ], [ 39.729877820000127, -4.018429449999871 ], [ 39.727892939000128, -4.02124994199994 ], [ 39.723566879000145, -4.023159405999877 ], [ 39.702900528000043, -4.055152594999925 ], [ 39.693729784000084, -4.061069594999935 ], [ 39.684399068000062, -4.061135763999971 ], [ 39.68283727700009, -4.058799648999923 ], [ 39.683103968000182, -4.055468489999839 ], [ 39.680549309000128, -4.052926469999932 ], [ 39.680999756000176, -4.041992187999824 ], [ 39.678710937000062, -4.040588378999928 ], [ 39.674194336000028, -4.041198729999962 ], [ 39.672821044999978, -4.039672851999967 ], [ 39.67596435500019, -4.037673949999942 ], [ 39.677124023000033, -4.033142089999956 ], [ 39.676086426000097, -4.029174804999968 ], [ 39.671203613000102, -4.029724120999958 ], [ 39.669921875000114, -4.023376464999899 ], [ 39.67468261700003, -4.021301269999981 ], [ 39.674545288000104, -4.017868041999975 ], [ 39.673583984000174, -4.017303466999977 ], [ 39.673187256000176, -4.020538329999908 ], [ 39.669921875000114, -4.020019530999889 ], [ 39.666076659999987, -4.022216796999885 ], [ 39.661193848000096, -4.019195556999932 ], [ 39.660186768000131, -4.01144409199992 ], [ 39.666442871000186, -4.010116576999962 ], [ 39.6707153320001, -4.004150390999939 ], [ 39.670013428000118, -4.000793456999929 ], [ 39.665283203000172, -3.99719238299997 ], [ 39.664260864000028, -3.992874145999906 ], [ 39.668884277000075, -3.989135741999917 ], [ 39.665985107000154, -3.98464965799991 ], [ 39.666152954000097, -3.978530883999838 ], [ 39.663879395000038, -3.980529784999931 ], [ 39.663299560999974, -3.976501464999956 ], [ 39.660629272000108, -3.976669311999899 ], [ 39.6588287350001, -3.97354125999982 ], [ 39.659210205000022, -3.969604491999974 ], [ 39.662292480000076, -3.964538573999846 ], [ 39.658081055000025, -3.961791991999974 ], [ 39.661682129000098, -3.953491210999971 ], [ 39.659042358000079, -3.952850341999977 ], [ 39.656046549000109, -3.956970214999956 ], [ 39.653320312000062, -3.957214354999905 ], [ 39.651672363000046, -3.956481933999896 ], [ 39.651123047000056, -3.953491210999971 ], [ 39.646172575000094, -3.950586993999934 ], [ 39.645796941000071, -3.952628834999928 ], [ 39.649166101000162, -3.956693526999914 ], [ 39.648681641000053, -3.96008300799997 ], [ 39.654205322000109, -3.959899901999904 ], [ 39.656005859000118, -3.961486815999933 ], [ 39.655517578000115, -3.973693847999925 ], [ 39.662292480000076, -3.989807128999871 ], [ 39.659790039000029, -3.993682860999854 ], [ 39.657379150000168, -3.990356444999975 ], [ 39.648101806999989, -3.986297606999926 ], [ 39.647659302000079, -3.978973388999918 ], [ 39.645202637000125, -3.977050780999946 ], [ 39.641510010000047, -3.976959228999931 ], [ 39.639099121000129, -3.975158690999876 ], [ 39.634094237999989, -3.980377196999939 ], [ 39.628723145000151, -3.982177733999947 ], [ 39.616699219000054, -3.975891112999932 ], [ 39.614318848000153, -3.96789550799997 ], [ 39.619140625000057, -3.959177652999927 ], [ 39.616912842000033, -3.959289550999927 ], [ 39.615112305000025, -3.963378905999889 ], [ 39.612792969000111, -3.964172362999932 ], [ 39.609985352000081, -3.961395263999918 ], [ 39.606953939000164, -3.963236490999918 ], [ 39.607028413000137, -3.959225932999914 ], [ 39.604759239000145, -3.959474148999959 ], [ 39.603806648999978, -3.964629837999951 ], [ 39.608540838000124, -3.966182106999952 ], [ 39.607320799000149, -3.968942557999981 ], [ 39.608626763000188, -3.978088953999929 ], [ 39.602446238000141, -3.980741777999981 ], [ 39.599896460000025, -3.984074 ], [ 39.592082484000116, -3.987092616999917 ], [ 39.591474984000115, -3.989890589999959 ], [ 39.597055007000051, -3.987685680999959 ], [ 39.598112462000017, -3.985049278999952 ], [ 39.601151557000037, -3.985901877999879 ], [ 39.604711913000131, -3.981487544999936 ], [ 39.608807571000057, -3.982690299999888 ], [ 39.611453929000163, -3.980528301999811 ], [ 39.616424031000179, -3.988260615999934 ], [ 39.623593044000131, -3.990719025999852 ], [ 39.624771031000137, -3.992726242999936 ], [ 39.62798813600017, -3.989126781999914 ], [ 39.635954485000184, -3.989766510999971 ], [ 39.637789790000056, -3.993932326999868 ], [ 39.635447902000124, -3.997635775999868 ], [ 39.637421946000188, -4.009709212999894 ], [ 39.640462457000126, -4.01441307399989 ], [ 39.64071412300018, -4.025036543999875 ], [ 39.642654980000088, -4.024938600999917 ], [ 39.644382620000044, -4.027404457999864 ], [ 39.65008174500008, -4.026829050999936 ], [ 39.64965966900013, -4.030542255999876 ], [ 39.64630462000008, -4.034765672999924 ], [ 39.642108184000165, -4.030490950999877 ], [ 39.636626638000109, -4.031632115999969 ], [ 39.635654262000116, -4.034026946999973 ] ] ], [ [ [ 41.09710693400001, -2.053405761999898 ], [ 41.103515625000114, -2.052673339999956 ], [ 41.109313965000069, -2.059204101999967 ], [ 41.119506836000141, -2.058593749999829 ], [ 41.137512207000157, -2.073791503999814 ], [ 41.140686035000044, -2.071899413999915 ], [ 41.138671875000171, -2.068725585999971 ], [ 41.138671875000171, -2.065185546999885 ], [ 41.145874023000147, -2.069824218999941 ], [ 41.159729004000098, -2.07391357399996 ], [ 41.163085937000119, -2.079711913999915 ], [ 41.157287598000096, -2.092224120999845 ], [ 41.150878906000059, -2.097106933999896 ], [ 41.150085449000073, -2.092712401999904 ], [ 41.144714355000076, -2.096618651999904 ], [ 41.139892578, -2.095886229999962 ], [ 41.137695312000119, -2.086791991999974 ], [ 41.130920409999987, -2.082580565999876 ], [ 41.115478516000053, -2.080200194999918 ], [ 41.112304687000119, -2.080322265999882 ], [ 41.108886719000111, -2.0831909179999 ], [ 41.106506348000039, -2.087585448999903 ], [ 41.094482422000112, -2.099670409999931 ], [ 41.097900391000053, -2.103515624999943 ], [ 41.105895996000186, -2.107910155999889 ], [ 41.105529785000158, -2.111206054999855 ], [ 41.107910156, -2.113403319999918 ], [ 41.105712891000053, -2.124206542999843 ], [ 41.111083984000061, -2.128906249999943 ], [ 41.113098145000038, -2.132995604999905 ], [ 41.107910156, -2.138488769999924 ], [ 41.093322754000098, -2.140197753999928 ], [ 41.08728027300009, -2.136596679999968 ], [ 41.088073730000133, -2.133178710999971 ], [ 41.084716797000112, -2.1320190429999 ], [ 41.083312988000046, -2.12921142599987 ], [ 41.084716797000112, -2.119506835999914 ], [ 41.079711914000143, -2.114990233999947 ], [ 41.076110840000069, -2.11492919899996 ], [ 41.076110840000069, -2.118408202999944 ], [ 41.079101563000165, -2.120300292999957 ], [ 41.07171630900018, -2.123413085999914 ], [ 41.069274902000075, -2.126586913999972 ], [ 41.073303223000039, -2.127197265999939 ], [ 41.074890137000068, -2.129699706999872 ], [ 41.056518555000025, -2.136596679999968 ], [ 41.051879883000083, -2.134216308999896 ], [ 41.056701660000158, -2.122619628999814 ], [ 41.053283691000047, -2.12170410199991 ], [ 41.052124023000033, -2.111572265999939 ], [ 41.039489746000129, -2.110900878999928 ], [ 41.031494141, -2.113403319999918 ], [ 41.026672363000046, -2.119873046999942 ], [ 41.022521973000153, -2.122497558999839 ], [ 41.014709472999982, -2.12561035199991 ], [ 41.009704590000069, -2.125793456999872 ], [ 41.006713867000144, -2.129028319999918 ], [ 41.01507568400018, -2.135070800999927 ], [ 41.014892578000115, -2.138977050999927 ], [ 41.008300781000173, -2.140808104999962 ], [ 41.000671387000068, -2.140625 ], [ 40.995727539000086, -2.139526366999974 ], [ 40.99249267600004, -2.13647460899989 ], [ 40.985107422000056, -2.133483886999954 ], [ 40.983276367000144, -2.120178222999868 ], [ 40.969909668000071, -2.116088866999917 ], [ 40.971679687000062, -2.108215331999929 ], [ 40.975524902000132, -2.105529784999931 ], [ 40.990295410000158, -2.101013183999896 ], [ 40.994079590000069, -2.102294921999885 ], [ 40.995117188000108, -2.110290526999961 ], [ 40.997924804999968, -2.112976073999846 ], [ 41.004089355000076, -2.115173339999899 ], [ 41.003295898000033, -2.10461425799997 ], [ 41.004272461000085, -2.100585936999892 ], [ 41.006896972999982, -2.098510741999974 ], [ 41.018920898000033, -2.101989745999958 ], [ 41.029724121000129, -2.094177245999958 ], [ 41.039672852000194, -2.0910034179999 ], [ 41.045471191000047, -2.086425780999946 ], [ 41.061523437000062, -2.091796874999943 ], [ 41.059692383000083, -2.085205077999944 ], [ 41.073730469000054, -2.080017089999956 ], [ 41.079101563000165, -2.074523925999927 ], [ 41.081909180000025, -2.06811523399989 ], [ 41.078125000000114, -2.063476562999881 ], [ 41.082092284999987, -2.058715819999975 ], [ 41.084472656000059, -2.051086425999927 ], [ 41.085876465000126, -2.054626464999956 ], [ 41.096923828000172, -2.056213378999871 ], [ 41.09710693400001, -2.053405761999898 ] ] ], [ [ [ 40.888122559000067, -2.246276854999962 ], [ 40.891113281000116, -2.248229979999905 ], [ 40.900878906000116, -2.262878417999957 ], [ 40.903930664000029, -2.271423339999956 ], [ 40.911682129000042, -2.284179686999892 ], [ 40.915283203000115, -2.292907714999899 ], [ 40.913330078000058, -2.296997069999918 ], [ 40.910095215000183, -2.297912597999925 ], [ 40.896911621000072, -2.294799804999968 ], [ 40.885925293000184, -2.295104979999962 ], [ 40.867309570000089, -2.300109862999932 ], [ 40.846130371000186, -2.311523437999881 ], [ 40.824707031000059, -2.331176757999913 ], [ 40.821472168000184, -2.33312988299997 ], [ 40.815124512000068, -2.332702636999954 ], [ 40.814514160000044, -2.325622558999896 ], [ 40.816284180000082, -2.312377929999968 ], [ 40.814270020000095, -2.304809569999918 ], [ 40.814697266000053, -2.292785644999924 ], [ 40.817687988000102, -2.291625976999967 ], [ 40.819274902000132, -2.283386229999962 ], [ 40.827087402000132, -2.276611327999944 ], [ 40.832092285000044, -2.27960205099987 ], [ 40.840270996000072, -2.280517577999944 ], [ 40.844116211000141, -2.278808593999941 ], [ 40.836486816000104, -2.269409179999911 ], [ 40.837280273000147, -2.265197753999928 ], [ 40.840881348000096, -2.263671874999943 ], [ 40.843505859000118, -2.260009765999882 ], [ 40.851074219000168, -2.25750732399996 ], [ 40.857727051000097, -2.259826659999931 ], [ 40.860107422000169, -2.258178710999914 ], [ 40.866882324000073, -2.258728026999904 ], [ 40.869323730000133, -2.257995604999962 ], [ 40.869873047, -2.255493163999859 ], [ 40.87127685500019, -2.258483886999954 ], [ 40.874511719000111, -2.253906249999829 ], [ 40.877929688000052, -2.256286620999958 ], [ 40.880126953000058, -2.249511718999941 ], [ 40.886474609000174, -2.248718261999898 ], [ 40.888122559000067, -2.246276854999962 ] ] ], [ [ [ 40.98468017600004, -2.2492065429999 ], [ 40.984924316000161, -2.2570190429999 ], [ 40.987670898000033, -2.258728026999904 ], [ 40.978088379000042, -2.26867675799997 ], [ 40.9714965820001, -2.2785034179999 ], [ 40.969299316, -2.288696288999972 ], [ 40.960510254000042, -2.297912597999925 ], [ 40.958496094000168, -2.30529785199991 ], [ 40.956115723000153, -2.308227538999859 ], [ 40.94549560500019, -2.315612792999957 ], [ 40.929077148000033, -2.319702147999976 ], [ 40.925109863000102, -2.319702147999976 ], [ 40.915283203000115, -2.315124511999954 ], [ 40.912475586000028, -2.308288573999846 ], [ 40.914123535000044, -2.304382323999846 ], [ 40.921508789000086, -2.298889159999931 ], [ 40.922912598000153, -2.301513671999885 ], [ 40.925292969000168, -2.299804686999892 ], [ 40.922729492000087, -2.295410155999889 ], [ 40.926513672000169, -2.290527343999941 ], [ 40.929077148000033, -2.293823241999974 ], [ 40.934509277000132, -2.290527343999941 ], [ 40.942504883000026, -2.293701171999885 ], [ 40.956298828000115, -2.294982909999931 ], [ 40.961486816, -2.288085936999892 ], [ 40.963500977000137, -2.281005858999947 ], [ 40.95672607400013, -2.285522460999971 ], [ 40.952880859000174, -2.286193847999925 ], [ 40.944885254000042, -2.280822753999871 ], [ 40.934875488000159, -2.283203124999943 ], [ 40.928527832000043, -2.280700683999896 ], [ 40.914916992000087, -2.259887694999918 ], [ 40.909729004000155, -2.254394530999889 ], [ 40.903503418000014, -2.237426757999913 ], [ 40.902893066000161, -2.222778319999918 ], [ 40.912719727000081, -2.22430419899996 ], [ 40.928100586000028, -2.236694335999971 ], [ 40.93768310500019, -2.239318847999812 ], [ 40.934509277000132, -2.242797851999967 ], [ 40.932128906000116, -2.256408690999933 ], [ 40.938903809000124, -2.2609252929999 ], [ 40.939514160000101, -2.257385253999928 ], [ 40.935913086000028, -2.254516601999967 ], [ 40.944885254000042, -2.239685058999896 ], [ 40.948486328000115, -2.238403319999975 ], [ 40.94891357400013, -2.235412597999812 ], [ 40.947082520000151, -2.232421874999886 ], [ 40.955688477000137, -2.233215331999929 ], [ 40.95812988299997, -2.2374877929999 ], [ 40.962097168000071, -2.239074706999929 ], [ 40.964294434000124, -2.242004394999981 ], [ 40.954711914000086, -2.251403808999896 ], [ 40.957885742000144, -2.257324218999941 ], [ 40.961914063000108, -2.258422851999967 ], [ 40.965087891000167, -2.256225585999971 ], [ 40.967285156000173, -2.251708983999947 ], [ 40.972473145000151, -2.249572753999928 ], [ 40.969116211000028, -2.240112304999911 ], [ 40.972290039000086, -2.234375 ], [ 40.969909668000071, -2.229370116999974 ], [ 40.965515137000182, -2.226074218999941 ], [ 40.967712402000132, -2.220703124999886 ], [ 40.974121094000168, -2.224609374999886 ], [ 40.975891113000159, -2.23468017599987 ], [ 40.98468017600004, -2.2492065429999 ] ] ], [ [ [ 39.639515939000148, -4.037929191999979 ], [ 39.642780663999986, -4.035217610999894 ], [ 39.648553431999972, -4.036129762999963 ], [ 39.651803197000049, -4.031879725999943 ], [ 39.660290563000103, -4.027643451999836 ], [ 39.66536327700004, -4.028059678999966 ], [ 39.669979652000166, -4.032410135999953 ], [ 39.674356459000194, -4.033568952999929 ], [ 39.674287237000158, -4.035996620999981 ], [ 39.669970076000084, -4.038459958999965 ], [ 39.670222682000031, -4.04105 ], [ 39.672239260000083, -4.043903298999965 ], [ 39.67762435700007, -4.044852585999877 ], [ 39.674698541000112, -4.052253541999846 ], [ 39.679962618000161, -4.058208304999937 ], [ 39.682106694000083, -4.06922342099989 ], [ 39.674883028000181, -4.072294704999933 ], [ 39.671791322000161, -4.076704025999959 ], [ 39.665837888000169, -4.076493015999915 ], [ 39.66194744500001, -4.07216625999996 ], [ 39.663359095000146, -4.068802082999923 ], [ 39.661722803000089, -4.065780771999812 ], [ 39.661633972000118, -4.06933150999987 ], [ 39.659903542000109, -4.070265873999915 ], [ 39.656484350000028, -4.067664451999974 ], [ 39.656827570000189, -4.064407554999946 ], [ 39.655103338000117, -4.065326181999922 ], [ 39.652869610000039, -4.06103683799995 ], [ 39.647580779000066, -4.058754765999879 ], [ 39.646170868000013, -4.048247999999887 ], [ 39.639515939000148, -4.037929191999979 ] ] ], [ [ [ 39.460876465000183, -4.55139160199991 ], [ 39.453674316000161, -4.559326171999885 ], [ 39.454528809000067, -4.570312499999943 ], [ 39.449523926000097, -4.581909179999968 ], [ 39.443481445000089, -4.58367919899996 ], [ 39.441711426000097, -4.588684081999872 ], [ 39.438903809000067, -4.588928222999925 ], [ 39.436523437000119, -4.587524413999972 ], [ 39.434509277000075, -4.582702636999954 ], [ 39.43249511700003, -4.563171386999898 ], [ 39.426330566000104, -4.556579589999899 ], [ 39.427490234000118, -4.554687499999943 ], [ 39.429687500000171, -4.556518554999911 ], [ 39.43249511700003, -4.551818847999925 ], [ 39.435119629000155, -4.55529785199991 ], [ 39.445129395000038, -4.558105468999941 ], [ 39.449279785000044, -4.54748535199991 ], [ 39.446899414000029, -4.542602538999972 ], [ 39.453308105000133, -4.531616210999971 ], [ 39.461914063000052, -4.536010741999974 ], [ 39.460876465000183, -4.55139160199991 ] ] ], [ [ [ 39.352722168000128, -4.660522460999971 ], [ 39.359680176000097, -4.652282714999956 ], [ 39.364318848000039, -4.655212401999904 ], [ 39.390930176000097, -4.65930175799997 ], [ 39.394104004000155, -4.658813476999967 ], [ 39.396728516000053, -4.656188964999956 ], [ 39.399902344000111, -4.656311034999931 ], [ 39.403930664000143, -4.667602538999915 ], [ 39.399902344000111, -4.670898436999948 ], [ 39.397705078000172, -4.668518065999933 ], [ 39.386291504000155, -4.666687011999954 ], [ 39.368713379000098, -4.669311522999919 ], [ 39.355102539000143, -4.668395995999958 ], [ 39.352294922000112, -4.667175292999843 ], [ 39.351501465000069, -4.664001464999956 ], [ 39.352722168000128, -4.660522460999971 ] ] ], [ [ [ 41.26727294900013, -2.013793944999975 ], [ 41.255920410000044, -2.029907226999967 ], [ 41.253479004000042, -2.027893065999933 ], [ 41.259704590000183, -2.019714354999905 ], [ 41.26190185500019, -2.013610839999842 ], [ 41.296081543000071, -1.973083495999902 ], [ 41.29992675799997, -1.976989745999902 ], [ 41.291687012000182, -1.984008788999972 ], [ 41.287902832000043, -1.991516112999932 ], [ 41.277893066000161, -2.003906249999943 ], [ 41.26727294900013, -2.013793944999975 ] ] ], [ [ [ 41.125671387000125, -2.10461425799997 ], [ 41.132324219000054, -2.095092772999976 ], [ 41.13610839800009, -2.104309081999929 ], [ 41.140075684000067, -2.106506347999925 ], [ 41.145874023000147, -2.103881835999914 ], [ 41.150329590000126, -2.105285644999981 ], [ 41.153930664000143, -2.110412597999925 ], [ 41.152099609000118, -2.114624022999863 ], [ 41.140319824000187, -2.115295409999874 ], [ 41.126708984000061, -2.108276366999917 ], [ 41.125671387000125, -2.10461425799997 ] ] ], [ [ [ 39.312316895000151, -4.578002929999968 ], [ 39.301879883000083, -4.589416503999928 ], [ 39.296081543000128, -4.57922363299997 ], [ 39.296875000000114, -4.574890136999954 ], [ 39.308121171000096, -4.569422309999936 ], [ 39.311706543000128, -4.571105956999872 ], [ 39.312316895000151, -4.578002929999968 ] ] ], [ [ [ 39.285278320000032, -4.665893554999911 ], [ 39.278320313000108, -4.668395995999958 ], [ 39.274108887000182, -4.666625976999967 ], [ 39.270874023000033, -4.663085937999881 ], [ 39.270507813000108, -4.654479979999962 ], [ 39.275085449000187, -4.654418944999975 ], [ 39.287292480000076, -4.662780761999954 ], [ 39.285278320000032, -4.665893554999911 ] ] ], [ [ [ 39.397521973000039, -4.572998046999942 ], [ 39.400085449000073, -4.567626952999944 ], [ 39.407470703000058, -4.565429687999881 ], [ 39.408081055000082, -4.567871093999827 ], [ 39.415100098000096, -4.56701660199991 ], [ 39.416076660000044, -4.569091796999942 ], [ 39.41149902300009, -4.572509765999939 ], [ 39.409729004000098, -4.576416015999939 ], [ 39.407287598000096, -4.576904296999942 ], [ 39.401916504000098, -4.576904296999942 ], [ 39.400085449000073, -4.573669433999953 ], [ 39.397521973000039, -4.572998046999942 ] ] ], [ [ [ 40.9871215820001, -2.148681640999939 ], [ 40.9793090820001, -2.153503417999957 ], [ 40.976318359000174, -2.151611327999888 ], [ 40.978515625000057, -2.144775390999882 ], [ 40.982299805000025, -2.142028808999896 ], [ 40.98651123000019, -2.143005370999958 ], [ 40.989318848000153, -2.145507811999892 ], [ 40.9871215820001, -2.148681640999939 ] ] ], [ [ [ 41.204895020000095, -2.006408690999876 ], [ 41.208679199000073, -2.006591796999942 ], [ 41.213500977000081, -2.011413573999846 ], [ 41.214294434000124, -2.015502929999968 ], [ 41.204284668000184, -2.012512206999872 ], [ 41.202880859000118, -2.009826659999817 ], [ 41.204895020000095, -2.006408690999876 ] ] ], [ [ [ 40.72009277300009, -2.299377440999876 ], [ 40.719909668000128, -2.305480956999872 ], [ 40.713500977000194, -2.303222655999889 ], [ 40.711486816000047, -2.295471190999876 ], [ 40.72009277300009, -2.299377440999876 ] ] ], [ [ [ 39.216674805000025, -4.660705565999933 ], [ 39.215270996000129, -4.653869628999928 ], [ 39.219116211000028, -4.650878905999889 ], [ 39.219909668000071, -4.656311034999931 ], [ 39.216674805000025, -4.660705565999933 ] ] ], [ [ [ 40.794677734000118, -2.267028808999953 ], [ 40.794494629000155, -2.262329101999967 ], [ 40.797912598000039, -2.258972167999957 ], [ 40.801696777000075, -2.259094237999932 ], [ 40.794677734000118, -2.267028808999953 ] ] ], [ [ [ 39.425109863000046, -4.577697753999928 ], [ 39.426696777000075, -4.57531738299997 ], [ 39.429687500000171, -4.577575683999953 ], [ 39.430114746000186, -4.581909179999968 ], [ 39.427673340000183, -4.583190917999957 ], [ 39.425109863000046, -4.577697753999928 ] ] ], [ [ [ 40.742126465000069, -2.257812499999829 ], [ 40.745117188000165, -2.257080077999888 ], [ 40.749084473000039, -2.258483886999954 ], [ 40.748291016000053, -2.262512206999929 ], [ 40.742126465000069, -2.257812499999829 ] ] ], [ [ [ 41.019470215000069, -2.141601561999892 ], [ 41.022094727000194, -2.138610839999899 ], [ 41.026489258000083, -2.141418456999929 ], [ 41.024108887000182, -2.144409179999968 ], [ 41.019470215000069, -2.141601561999892 ] ] ], [ [ [ 41.109680176000097, -2.050903319999975 ], [ 41.112487793000128, -2.052917479999905 ], [ 41.111694336000141, -2.056213378999871 ], [ 41.10827636700003, -2.0538940429999 ], [ 41.109680176000097, -2.050903319999975 ] ] ], [ [ [ 39.390075684000067, -4.554626464999956 ], [ 39.39367675800014, -4.554504394999981 ], [ 39.397261176000029, -4.559384383999827 ], [ 39.39367675800014, -4.558776854999905 ], [ 39.390075684000067, -4.554626464999956 ] ] ], [ [ [ 39.286499023000033, -4.596069335999971 ], [ 39.2879028320001, -4.592895507999913 ], [ 39.29187011700003, -4.596069335999971 ], [ 39.29132080100004, -4.599792479999905 ], [ 39.286499023000033, -4.596069335999971 ] ] ], [ [ [ 39.397277831999986, -4.559387206999872 ], [ 39.399719238000046, -4.557373046999942 ], [ 39.401916504000098, -4.563720702999944 ], [ 39.399108887000068, -4.563903808999839 ], [ 39.397277831999986, -4.559387206999872 ] ] ], [ [ [ 39.222693835000086, -4.659716844999934 ], [ 39.226733643000046, -4.659542852999891 ], [ 39.22745235900004, -4.661319017999972 ], [ 39.225270713000157, -4.661151275999941 ], [ 39.221960537000029, -4.665235915999972 ], [ 39.222693835000086, -4.659716844999934 ] ] ], [ [ [ 40.817077637000125, -2.236389159999874 ], [ 40.813110352000024, -2.237976073999903 ], [ 40.810485840000126, -2.237304686999948 ], [ 40.814880371000015, -2.234985351999967 ], [ 40.817077637000125, -2.236389159999874 ] ] ], [ [ [ 39.224487305000025, -4.666320800999927 ], [ 39.220344103, -4.671690682999952 ], [ 39.221313477000137, -4.66772460899989 ], [ 39.224487305000025, -4.666320800999927 ] ] ], [ [ [ 41.103515625000114, -2.052673339999956 ], [ 41.102722168000128, -2.050720214999956 ], [ 41.105529785000158, -2.049926757999913 ], [ 41.106079102000024, -2.05242919899996 ], [ 41.103515625000114, -2.052673339999956 ] ] ], [ [ [ 39.386291504000155, -4.553405761999954 ], [ 39.387084961000141, -4.550903319999918 ], [ 39.39005403200008, -4.554585440999972 ], [ 39.387878418000184, -4.554199218999884 ], [ 39.386291504000155, -4.553405761999954 ] ] ], [ [ [ 40.931518555000139, -2.012817382999913 ], [ 40.935729980000133, -2.010620116999917 ], [ 40.935302734000174, -2.013427733999947 ], [ 40.931518555000139, -2.012817382999913 ] ] ], [ [ [ 41.078491211000141, -2.136108397999976 ], [ 41.07952880900018, -2.132812499999943 ], [ 41.082092284999987, -2.135070800999927 ], [ 41.078491211000141, -2.136108397999976 ] ] ], [ [ [ 41.132324219000054, -2.095092772999976 ], [ 41.132080078000058, -2.091613769999981 ], [ 41.134887695000089, -2.093811034999874 ], [ 41.132324219000054, -2.095092772999976 ] ] ], [ [ [ 40.791503906000059, -2.269104003999814 ], [ 40.794677734000118, -2.267028808999953 ], [ 40.793884277000075, -2.270202636999954 ], [ 40.791503906000059, -2.269104003999814 ] ] ], [ [ [ 39.232299804999968, -4.650024413999972 ], [ 39.232299804999968, -4.647094726999967 ], [ 39.234130859000174, -4.647277831999929 ], [ 39.232299804999968, -4.650024413999972 ] ] ], [ [ [ 39.242309570000145, -4.620300292999957 ], [ 39.244873047000056, -4.619201659999931 ], [ 39.24432373000019, -4.621520995999902 ], [ 39.242309570000145, -4.620300292999957 ] ] ], [ [ [ 39.214721680000139, -4.660278319999918 ], [ 39.216674805000025, -4.660705565999933 ], [ 39.214721680000139, -4.662902831999929 ], [ 39.214721680000139, -4.660278319999918 ] ] ], [ [ [ 39.502288818000125, -4.457935204999956 ], [ 39.503204647000132, -4.456257385999947 ], [ 39.503906250000057, -4.456775536999942 ], [ 39.503692627000191, -4.458087792999891 ], [ 39.502288818000125, -4.457935204999956 ] ] ] ] } }
]
}
