{
"type": "FeatureCollection",
"name": "ke_admin1",
"crs": { "type": "name", "properties": { "name": "urn:ogc:def:crs:OGC:1.3:CRS84" } },
"features": [
{ "type": "Feature", "properties": { "name": "Baringo" }, "geometry": { "type": "Polygon", "coordinates": [ [ [ 35.780908341000043, 1.656535689000179 ], [ 35.785653114000127, 1.656131744000049 ], [ 36.097290039000086, 1.16931152300009 ], [ 36.173277303000077, 1.17123890900001 ], [ 36.317321777000075, 0.991516113000102 ], [ 36.342285156000116, 0.994110107000154 ], [ 36.342929416000118, 0.99019628800005 ], [ 36.346390823000092, 0.98655680100012 ], [ 36.34805368300016, 0.974517031000119 ], [ 36.351747282000133, 0.966980747000093 ], [ 36.364074707000043, 0.964294434000124 ], [ 36.366006408000089, 0.958968307000077 ], [ 36.370246492000092, 0.955911858000036 ], [ 36.375610352000024, 0.95727539100011 ], [ 36.383177254000088, 0.955370305000088 ], [ 36.384376571000132, 0.951636663000045 ], [ 36.388412475999985, 0.949844359999986 ], [ 36.390203588000077, 0.941795858000035 ], [ 36.388193012000158, 0.940731521000146 ], [ 36.388671875000057, 0.932128906000059 ], [ 36.387084961000028, 0.928710937000119 ], [ 36.393707275000168, 0.921203612999989 ], [ 36.393183194000017, 0.913503871000103 ], [ 36.395350252000128, 0.913119036000126 ], [ 36.394475797000155, 0.910902134000025 ], [ 36.397375797000109, 0.905052134000073 ], [ 36.40298577100009, 0.901755645000094 ], [ 36.410575797000149, 0.900652134000154 ], [ 36.417475797000179, 0.902752134000025 ], [ 36.419675797000082, 0.901852134000137 ], [ 36.424526338000078, 0.89728889100013 ], [ 36.424175797000089, 0.894652134000012 ], [ 36.426987440000119, 0.88876304900009 ], [ 36.444175797000071, 0.873352134000186 ], [ 36.446875797000189, 0.871952134000139 ], [ 36.456975797000098, 0.872052134000057 ], [ 36.460275797000122, 0.870352134000086 ], [ 36.465275797000061, 0.865652134000072 ], [ 36.471175797000114, 0.863852134000183 ], [ 36.472975797000174, 0.860152134000089 ], [ 36.48147579700003, 0.853752134000104 ], [ 36.484675797000136, 0.854252134000092 ], [ 36.489664689999984, 0.84783782300002 ], [ 36.47562962000012, 0.838963957000146 ], [ 36.468967803000055, 0.822355848000086 ], [ 36.404959886000086, 0.71914079000004 ], [ 36.347453490000134, 0.661957441000084 ], [ 36.289100647000055, 0.646683216000099 ], [ 36.277959665000026, 0.632964817000016 ], [ 36.294124603000114, 0.566389322000134 ], [ 36.265926719000049, 0.500971278000122 ], [ 36.229220344000055, 0.421904725000047 ], [ 36.22745402400011, 0.398567043000128 ], [ 36.254362125000114, 0.381431535000047 ], [ 36.259432564000178, 0.376048675000163 ], [ 36.261000833000139, 0.34290011700017 ], [ 36.25015250000007, 0.332181586000161 ], [ 36.245592540000075, 0.329644369000107 ], [ 36.247754934000113, 0.343046508999976 ], [ 36.23089790400013, 0.335754469999983 ], [ 36.226032782000118, 0.322514746000024 ], [ 36.230886224000074, 0.318759607000061 ], [ 36.23999636700006, 0.315428096000062 ], [ 36.250564713000131, 0.299042587000088 ], [ 36.259701952000057, 0.291348214000038 ], [ 36.265058828000122, 0.277932586000077 ], [ 36.279662237000025, 0.274052895000125 ], [ 36.281768799000076, 0.267349958000182 ], [ 36.279263143000037, 0.257890155000041 ], [ 36.291755676000093, 0.25451514100007 ], [ 36.296042305000128, 0.240144466 ], [ 36.296124211000176, 0.229938483000126 ], [ 36.291888173000132, 0.218245293000052 ], [ 36.291485550000118, 0.21273203100003 ], [ 36.288561024000103, 0.208029268000018 ], [ 36.283561376000137, 0.203018718000067 ], [ 36.267316864000065, 0.19211642300013 ], [ 36.263882691000049, 0.186852814000076 ], [ 36.254103494000105, 0.183926818000089 ], [ 36.235675797000169, 0.211352133999981 ], [ 36.205175797000038, 0.233952134000162 ], [ 36.201675797000178, 0.235752134000052 ], [ 36.180237989000091, 0.229877615000078 ], [ 36.181866455000034, 0.226522402 ], [ 36.185275797000031, 0.224252134000096 ], [ 36.19717579700017, 0.219352134000076 ], [ 36.199100523000084, 0.202122928000051 ], [ 36.148275797000167, 0.18675213400013 ], [ 36.140075797000122, 0.127852134000136 ], [ 36.136187587999984, 0.116720937000082 ], [ 36.13057579700012, 0.087852134000059 ], [ 36.128125797000052, 0.060502133999989 ], [ 36.106325797000068, 0.062502134000113 ], [ 36.113575797000067, 0.006852134000098 ], [ 36.093675797000174, -0.009947865999948 ], [ 36.055575797000131, 0.004552134000051 ], [ 36.042775797000104, 0.02075213400002 ], [ 36.007675797000047, 0.032252134000089 ], [ 36.000375797, 0.060352134000027 ], [ 35.989775797000163, 0.061352134000174 ], [ 35.974075797000182, 0.058952134000037 ], [ 35.965675797000074, 0.059252134000133 ], [ 35.963775797000039, 0.066452134000087 ], [ 35.965675797000074, 0.070352134000188 ], [ 35.964025797000147, 0.077052134000155 ], [ 35.965325797000048, 0.079552134000039 ], [ 35.961175797000067, 0.085752134000018 ], [ 35.961075797000149, 0.088552134000054 ], [ 35.955275797000013, 0.092752134000136 ], [ 35.940675797000097, 0.097202134000099 ], [ 35.929775797000104, 0.069752134000112 ], [ 35.964975797000079, 0.032052134000082 ], [ 35.97535525700016, 0.022865495000133 ], [ 35.97821600400016, 0.016936670000121 ], [ 35.977675797000131, 0.010402134 ], [ 35.970175797000081, -0.012847865999902 ], [ 35.96092511900008, -0.023901681999916 ], [ 35.96057579700016, -0.029547865999916 ], [ 35.955187204000083, -0.035753796999927 ], [ 35.948175797000033, -0.051047865999976 ], [ 35.937475797000047, -0.058647865999887 ], [ 35.937375797000129, -0.061747865999962 ], [ 35.934625797000137, -0.065547865999974 ], [ 35.928438358000051, -0.068695369999887 ], [ 35.928275796999969, -0.075347865999845 ], [ 35.923075797000138, -0.076347865999878 ], [ 35.918475797000042, -0.079647865999902 ], [ 35.914675797000029, -0.075447865999934 ], [ 35.900375797000095, -0.04664786599983 ], [ 35.894475797000041, -0.049747865999905 ], [ 35.877066654000146, -0.033559271999934 ], [ 35.846975797000084, -0.081147865999924 ], [ 35.829475797000043, -0.105947865999951 ], [ 35.820377510000128, -0.115744098999926 ], [ 35.809375797000143, -0.099147865999953 ], [ 35.806275797000183, -0.096847865999905 ], [ 35.798975797000139, -0.101947865999932 ], [ 35.795875797000122, -0.109047865999912 ], [ 35.790475797000113, -0.110047865999888 ], [ 35.790375796999967, -0.161047865999933 ], [ 35.771975797000096, -0.192147865999914 ], [ 35.723977459000082, -0.203110219999928 ], [ 35.722875797000029, -0.171347865999962 ], [ 35.729875797000147, -0.155247865999911 ], [ 35.704125797000131, -0.116847865999944 ], [ 35.693375797000101, -0.106947865999928 ], [ 35.688675797000087, -0.090947865999965 ], [ 35.690375797000058, -0.082747865999977 ], [ 35.688975797000182, -0.072447865999948 ], [ 35.666075797000133, -0.072647865999897 ], [ 35.653375797000024, -0.075947865999922 ], [ 35.667075797000052, -0.047747865999895 ], [ 35.659575797000173, -0.052347865999934 ], [ 35.657875797000031, -0.049547865999955 ], [ 35.648075797000104, -0.056447865999871 ], [ 35.639636582000037, -0.059327244999963 ], [ 35.636886582000045, -0.052127244999951 ], [ 35.639486582000018, -0.049177244999953 ], [ 35.6393865820001, -0.046727244999829 ], [ 35.633186582000121, -0.033927244999973 ], [ 35.63037579700017, -0.032247865999864 ], [ 35.610586582000167, -0.029627244999915 ], [ 35.583586582000123, -0.005277244999945 ], [ 35.571796324000161, -0.006564823999895 ], [ 35.543808633000026, -0.005963432999977 ], [ 35.522920966000072, 0.015837419000036 ], [ 35.525959777000082, 0.039044735000175 ], [ 35.535686742000109, 0.040111978000084 ], [ 35.542987629000152, 0.042849159000184 ], [ 35.546498015000168, 0.057668503000116 ], [ 35.539323062000051, 0.060731794 ], [ 35.539076895000051, 0.06394328500005 ], [ 35.545416889000023, 0.071932051999966 ], [ 35.539889316000028, 0.07959655500008 ], [ 35.541627936000168, 0.08934788800002 ], [ 35.573660475000111, 0.066313455000056 ], [ 35.575398974000166, 0.115668289000041 ], [ 35.590579368000135, 0.148854780000079 ], [ 35.588071294000088, 0.170541873000104 ], [ 35.664875797000093, 0.170452134000072 ], [ 35.692975797000031, 0.178152134000129 ], [ 35.695309131000045, 0.179385468000078 ], [ 35.692775797000024, 0.185252134000166 ], [ 35.693257911000103, 0.188676475000079 ], [ 35.700375797, 0.194752134000169 ], [ 35.70607579700004, 0.203352134000113 ], [ 35.716775797000025, 0.207552134000025 ], [ 35.717975797000179, 0.211052134000056 ], [ 35.722425797000142, 0.214952134000157 ], [ 35.720275797000056, 0.236352134000128 ], [ 35.713775797000096, 0.25205213400011 ], [ 35.709375797, 0.257552134000036 ], [ 35.709275797000089, 0.260352134000073 ], [ 35.710275797000065, 0.26875213400001 ], [ 35.712875797000095, 0.271152134000033 ], [ 35.711875797000118, 0.273652134000088 ], [ 35.713775797000096, 0.277252134000037 ], [ 35.714575797000066, 0.288652134000074 ], [ 35.71382579699997, 0.294652133999989 ], [ 35.715275797000061, 0.302052134000178 ], [ 35.712675797000031, 0.316152134000106 ], [ 35.716575797000132, 0.322552134000091 ], [ 35.720475797000063, 0.337952134000091 ], [ 35.722675797000193, 0.33975213399998 ], [ 35.719075797000073, 0.345952134000186 ], [ 35.721975797000027, 0.351252134000106 ], [ 35.72011631099997, 0.356540757000062 ], [ 35.709375797, 0.359952133999968 ], [ 35.706475797000053, 0.36555213400004 ], [ 35.704275797000093, 0.364352134000058 ], [ 35.701975797000046, 0.365452134000122 ], [ 35.698091354000098, 0.369720829000073 ], [ 35.696675797000125, 0.369452133999971 ], [ 35.697075797000025, 0.366452134000099 ], [ 35.687573911000186, 0.37204553000015 ], [ 35.680875797000056, 0.372552134000159 ], [ 35.679175797000084, 0.375352134000025 ], [ 35.673975797000082, 0.376952134000078 ], [ 35.666875797000046, 0.384152133999976 ], [ 35.666875797000046, 0.387452134 ], [ 35.660975797, 0.388952134000135 ], [ 35.65886058600006, 0.394900103000111 ], [ 35.654975797000077, 0.399752134000039 ], [ 35.656775797000137, 0.407652134000159 ], [ 35.661075797000137, 0.411452134000172 ], [ 35.654075797000189, 0.428052133999984 ], [ 35.654575797000177, 0.437202134000188 ], [ 35.652874476000193, 0.446804288000067 ], [ 35.651475797000046, 0.449552134000101 ], [ 35.646375797000132, 0.452952134000043 ], [ 35.646475797000051, 0.463552134000054 ], [ 35.632675797000047, 0.48425213400003 ], [ 35.632875797000111, 0.495452134000175 ], [ 35.630475797000088, 0.495852134000074 ], [ 35.630675797000151, 0.502852133999966 ], [ 35.625375797000174, 0.503652134000106 ], [ 35.614775797000107, 0.509452134000185 ], [ 35.612575796999977, 0.517252134000046 ], [ 35.613875797000105, 0.519502134000049 ], [ 35.611375797, 0.525452134000091 ], [ 35.602875797000138, 0.533952134000174 ], [ 35.602675797000131, 0.537952134000022 ], [ 35.605275797000161, 0.542952134000188 ], [ 35.602375796999979, 0.556452133999983 ], [ 35.610275797000099, 0.569752134000169 ], [ 35.613386954000077, 0.58075365600007 ], [ 35.611681510000153, 0.588566308000054 ], [ 35.612525797000103, 0.591602134000084 ], [ 35.598375797000131, 0.603852134000078 ], [ 35.596275797000146, 0.622052134000114 ], [ 35.601575797000066, 0.635252133999984 ], [ 35.606375797, 0.639952134000055 ], [ 35.608775797000192, 0.645452134000038 ], [ 35.607675797000127, 0.655352134000054 ], [ 35.605575797000085, 0.65710213400007 ], [ 35.604175797000096, 0.670652133999965 ], [ 35.606075797000074, 0.673552134000147 ], [ 35.608775797000192, 0.672952134000013 ], [ 35.615675797000165, 0.678552134000086 ], [ 35.619175797000025, 0.677952134 ], [ 35.625375797000174, 0.679852134000043 ], [ 35.623775797000121, 0.686452134000035 ], [ 35.625575797000067, 0.688152134 ], [ 35.628675797000028, 0.68795213400017 ], [ 35.62777579699997, 0.69015213400013 ], [ 35.631875797000134, 0.692552134000096 ], [ 35.631225797000184, 0.696102134000057 ], [ 35.634875797000177, 0.70155213400011 ], [ 35.632475797000041, 0.714652134000119 ], [ 35.630125797000119, 0.717152134000173 ], [ 35.63051890100013, 0.721784893000063 ], [ 35.626475797000069, 0.725852134000036 ], [ 35.62857579700011, 0.726852134000012 ], [ 35.626725797000176, 0.729052134000142 ], [ 35.62287579700012, 0.730852134000031 ], [ 35.623394765000057, 0.73420448000013 ], [ 35.620875797000167, 0.736252134000097 ], [ 35.620375797, 0.739852134000046 ], [ 35.625475797000092, 0.745852134000188 ], [ 35.628525797000066, 0.765302134000137 ], [ 35.6342757970001, 0.778552134000051 ], [ 35.634457653000027, 0.786452958999973 ], [ 35.637075797000136, 0.788852133999967 ], [ 35.634575797000082, 0.795552134000104 ], [ 35.635775797000065, 0.798552134000033 ], [ 35.634125797000138, 0.806152134000172 ], [ 35.634975797000095, 0.809952134000184 ], [ 35.641175797000074, 0.816552134000062 ], [ 35.642475797000031, 0.822252134000053 ], [ 35.637175797000054, 0.827252134000048 ], [ 35.639075797000089, 0.828852134000044 ], [ 35.639175797000178, 0.835852134000163 ], [ 35.642775797000127, 0.840452134000088 ], [ 35.635875797000153, 0.845752134 ], [ 35.63607579700016, 0.849052134000033 ], [ 35.625575797000067, 0.855652134000081 ], [ 35.623675797000033, 0.867052134000062 ], [ 35.626275797000062, 0.879652134000082 ], [ 35.622775797000031, 0.88805213400002 ], [ 35.627075797000145, 0.89230213400009 ], [ 35.626075797, 0.90775213400002 ], [ 35.626875797000139, 0.910252134000075 ], [ 35.629575797000086, 0.90955213400008 ], [ 35.633975797000176, 0.913552134000099 ], [ 35.63647579700006, 0.921352134000131 ], [ 35.634075797000094, 0.927452134000021 ], [ 35.635475797000083, 0.930552134000152 ], [ 35.631924256000161, 0.938731173 ], [ 35.630075797000075, 0.953152134000106 ], [ 35.636025797000116, 0.960452133999979 ], [ 35.635339558999988, 0.966038550000178 ], [ 35.638275797000119, 0.967002134000154 ], [ 35.634975797000095, 0.97305213400017 ], [ 35.635530936000123, 0.978883608 ], [ 35.638475797000183, 0.980252134000068 ], [ 35.639075797000089, 0.983252134000168 ], [ 35.633544640000082, 0.994105384000022 ], [ 35.637375797000118, 1.001652134000039 ], [ 35.636575797000148, 1.004152134000151 ], [ 35.638775797000108, 1.004252134000069 ], [ 35.643675797000185, 1.015952134000031 ], [ 35.641258183000161, 1.021950850000053 ], [ 35.643085135000149, 1.024684002000072 ], [ 35.64787579700004, 1.029452134000053 ], [ 35.654075797000189, 1.029402134000179 ], [ 35.659375797000166, 1.035202134000087 ], [ 35.662775797000108, 1.035052134000125 ], [ 35.666775797000128, 1.040052134000121 ], [ 35.666275797000139, 1.043752133999988 ], [ 35.67057579700014, 1.043052134000163 ], [ 35.671425797000097, 1.046002134 ], [ 35.668875797000169, 1.048352134000083 ], [ 35.668875797000169, 1.050652134000188 ], [ 35.674875797000084, 1.060052134000045 ], [ 35.674375797000096, 1.067252134000171 ], [ 35.672325797000155, 1.070252134000043 ], [ 35.672666527999979, 1.07406526699998 ], [ 35.677175797000132, 1.080152134000116 ], [ 35.677075797000043, 1.086352134000094 ], [ 35.682975797000097, 1.08915213400013 ], [ 35.684275797000168, 1.095752134000179 ], [ 35.686975797000116, 1.09885213400014 ], [ 35.690175797, 1.099452134000046 ], [ 35.69312579700005, 1.103952134000053 ], [ 35.695675797000149, 1.102852133999988 ], [ 35.699275797000155, 1.106352134000019 ], [ 35.697833213000138, 1.114713973000107 ], [ 35.701975797000046, 1.124452134000023 ], [ 35.701375797000139, 1.127952134000054 ], [ 35.705575797000051, 1.134652134000021 ], [ 35.70607579700004, 1.147152134000066 ], [ 35.709075797000082, 1.148852134000037 ], [ 35.708275797000169, 1.150852134000161 ], [ 35.704575797000075, 1.152152134000062 ], [ 35.70527579700007, 1.178752134000035 ], [ 35.703175797000029, 1.184852134000096 ], [ 35.704175797000175, 1.192252134000057 ], [ 35.702675797000097, 1.200052134000089 ], [ 35.698375797000097, 1.201952134000067 ], [ 35.69737579700012, 1.205252134000091 ], [ 35.697125797000069, 1.215852134000158 ], [ 35.70387579700008, 1.228602134000141 ], [ 35.703375797000092, 1.232052134000128 ], [ 35.700975797000126, 1.233152134000022 ], [ 35.700175797000156, 1.239852134000159 ], [ 35.702475797000034, 1.242052134000119 ], [ 35.702475797000034, 1.246352134000063 ], [ 35.700875796999981, 1.248252134000097 ], [ 35.701475797000057, 1.254052134000176 ], [ 35.700201852000077, 1.257356309000102 ], [ 35.707175797000104, 1.27055213400007 ], [ 35.705775797000058, 1.272852134000118 ], [ 35.702375797000116, 1.27355213400017 ], [ 35.701075797000044, 1.277552134000189 ], [ 35.697875797000108, 1.279052134000096 ], [ 35.69817579700009, 1.282252134000032 ], [ 35.695675797000149, 1.286252134000051 ], [ 35.696375796999973, 1.292652134000036 ], [ 35.695778418000032, 1.29617178500007 ], [ 35.694575797000084, 1.296352134000131 ], [ 35.697511902000088, 1.308850598000049 ], [ 35.697220611999967, 1.32387539400014 ], [ 35.70008659400014, 1.32892668300002 ], [ 35.696344376000127, 1.329832374999967 ], [ 35.698163033000071, 1.331114173000174 ], [ 35.695051193000154, 1.335053980000112 ], [ 35.696016947000146, 1.339158495000163 ], [ 35.688848942000106, 1.342163784000036 ], [ 35.692346573, 1.343756914000039 ], [ 35.687807083000109, 1.347132206000083 ], [ 35.690946579000183, 1.353247762000024 ], [ 35.688366890000168, 1.355788082000061 ], [ 35.687889099000188, 1.358869433000166 ], [ 35.691466518000141, 1.362982896000062 ], [ 35.691347123000128, 1.368383825000137 ], [ 35.694791794000139, 1.36824268099997 ], [ 35.693334580000169, 1.372747004000075 ], [ 35.702830307000056, 1.386584811000091 ], [ 35.699308395000173, 1.387871325000106 ], [ 35.699110032000192, 1.390352786 ], [ 35.702604287000042, 1.395770239000171 ], [ 35.703221460000179, 1.400798680000094 ], [ 35.704994864000184, 1.402199199000052 ], [ 35.711822510000047, 1.402525127000047 ], [ 35.710381239000071, 1.404939447000118 ], [ 35.706777573000181, 1.406053305000114 ], [ 35.707353592000118, 1.409875512000099 ], [ 35.71099222700019, 1.411724180000078 ], [ 35.71077397199997, 1.414207897000153 ], [ 35.707537311000124, 1.415403970999989 ], [ 35.706436157000155, 1.41880190400002 ], [ 35.708225250000112, 1.42127162200012 ], [ 35.70597744000014, 1.428992539999967 ], [ 35.708875861000081, 1.431795823000016 ], [ 35.706507683000041, 1.438160002000188 ], [ 35.711958528000139, 1.442332890000102 ], [ 35.712951660000044, 1.448027253000078 ], [ 35.720870800000171, 1.452766577000034 ], [ 35.720491409000147, 1.456894815000169 ], [ 35.722639543000071, 1.458029409000062 ], [ 35.723345729000016, 1.460637802000178 ], [ 35.719295564000049, 1.47181445700005 ], [ 35.720489502000078, 1.473959625000077 ], [ 35.724499999000159, 1.475429319 ], [ 35.727140773000144, 1.480906489000063 ], [ 35.729984997000145, 1.481935710000016 ], [ 35.729064942000093, 1.487543166000023 ], [ 35.735002518000044, 1.491400659000078 ], [ 35.742095205000055, 1.500713638000093 ], [ 35.742656439000143, 1.504630806000023 ], [ 35.751806269000156, 1.506072144000086 ], [ 35.752207921000149, 1.510591848000161 ], [ 35.755661565000082, 1.516383129000133 ], [ 35.76158142100013, 1.519258618000094 ], [ 35.760928367000133, 1.522222113999987 ], [ 35.763202946000092, 1.525684908000187 ], [ 35.763454437000064, 1.532699108000031 ], [ 35.769162908000112, 1.534431596 ], [ 35.768791156000077, 1.545183426 ], [ 35.770768076000081, 1.550181557000144 ], [ 35.773618184000156, 1.552801318000093 ], [ 35.775689642000145, 1.571895206000022 ], [ 35.779932022000139, 1.571875513000066 ], [ 35.779882431000033, 1.578411222000057 ], [ 35.783619370000054, 1.581111216000124 ], [ 35.779369777000056, 1.589380146000053 ], [ 35.782295797000074, 1.592927349000036 ], [ 35.780676801000027, 1.596471017000113 ], [ 35.781487162000019, 1.601082237000071 ], [ 35.77917671199998, 1.604588986000067 ], [ 35.784137975000078, 1.606627599000092 ], [ 35.786575318000018, 1.609638572000108 ], [ 35.780647278000174, 1.616843462000077 ], [ 35.780468078000069, 1.624154901000111 ], [ 35.790402805000099, 1.626416341000152 ], [ 35.787686545000042, 1.631561670000167 ], [ 35.784604342000193, 1.633661738 ], [ 35.781241917999978, 1.633693462000167 ], [ 35.779945290000171, 1.639326727000082 ], [ 35.777519225999981, 1.641286612000101 ], [ 35.777458191, 1.645037413000068 ], [ 35.781495595000138, 1.649106669000105 ], [ 35.779620019000163, 1.651084508000054 ], [ 35.77984237700008, 1.655390739000154 ], [ 35.780908341000043, 1.656535689000179 ] ] ] } },
{ "type": "Feature", "properties": { "name": "Bomet" }, "geometry": { "type": "Polygon", "coordinates": [ [ [ 35.473602294999978, -0.399200438999969 ], [ 35.546875000000171, -0.518371581999872 ], [ 35.587278035000111, -0.587233551999873 ], [ 35.397178650000058, -0.644234209999979 ], [ 35.426512007000156, -0.721354878999932 ], [ 35.480837238000049, -0.764095912999892 ], [ 35.499184807000177, -0.770135751999931 ], [ 35.508323281000116, -0.774929820999944 ], [ 35.534261544000117, -0.778328012999907 ], [ 35.545365278000133, -0.78534188299983 ], [ 35.546495416000027, -0.787573372999873 ], [ 35.541114807000099, -0.794708370999956 ], [ 35.535055161000173, -0.798350780999897 ], [ 35.534111500000165, -0.801316000999918 ], [ 35.527576446000182, -0.805736510999907 ], [ 35.527082444000143, -0.808214514999975 ], [ 35.521155357000112, -0.808163701999945 ], [ 35.51972198500016, -0.811395853999954 ], [ 35.520329880000077, -0.814827328999968 ], [ 35.51669311500018, -0.816875123999978 ], [ 35.512991905000035, -0.815981559999841 ], [ 35.51344121600016, -0.818208930999901 ], [ 35.511379242000089, -0.817925333999881 ], [ 35.509916306000036, -0.822114735999946 ], [ 35.502351761, -0.822815953999907 ], [ 35.50130271900008, -0.824353843999972 ], [ 35.500481606000108, -0.822762950999959 ], [ 35.496687889000157, -0.823116912999922 ], [ 35.494709969000098, -0.824353858999871 ], [ 35.493968963999976, -0.827604233999978 ], [ 35.491119385000047, -0.827393114999893 ], [ 35.49059295700016, -0.829283564999912 ], [ 35.487054824999973, -0.829644738999946 ], [ 35.486719132000189, -0.832588284999872 ], [ 35.484876156000098, -0.832567587999847 ], [ 35.484387970000057, -0.8348354929999 ], [ 35.47909164400005, -0.838872193999975 ], [ 35.479518255000073, -0.841242948999934 ], [ 35.47724990800009, -0.844795345999955 ], [ 35.479125977000137, -0.849957550999932 ], [ 35.477419853000185, -0.849701553999978 ], [ 35.477125295000178, -0.853152739999814 ], [ 35.471280098000136, -0.855286150999916 ], [ 35.472295677000091, -0.858948256999895 ], [ 35.468251229000089, -0.860107763999906 ], [ 35.467931748000012, -0.862256734999903 ], [ 35.466536204000192, -0.861118137999938 ], [ 35.46133995100007, -0.862328975999844 ], [ 35.46180517099998, -0.872011895999947 ], [ 35.459791184000096, -0.871628492999946 ], [ 35.459434509000118, -0.873612780999906 ], [ 35.457832813000152, -0.872630498999968 ], [ 35.45532735200004, -0.875685552999812 ], [ 35.455460548000076, -0.882651790999944 ], [ 35.45331192000009, -0.881997510999895 ], [ 35.453494072000069, -0.879943653999874 ], [ 35.44941265600005, -0.883458462999897 ], [ 35.44943237300015, -0.880962513999975 ], [ 35.445837021000045, -0.881420686999945 ], [ 35.445810318000042, -0.883980005999888 ], [ 35.443449021000163, -0.88418003899983 ], [ 35.44295597100006, -0.887285276999876 ], [ 35.438606262000121, -0.886363625999934 ], [ 35.440961837000089, -0.892660616999933 ], [ 35.440088272000025, -0.893524765999928 ], [ 35.437500000000114, -0.893902618999959 ], [ 35.435523510000166, -0.89652109899987 ], [ 35.432382577000055, -0.896241009999869 ], [ 35.431248347000178, -0.894484787999886 ], [ 35.430435181000064, -0.89548187399987 ], [ 35.429435730000023, -0.897902309999949 ], [ 35.430625139000142, -0.901152089999869 ], [ 35.429058075000171, -0.903778239999951 ], [ 35.426362992000179, -0.903066932999877 ], [ 35.42390747100012, -0.904520439999885 ], [ 35.427937378000081, -0.916892922999978 ], [ 35.424625397000057, -0.916884540999888 ], [ 35.422577858000182, -0.920717819999879 ], [ 35.424461788000087, -0.921536205999928 ], [ 35.42342206, -0.923084564999954 ], [ 35.425909711000088, -0.931493292999903 ], [ 35.424871445000122, -0.934085621999884 ], [ 35.421541850000096, -0.934511581999971 ], [ 35.4236878050001, -0.939430263999952 ], [ 35.42078590400007, -0.940322308999953 ], [ 35.421327817000019, -0.943899927999951 ], [ 35.413831711000114, -0.944725750999964 ], [ 35.40487289400005, -0.948447008999949 ], [ 35.403507233000084, -0.947524576999911 ], [ 35.403008619000047, -0.950894124999934 ], [ 35.39797687600003, -0.956049367999867 ], [ 35.394594192999989, -0.95470440399987 ], [ 35.392481995000026, -0.956658029999971 ], [ 35.388470968000092, -0.956287045999829 ], [ 35.385134697000183, -0.958433627999966 ], [ 35.383609009000054, -0.95704045299982 ], [ 35.382058462000089, -0.959371695999948 ], [ 35.377956390000179, -0.959434737999857 ], [ 35.37620544400005, -0.965255140999943 ], [ 35.373025895000126, -0.968733608999912 ], [ 35.369660377000059, -0.967191101999902 ], [ 35.370128262000094, -0.97192961199994 ], [ 35.365975510000055, -0.972964573999946 ], [ 35.363365172999977, -0.968780735999815 ], [ 35.35928726200018, -0.970709501999977 ], [ 35.354814351000186, -0.967352859999949 ], [ 35.349717935000058, -0.971296679999966 ], [ 35.350697835000119, -0.977117031999967 ], [ 35.347125660000074, -0.973904089999962 ], [ 35.348399480000126, -0.971501697999884 ], [ 35.346088409000117, -0.969903925999915 ], [ 35.339311600000087, -0.973671942999943 ], [ 35.339769918, -0.977425276999895 ], [ 35.333640289000073, -0.97426775699995 ], [ 35.32910385100007, -0.97945406399981 ], [ 35.331593409, -0.980793252999945 ], [ 35.327814102000048, -0.984749525999973 ], [ 35.324704170000132, -0.984156861999963 ], [ 35.322299321000173, -0.986971487999881 ], [ 35.319005489000119, -0.986362508999946 ], [ 35.319531441000152, -0.987302124999815 ], [ 35.314157486000056, -0.991404503999945 ], [ 35.315743542000178, -0.992878824999934 ], [ 35.313565730999983, -0.994416698999885 ], [ 35.311582565000037, -0.993724206999957 ], [ 35.312438130000032, -0.998973639999974 ], [ 35.307937145000039, -0.998847163999926 ], [ 35.303367615000184, -1.003402530999949 ], [ 35.298915863000047, -1.002040385999976 ], [ 35.295731862000139, -1.006235797999977 ], [ 35.28987808200003, -1.007836198999883 ], [ 35.28901481600019, -1.010610758999974 ], [ 35.286090851000097, -1.009948014999907 ], [ 35.284432729000059, -1.012537955999903 ], [ 35.281426907000025, -1.010665587999881 ], [ 35.280445099000133, -1.014720975999978 ], [ 35.277284622000025, -1.01686572999995 ], [ 35.271831243000122, -1.019163940999874 ], [ 35.27000618, -1.018364488999964 ], [ 35.271107992000054, -1.021734594999941 ], [ 35.264064789000031, -1.018833934999918 ], [ 35.260993958000029, -1.019917427999928 ], [ 35.258124352000095, -1.026499449999903 ], [ 35.254674911000109, -1.027989148999893 ], [ 35.251394272000141, -1.026248126999974 ], [ 35.251726480000116, -1.028629775999946 ], [ 35.248692322000068, -1.028983258999972 ], [ 35.247871399000076, -1.030889719999891 ], [ 35.248594917000105, -1.032878438999944 ], [ 35.24450747200018, -1.034959474999937 ], [ 35.242682866000052, -1.033341960999962 ], [ 35.240866343000107, -1.034844755999927 ], [ 35.116610165000111, -0.932281916999955 ], [ 35.115418372000192, -0.933666323999944 ], [ 35.108779907000098, -0.926282703999959 ], [ 35.082649231, -0.904514610999911 ], [ 35.012825020000093, -0.887919667999881 ], [ 35.013599648000024, -0.885262634999947 ], [ 35.012074827999982, -0.879565648999971 ], [ 35.017947488000061, -0.871026818999894 ], [ 35.020370483000079, -0.869432985999936 ], [ 35.023857117000091, -0.874156236999909 ], [ 35.025379181000119, -0.872793137999963 ], [ 35.025158099000123, -0.858798150999974 ], [ 35.021405754000057, -0.847364294999977 ], [ 35.031669649000094, -0.844601902999898 ], [ 35.044364929000153, -0.852508306999937 ], [ 35.091285339000137, -0.800883362999912 ], [ 35.047894623000161, -0.706537988999969 ], [ 35.050178751000146, -0.700583728999959 ], [ 35.060010203000047, -0.694704386999945 ], [ 35.068097650000141, -0.69407171999984 ], [ 35.072194043000025, -0.690792207999891 ], [ 35.069216511000093, -0.682547948999968 ], [ 35.062683934000177, -0.675314100999913 ], [ 35.063044445000116, -0.669866120999814 ], [ 35.05742970700004, -0.663461340999959 ], [ 35.055115131000036, -0.656017781999935 ], [ 35.056761431000155, -0.648511936999967 ], [ 35.055841578000184, -0.643008655999836 ], [ 35.058666813000059, -0.635893388999875 ], [ 35.062924622000025, -0.632742529999973 ], [ 35.064207338000131, -0.629273369999964 ], [ 35.061994268000149, -0.623522805999869 ], [ 35.058331632000147, -0.619605280999906 ], [ 35.063198090000128, -0.620569943999897 ], [ 35.06719892000018, -0.603438036999933 ], [ 35.069833746000086, -0.598965776999819 ], [ 35.072284460000162, -0.597485737999932 ], [ 35.082814751000058, -0.598170933999938 ], [ 35.080883980000067, -0.602026968999951 ], [ 35.081775665000066, -0.604951350999897 ], [ 35.086870194000142, -0.607995360999951 ], [ 35.0841509870001, -0.614991251999811 ], [ 35.085479139000029, -0.618253601999925 ], [ 35.083721350000189, -0.620677442999977 ], [ 35.087768555000139, -0.623374724999962 ], [ 35.082519531000116, -0.631600748999972 ], [ 35.082713127000147, -0.63780286899987 ], [ 35.080188294000095, -0.637362594999956 ], [ 35.08311362600017, -0.641360507999877 ], [ 35.080883025999981, -0.644320278999828 ], [ 35.080247172000156, -0.650245083999948 ], [ 35.092895534000036, -0.65693324099982 ], [ 35.098245914000074, -0.655340109999884 ], [ 35.107994861000122, -0.65555161799989 ], [ 35.114782832000174, -0.652945143999887 ], [ 35.119579315000124, -0.655724330999874 ], [ 35.121588138000163, -0.661156883999979 ], [ 35.125094368000191, -0.661548736999976 ], [ 35.132530213, -0.657829760999903 ], [ 35.140623756000082, -0.658764089999977 ], [ 35.146910509000065, -0.657027493999976 ], [ 35.151854025000148, -0.658065576999888 ], [ 35.161561180000149, -0.65532420999989 ], [ 35.178147688000081, -0.655098141999929 ], [ 35.179094808000116, -0.651438739999946 ], [ 35.19560889000013, -0.643685605999963 ], [ 35.198444086000052, -0.636769189999882 ], [ 35.210587435000036, -0.62604424899996 ], [ 35.22773334600015, -0.614153380999937 ], [ 35.22843691200012, -0.606672560999925 ], [ 35.224670410000044, -0.596923827999888 ], [ 35.212793995000141, -0.591699161999941 ], [ 35.195597797, -0.574565290999942 ], [ 35.196636539000167, -0.563003388999959 ], [ 35.200553058000139, -0.554547043999946 ], [ 35.20529174800015, -0.550628661999951 ], [ 35.206127686000059, -0.547332563999873 ], [ 35.197716595000031, -0.536183679999965 ], [ 35.19754848700012, -0.533448840999938 ], [ 35.20007324200003, -0.530303954999965 ], [ 35.198794263000025, -0.525171260999969 ], [ 35.193162307000136, -0.523011442999973 ], [ 35.189490524000178, -0.517740785999877 ], [ 35.193115234000061, -0.507080077999944 ], [ 35.18786977200017, -0.503107335999971 ], [ 35.178747491000081, -0.500148379999928 ], [ 35.17755823900012, -0.494829572999947 ], [ 35.181528755000159, -0.482158133999917 ], [ 35.182512259000191, -0.483735031999913 ], [ 35.186765586000149, -0.484495793999884 ], [ 35.192687988000046, -0.481384276999904 ], [ 35.202439038000193, -0.481471619999866 ], [ 35.205382880000059, -0.479538967999929 ], [ 35.214991220000172, -0.478460795999979 ], [ 35.220794678000175, -0.473724364999953 ], [ 35.221382487000028, -0.471457797999904 ], [ 35.208923340000069, -0.465270995999958 ], [ 35.217738027000109, -0.454129144999911 ], [ 35.218617247000054, -0.449110358999974 ], [ 35.228937012000131, -0.432853169999873 ], [ 35.228748048000114, -0.429505509999842 ], [ 35.232091825999987, -0.422038769999858 ], [ 35.245482547000165, -0.421684440999854 ], [ 35.250936118000084, -0.418893006999895 ], [ 35.257249706000039, -0.422200791999956 ], [ 35.261457589000145, -0.422432964999871 ], [ 35.277404785000158, -0.415924071999939 ], [ 35.279296875000171, -0.418090819999975 ], [ 35.287017822000166, -0.41711425799997 ], [ 35.293110979000062, -0.422660056999916 ], [ 35.303205710000157, -0.424151885999891 ], [ 35.308331031000137, -0.423342573999889 ], [ 35.313598633000083, -0.419708251999964 ], [ 35.323425293000071, -0.419006347999868 ], [ 35.331115723000096, -0.411010741999974 ], [ 35.331298828000058, -0.408081054999968 ], [ 35.334289551000154, -0.406311034999874 ], [ 35.350891113000102, -0.408905028999925 ], [ 35.361389159999987, -0.40734863299997 ], [ 35.361785889000089, -0.41241455099987 ], [ 35.358703613000102, -0.414123534999874 ], [ 35.357116699000073, -0.417907714999899 ], [ 35.350524902000132, -0.419128417999843 ], [ 35.343872070000145, -0.422912597999925 ], [ 35.34008789100011, -0.426208495999958 ], [ 35.337707520000095, -0.431701659999931 ], [ 35.343505859000118, -0.428955077999944 ], [ 35.352478027000132, -0.428527831999929 ], [ 35.361602783000194, -0.421356200999981 ], [ 35.362512231000096, -0.482291789999977 ], [ 35.365295410000101, -0.481689452999944 ], [ 35.368896484000174, -0.483398436999948 ], [ 35.376664117000075, -0.478953213999944 ], [ 35.38080783800018, -0.471851680999976 ], [ 35.386281845000042, -0.472547056999872 ], [ 35.388436231000128, -0.467817832999913 ], [ 35.393587427, -0.463391352999963 ], [ 35.394663880000167, -0.45957403299991 ], [ 35.398712158000137, -0.458496093999941 ], [ 35.40060424800015, -0.460968017999903 ], [ 35.405578613000102, -0.46069335899989 ], [ 35.408905029000152, -0.459197997999979 ], [ 35.411621094000054, -0.455200194999975 ], [ 35.419006348000096, -0.453308104999905 ], [ 35.427092016000131, -0.454520590999948 ], [ 35.431180856000026, -0.449679508999964 ], [ 35.436004639000089, -0.436401366999917 ], [ 35.439697266000167, -0.434295653999868 ], [ 35.440259965999985, -0.430647798999928 ], [ 35.442953956000167, -0.427802436999968 ], [ 35.453002736000087, -0.42275961099989 ], [ 35.463290691000168, -0.405723008999928 ], [ 35.465217069000062, -0.403811855999948 ], [ 35.469184839000093, -0.403332073999877 ], [ 35.473602294999978, -0.399200438999969 ] ] ] } },
{ "type": "Feature", "properties": { "name": "Bungoma" }, "geometry": { "type": "Polygon", "coordinates": [ [ [ 34.609134168000082, 1.111792441000148 ], [ 34.63202340800018, 1.09342829600007 ], [ 34.641552084000068, 1.090570012 ], [ 34.652597679000166, 1.084292033000054 ], [ 34.661765517, 1.083589713000038 ], [ 34.651127948000124, 1.056890944000145 ], [ 34.656329208000045, 1.052829878000068 ], [ 34.73927146800014, 0.940107045000161 ], [ 34.766743999000141, 0.923579774000075 ], [ 34.777697904000036, 0.926219924000179 ], [ 34.785257132000083, 0.92595912500002 ], [ 34.797639523000043, 0.915764074000151 ], [ 34.800705453000091, 0.906506499000045 ], [ 34.798817690000135, 0.903628304000051 ], [ 34.793885305000117, 0.90203450600012 ], [ 34.792425031000107, 0.897377029000154 ], [ 34.78668278400005, 0.891015443000128 ], [ 34.790109916000119, 0.886940091000099 ], [ 34.789482893000184, 0.884561611000095 ], [ 34.793062170000155, 0.873543764000033 ], [ 34.795603652000125, 0.870508274000031 ], [ 34.795529173999967, 0.85887612800002 ], [ 34.799448612999981, 0.849559375000183 ], [ 34.804874353000059, 0.845641344000114 ], [ 34.805287375000091, 0.839976617000104 ], [ 34.810423428999968, 0.827036769000074 ], [ 34.811311367000087, 0.815099879000059 ], [ 34.809090189000187, 0.807500812000058 ], [ 34.870614232000094, 0.826300570000171 ], [ 34.914330894000045, 0.848448564000023 ], [ 34.919506231000071, 0.849690642000098 ], [ 34.925796223000191, 0.855463426000085 ], [ 34.928971119000153, 0.856224574 ], [ 34.931639686000096, 0.854272926000021 ], [ 34.933603281000103, 0.854746072000069 ], [ 34.942449959000044, 0.871314405000021 ], [ 34.950870007000049, 0.871067819000075 ], [ 34.966759049000188, 0.874883376000014 ], [ 34.965783291000093, 0.879775012000096 ], [ 34.987919360000149, 0.886391830000093 ], [ 34.985305728000071, 0.880859096999984 ], [ 35.018852651000088, 0.88769806800002 ], [ 35.019100839000032, 0.88175376300012 ], [ 35.013058683000168, 0.86334379900012 ], [ 35.014358453000057, 0.86055690400002 ], [ 35.021596506000037, 0.857055593000098 ], [ 35.025498029000175, 0.851870751000092 ], [ 35.025423886000169, 0.847284139000067 ], [ 35.027833711000142, 0.840752419000182 ], [ 35.025427672000092, 0.837524519000056 ], [ 35.024869074000094, 0.831631609999988 ], [ 35.027399230000185, 0.830029067 ], [ 35.027734070000179, 0.827335120000157 ], [ 35.031622969000125, 0.822452220000059 ], [ 35.04130837800011, 0.821098915000107 ], [ 35.04330150200019, 0.815590347000125 ], [ 35.046508621000044, 0.812800292000134 ], [ 35.052036647000023, 0.802668265000136 ], [ 35.053838714, 0.801330887000177 ], [ 35.056879388000084, 0.802112401000159 ], [ 35.063907167000082, 0.796918147999975 ], [ 35.064834101000031, 0.790869016000045 ], [ 35.063436472000092, 0.788409697000077 ], [ 35.067572601000109, 0.78443847900013 ], [ 35.065950753000038, 0.783104694000144 ], [ 35.067396046000169, 0.780696308000188 ], [ 35.065061027000127, 0.777947784000162 ], [ 35.066387730000031, 0.772733967000136 ], [ 35.064758114000028, 0.769314610000094 ], [ 35.066493910000133, 0.767435214000045 ], [ 35.064318386000082, 0.763413977000141 ], [ 35.053196495000066, 0.764197631000116 ], [ 35.0437717370001, 0.761341120000111 ], [ 35.042637503000037, 0.758565833000091 ], [ 35.038513290000139, 0.755544242000099 ], [ 35.041085255000041, 0.750229051000076 ], [ 35.037124057000028, 0.749233778000018 ], [ 35.031924732000164, 0.753114057 ], [ 35.031081197000105, 0.750996366000038 ], [ 35.027047760000016, 0.750773664000064 ], [ 35.028406225000083, 0.746554356000047 ], [ 35.027457427000115, 0.74531237900004 ], [ 35.02055628100004, 0.744514325000068 ], [ 35.018289945000106, 0.751531805000184 ], [ 35.015099897000084, 0.751860234000105 ], [ 35.012304163000067, 0.75445640200013 ], [ 35.005203448000088, 0.74679131400012 ], [ 35.001718332, 0.746736445000067 ], [ 35.000493360000121, 0.744513511000036 ], [ 34.996810139000104, 0.745223019000093 ], [ 34.991713513000093, 0.748153236000178 ], [ 34.988741242000117, 0.754045668000117 ], [ 34.985854578000158, 0.755365141000084 ], [ 34.980984926000133, 0.753699281000138 ], [ 34.977213621000089, 0.757266184000116 ], [ 34.969074756000055, 0.753273891999982 ], [ 34.962530876000187, 0.754247213000156 ], [ 34.95657594000005, 0.749600782000016 ], [ 34.955664750000153, 0.754075951 ], [ 34.952231440000162, 0.751864494000074 ], [ 34.948928350000017, 0.753631466000115 ], [ 34.940150978000133, 0.740936442000077 ], [ 34.937732577000133, 0.743192339000132 ], [ 34.935603241000024, 0.742735983000046 ], [ 34.934106995000036, 0.740195691000167 ], [ 34.929750133000141, 0.742359826000097 ], [ 34.921986195000102, 0.726999756000168 ], [ 34.922456003000036, 0.72284826900011 ], [ 34.926341104000073, 0.71802541600016 ], [ 34.92944213100003, 0.709015273000091 ], [ 34.926424213000132, 0.702434132000121 ], [ 34.920067542000027, 0.700620837000088 ], [ 34.918138869000074, 0.695156894000149 ], [ 34.912673562000066, 0.692758717000061 ], [ 34.91001157200003, 0.68708007000015 ], [ 34.899793592000151, 0.686715728000024 ], [ 34.892784806000066, 0.691648839000095 ], [ 34.879686259000096, 0.683780133000027 ], [ 34.873279763000085, 0.685445163000168 ], [ 34.867331006000029, 0.682988561000116 ], [ 34.862615612000184, 0.685334093 ], [ 34.857993002000114, 0.681582589000129 ], [ 34.857970490000071, 0.675108984000133 ], [ 34.851714690000051, 0.671326962000023 ], [ 34.847887265, 0.671279577000121 ], [ 34.84316603100018, 0.66736501500003 ], [ 34.841104452000025, 0.660074033000058 ], [ 34.837145441000132, 0.657877561000021 ], [ 34.838170699000045, 0.651131259000124 ], [ 34.832759111000087, 0.646600975000126 ], [ 34.83594055400016, 0.638679561000174 ], [ 34.833222883000133, 0.63494459400016 ], [ 34.832215446000134, 0.626730062000092 ], [ 34.823351290000176, 0.619356668000023 ], [ 34.819611677000125, 0.619610912000098 ], [ 34.815053084000169, 0.616944415000034 ], [ 34.808789565000154, 0.607703319000109 ], [ 34.803076483000154, 0.606851683000173 ], [ 34.802504629000111, 0.603419016000089 ], [ 34.79946065200005, 0.600070876000188 ], [ 34.810346219000166, 0.590120217000106 ], [ 34.810286536000149, 0.588213819000146 ], [ 34.801197394000042, 0.587427746 ], [ 34.791374315000041, 0.581115471000089 ], [ 34.788344867000035, 0.57745794900012 ], [ 34.782968394000022, 0.577739979 ], [ 34.778316841000048, 0.574564118000069 ], [ 34.770903599, 0.566052210000123 ], [ 34.764375549000079, 0.565097958000024 ], [ 34.763247583000179, 0.562024116000089 ], [ 34.765535814000089, 0.558105233999981 ], [ 34.759793176000073, 0.552964594000116 ], [ 34.760068468000156, 0.548817856000028 ], [ 34.754599883000026, 0.545014226000092 ], [ 34.754339735000144, 0.542337596000095 ], [ 34.750498666000055, 0.541296441000043 ], [ 34.748127117000024, 0.536760841000103 ], [ 34.745680698, 0.538567044000047 ], [ 34.74173450100011, 0.537804123000114 ], [ 34.741233177000026, 0.535311473000093 ], [ 34.737172292000025, 0.532083733000036 ], [ 34.734251637, 0.520592684 ], [ 34.728440848, 0.516972423000084 ], [ 34.727192933000026, 0.512830561000044 ], [ 34.720658484000182, 0.508782648000022 ], [ 34.718144704000053, 0.511540282000112 ], [ 34.714830249000158, 0.510944431000098 ], [ 34.708549842000025, 0.50522372800009 ], [ 34.701501246000191, 0.508455090000098 ], [ 34.695970850000151, 0.503475542000047 ], [ 34.693757369000082, 0.495769914 ], [ 34.689505636000092, 0.491667586000062 ], [ 34.688412545000176, 0.486573754000119 ], [ 34.683860779000156, 0.487197280000032 ], [ 34.68317556400018, 0.485045899000056 ], [ 34.676085472000125, 0.485287890000109 ], [ 34.678544998000064, 0.473884672000054 ], [ 34.673597336000114, 0.47220070700007 ], [ 34.666477203000113, 0.461424768000086 ], [ 34.663414001000149, 0.460572064000075 ], [ 34.660575867000148, 0.461951077000037 ], [ 34.65713119500009, 0.455586463000088 ], [ 34.654411316, 0.454446152000173 ], [ 34.650288582000144, 0.456554419999975 ], [ 34.642784119000112, 0.451449484000022 ], [ 34.632175446000133, 0.453677118000144 ], [ 34.630319595000174, 0.457058296000127 ], [ 34.631646493000176, 0.461584765000111 ], [ 34.627293587000111, 0.464740600000027 ], [ 34.627124786000081, 0.461380899000119 ], [ 34.618267059000175, 0.458264917000065 ], [ 34.615070343000184, 0.448824108000053 ], [ 34.616668701000094, 0.444581047000099 ], [ 34.612737655999979, 0.444302589000131 ], [ 34.605009079000126, 0.452022985000156 ], [ 34.598220825000112, 0.4461183250001 ], [ 34.595250130000124, 0.44522952300008 ], [ 34.591960907000157, 0.446665275000043 ], [ 34.59006627399998, 0.437391877000152 ], [ 34.592813492000118, 0.434209585000076 ], [ 34.592715263000059, 0.430915415000015 ], [ 34.590340932000174, 0.427679241000135 ], [ 34.589405918000068, 0.421280703999969 ], [ 34.58743653300013, 0.426908112000035 ], [ 34.580868250000094, 0.433057064000025 ], [ 34.581492070000024, 0.4405662530001 ], [ 34.579869988000098, 0.441664059000118 ], [ 34.580983704000062, 0.445994374000065 ], [ 34.579924782000035, 0.448532806000117 ], [ 34.581115646000171, 0.453211417999967 ], [ 34.579833739000037, 0.45535516100017 ], [ 34.576984670000115, 0.457837550000136 ], [ 34.56352325600011, 0.458914162000042 ], [ 34.550706467000055, 0.47110011 ], [ 34.544605354000169, 0.468422003000057 ], [ 34.542410965000045, 0.465142368000045 ], [ 34.537911732, 0.462907561000122 ], [ 34.536316710000051, 0.45233222700017 ], [ 34.531568074000063, 0.444470164000052 ], [ 34.526131242000133, 0.448295501000132 ], [ 34.516191323999976, 0.450701345000027 ], [ 34.507383274000063, 0.459214345000078 ], [ 34.495823780000194, 0.459104878000176 ], [ 34.49535822200005, 0.466815633000181 ], [ 34.484179826000059, 0.484824237000055 ], [ 34.471884134000049, 0.480825171999982 ], [ 34.460339345000079, 0.469256117000157 ], [ 34.446663206000153, 0.468831224000041 ], [ 34.439662750000025, 0.464185713000177 ], [ 34.434828180000181, 0.463905457000067 ], [ 34.429672064999977, 0.466350282000121 ], [ 34.421294970000076, 0.474430148000067 ], [ 34.417314946000147, 0.476210957000035 ], [ 34.405070193000142, 0.476187613000093 ], [ 34.394853478000073, 0.469443308000109 ], [ 34.391261039000085, 0.468261175000066 ], [ 34.389694033000126, 0.46959942 ], [ 34.3859620610001, 0.485183146000168 ], [ 34.385948250000069, 0.494964278000168 ], [ 34.389989623000076, 0.49951941300003 ], [ 34.404408857000135, 0.501158941000142 ], [ 34.408579343000042, 0.506216029000029 ], [ 34.406746788000191, 0.512116370000172 ], [ 34.401125187000048, 0.517481576000023 ], [ 34.390688409000177, 0.538966267000148 ], [ 34.382053432000077, 0.544225935000156 ], [ 34.368133615000033, 0.562259709000102 ], [ 34.376731463000169, 0.578949311000088 ], [ 34.370773304000011, 0.588960317000101 ], [ 34.369780226000103, 0.605682781000098 ], [ 34.370397043000082, 0.607800055000155 ], [ 34.376091436000081, 0.607839387000183 ], [ 34.378430424000157, 0.613061321000089 ], [ 34.378613213000051, 0.62392708100009 ], [ 34.383730705000175, 0.633759673000043 ], [ 34.383306142000151, 0.642592678000028 ], [ 34.385948663000192, 0.643892509000011 ], [ 34.385863806000032, 0.64551625100006 ], [ 34.391397897000047, 0.64568897099997 ], [ 34.394080001000134, 0.649389682000049 ], [ 34.39302852600008, 0.650334423000118 ], [ 34.395730236000134, 0.649659215000042 ], [ 34.417566617999967, 0.659960324000167 ], [ 34.409154958000158, 0.681677163000131 ], [ 34.415433420000056, 0.68986035100005 ], [ 34.404648670000142, 0.726862290000156 ], [ 34.407743915000026, 0.727314494999973 ], [ 34.412575414000173, 0.724213821000149 ], [ 34.415222884000059, 0.725938747000043 ], [ 34.417937978000168, 0.724189922 ], [ 34.420326190000026, 0.726245672000118 ], [ 34.422902386000032, 0.725560247000146 ], [ 34.42717902000004, 0.729175530000077 ], [ 34.431721137000068, 0.72669057600018 ], [ 34.43455739500007, 0.739083922000077 ], [ 34.430289071000061, 0.751730723000151 ], [ 34.423562388000107, 0.758345691000159 ], [ 34.411846858000104, 0.762629853000078 ], [ 34.404548013000067, 0.756185900000048 ], [ 34.398842701000035, 0.755809587000101 ], [ 34.392483253000137, 0.760726181000109 ], [ 34.382804210000188, 0.773923081000135 ], [ 34.368141382000033, 0.772904694000147 ], [ 34.362081941000042, 0.778241006999963 ], [ 34.364410013000111, 0.781634147000091 ], [ 34.367077880000181, 0.781291556000042 ], [ 34.370758612000088, 0.784138989000041 ], [ 34.372891600000173, 0.787275728000111 ], [ 34.373010013000112, 0.790734147000023 ], [ 34.377635570999985, 0.79696651800009 ], [ 34.381435394000107, 0.793150008000168 ], [ 34.383433567000111, 0.793373205000023 ], [ 34.384579129000031, 0.802572995000048 ], [ 34.389098133, 0.804939824999963 ], [ 34.394915829000183, 0.8027866380001 ], [ 34.414312259000098, 0.811995007000178 ], [ 34.410810013000059, 0.816834147000179 ], [ 34.413624797000068, 0.820447863000027 ], [ 34.40901001300017, 0.824534147000122 ], [ 34.407710013000042, 0.829734147000124 ], [ 34.410037338000166, 0.833259541000132 ], [ 34.415097474000163, 0.835709580000071 ], [ 34.415610013, 0.843034147000139 ], [ 34.41748867900003, 0.84364316000017 ], [ 34.423287941000069, 0.852245629000038 ], [ 34.442392660999985, 0.859043054000153 ], [ 34.446362462000138, 0.863975611000171 ], [ 34.446496941000134, 0.877488838000147 ], [ 34.451984106, 0.8913651310001 ], [ 34.450410013000067, 0.899534147000111 ], [ 34.457049232000088, 0.904419979000068 ], [ 34.459010013000011, 0.909034147000114 ], [ 34.464393610000059, 0.912220053000112 ], [ 34.479190036000034, 0.939367174000154 ], [ 34.482717835000187, 0.962088919000166 ], [ 34.489156445000162, 0.983210471000177 ], [ 34.487292709000144, 1.001282577000154 ], [ 34.49130926600003, 1.031099067000127 ], [ 34.493719436000163, 1.043684287000133 ], [ 34.499920541000165, 1.05774407500013 ], [ 34.499164601000132, 1.061805129000049 ], [ 34.504034288000071, 1.071875131000127 ], [ 34.514229821000129, 1.082162064000158 ], [ 34.522408364000171, 1.101934436000079 ], [ 34.530632374000106, 1.106421746000137 ], [ 34.574392694999972, 1.102029312000127 ], [ 34.579758520000155, 1.150184714000147 ], [ 34.609134168000082, 1.111792441000148 ] ] ] } },
{ "type": "Feature", "properties": { "name": "Busia" }, "geometry": { "type": "Polygon", "coordinates": [ [ [ 34.360969543000067, 0.777298808000069 ], [ 34.368141382000033, 0.772904694000147 ], [ 34.382804210000188, 0.773923081000135 ], [ 34.392483253000137, 0.760726181000109 ], [ 34.398842701000035, 0.755809587000101 ], [ 34.404548013000067, 0.756185900000048 ], [ 34.411846858000104, 0.762629853000078 ], [ 34.423562388000107, 0.758345691000159 ], [ 34.430289071000061, 0.751730723000151 ], [ 34.43376816600005, 0.744546463000063 ], [ 34.434631172000081, 0.736606644000119 ], [ 34.431721137000068, 0.72669057600018 ], [ 34.42717902000004, 0.729175530000077 ], [ 34.422902386000032, 0.725560247000146 ], [ 34.420326190000026, 0.726245672000118 ], [ 34.417937978000168, 0.724189922 ], [ 34.415222884000059, 0.725938747000043 ], [ 34.412575414000173, 0.724213821000149 ], [ 34.407743915000026, 0.727314494999973 ], [ 34.404648670000142, 0.726862290000156 ], [ 34.415433420000056, 0.68986035100005 ], [ 34.409154958000158, 0.681677163000131 ], [ 34.417566617999967, 0.659960324000167 ], [ 34.395730236000134, 0.649659215000042 ], [ 34.39302852600008, 0.650334423000118 ], [ 34.394080001000134, 0.649389682000049 ], [ 34.391397897000047, 0.64568897099997 ], [ 34.385863806000032, 0.64551625100006 ], [ 34.385948663000192, 0.643892509000011 ], [ 34.383306142000151, 0.642592678000028 ], [ 34.383730705000175, 0.633759673000043 ], [ 34.378613213000051, 0.62392708100009 ], [ 34.378430424000157, 0.613061321000089 ], [ 34.376091436000081, 0.607839387000183 ], [ 34.370397043000082, 0.607800055000155 ], [ 34.369780226000103, 0.605682781000098 ], [ 34.370773304000011, 0.588960317000101 ], [ 34.376731463000169, 0.578949311000088 ], [ 34.368133615000033, 0.562259709000102 ], [ 34.382053432000077, 0.544225935000156 ], [ 34.390688409000177, 0.538966267000148 ], [ 34.401125187000048, 0.517481576000023 ], [ 34.406746788000191, 0.512116370000172 ], [ 34.408259382000153, 0.504834944000095 ], [ 34.403245405000121, 0.500711279000029 ], [ 34.389989623000076, 0.49951941300003 ], [ 34.385948250000069, 0.494964278000168 ], [ 34.3859620610001, 0.485183146000168 ], [ 34.389110583000161, 0.470616120000159 ], [ 34.391261039000085, 0.468261175000066 ], [ 34.389971419000176, 0.462370229000101 ], [ 34.38200157600005, 0.45900673400007 ], [ 34.375468597000122, 0.460726155000089 ], [ 34.368274270000029, 0.457329810000033 ], [ 34.364370154000142, 0.440864392000151 ], [ 34.356376834000116, 0.436572939000087 ], [ 34.343409235000138, 0.42517376700016 ], [ 34.361141867000072, 0.405428210000025 ], [ 34.366262119000055, 0.403713761000176 ], [ 34.37820013400011, 0.40500358100013 ], [ 34.384416977000114, 0.39829590700009 ], [ 34.391546617000131, 0.396685316000116 ], [ 34.407446847000131, 0.386452653 ], [ 34.421969004000061, 0.37267055000018 ], [ 34.414909839000188, 0.36739296200011 ], [ 34.398907428000143, 0.36244068000002 ], [ 34.385774390000108, 0.354018544000041 ], [ 34.38445565100011, 0.348558150000144 ], [ 34.385036077, 0.335852393000039 ], [ 34.382293047000076, 0.318386772000053 ], [ 34.378908791000185, 0.313532228000042 ], [ 34.366704668000182, 0.303950298000188 ], [ 34.333885523000163, 0.310928789000172 ], [ 34.316965991000188, 0.30899460500018 ], [ 34.294875591000107, 0.309491860000037 ], [ 34.289249048000045, 0.307900947000121 ], [ 34.276620993000165, 0.310842326000056 ], [ 34.265584006000097, 0.308027593000133 ], [ 34.255434520000165, 0.313021887000161 ], [ 34.250180389000036, 0.313303496000117 ], [ 34.246966505000046, 0.311491567000189 ], [ 34.239813887000082, 0.296767276000026 ], [ 34.235997190000035, 0.292206028000123 ], [ 34.20555727600015, 0.286353457000189 ], [ 34.204893348000098, 0.263468960000068 ], [ 34.203391138000143, 0.261186223000095 ], [ 34.200786047000179, 0.269140301000107 ], [ 34.19146828300012, 0.272499781000022 ], [ 34.185885320000125, 0.276444765000122 ], [ 34.182254475000036, 0.286628703000076 ], [ 34.177494206000063, 0.290062924999972 ], [ 34.173565486000086, 0.296421904000056 ], [ 34.159464188000015, 0.30074429400014 ], [ 34.158609405999982, 0.290871789000107 ], [ 34.138441457999988, 0.257410111000127 ], [ 34.132106129000135, 0.251322778000144 ], [ 34.116825264000113, 0.242776551000077 ], [ 34.11630783600009, 0.219025704000046 ], [ 34.113624779000077, 0.210700177000149 ], [ 34.10951361900004, 0.20571646500008 ], [ 34.110368551000079, 0.200611687000105 ], [ 34.105265425000084, 0.18686002700008 ], [ 34.111991658000193, 0.176127840000163 ], [ 34.111164767000105, 0.160991430000138 ], [ 34.112811615000112, 0.150344309000161 ], [ 34.114695452000092, 0.149903214000176 ], [ 34.111836963000087, 0.137260160000153 ], [ 34.108358801000065, 0.131025194000131 ], [ 34.102946806000034, 0.126118515000144 ], [ 34.10248005800014, 0.129697373000113 ], [ 34.104959306000069, 0.136077799000134 ], [ 34.099447118000171, 0.136409158999982 ], [ 34.090445208000176, 0.126554380000073 ], [ 34.086019768000142, 0.12679914000006 ], [ 34.084092510000175, 0.122805397000093 ], [ 34.079340294000076, 0.122655392000013 ], [ 34.072186379000129, 0.118913815000155 ], [ 34.073581956000055, 0.10427849000007 ], [ 34.066224375000161, 0.090554975000146 ], [ 34.042114224000045, 0.000320284 ], [ 34.029548920000082, -0.017863825999882 ], [ 34.015488614000049, -0.027709632999972 ], [ 34.007289572000047, -0.02618281599996 ], [ 33.949385067000094, -0.026509239999939 ], [ 33.912450547000162, 0.099753432000114 ], [ 33.910288655000159, 0.102964159000123 ], [ 33.910410013000103, 0.106434147000186 ], [ 34.00703630300012, 0.237095045000046 ], [ 34.015369730000145, 0.250967158000037 ], [ 34.02184252800015, 0.256718984000031 ], [ 34.02120659100018, 0.261252403000071 ], [ 34.024712119000185, 0.269217219000041 ], [ 34.031310013000052, 0.269934147000015 ], [ 34.037711670000078, 0.273200997000174 ], [ 34.040339882000126, 0.276774817000103 ], [ 34.041554041000097, 0.279395666000141 ], [ 34.039737531000128, 0.286372414000084 ], [ 34.041705553000043, 0.28869254600005 ], [ 34.041538641000102, 0.292124149000188 ], [ 34.047702673000117, 0.294419280999989 ], [ 34.049722216000134, 0.297364846000107 ], [ 34.048791029000085, 0.302619845000152 ], [ 34.051838598000131, 0.308389149 ], [ 34.060029434000114, 0.313448025000071 ], [ 34.057658038000056, 0.324187686000073 ], [ 34.074510013, 0.324734147000072 ], [ 34.077110013000038, 0.327934147000178 ], [ 34.083710013000086, 0.331334147000121 ], [ 34.083410013000105, 0.334134147000157 ], [ 34.094410013000072, 0.344334147000154 ], [ 34.100110013000062, 0.347534147000033 ], [ 34.101210013000127, 0.354834147000076 ], [ 34.109210013000165, 0.365934147000132 ], [ 34.111110012999973, 0.371234147000052 ], [ 34.11071001300013, 0.378234147000171 ], [ 34.107310013000188, 0.395234147000053 ], [ 34.103210013000023, 0.404434147000075 ], [ 34.102210013000104, 0.413434147000089 ], [ 34.089010013000177, 0.427234147000092 ], [ 34.089119490000087, 0.437550104000024 ], [ 34.090922264000028, 0.444173807000141 ], [ 34.088879532000135, 0.454329938000171 ], [ 34.089632037000115, 0.458166372000164 ], [ 34.093310013000178, 0.463234147000151 ], [ 34.119216333000111, 0.484187926000061 ], [ 34.117299257000127, 0.510046951000106 ], [ 34.12281478400007, 0.519225155000129 ], [ 34.117473928000095, 0.523031017000051 ], [ 34.126399425000102, 0.539822654000034 ], [ 34.127566424000122, 0.558801150000022 ], [ 34.138936178000108, 0.58502823200007 ], [ 34.14232010000012, 0.583505003000084 ], [ 34.148210065000114, 0.587272839999969 ], [ 34.153031663000093, 0.587650288000134 ], [ 34.154506605000108, 0.591474881000124 ], [ 34.161316511000109, 0.597872369000072 ], [ 34.167210013000101, 0.602934147000042 ], [ 34.170389918000069, 0.602304196000034 ], [ 34.173500485000091, 0.604398690000153 ], [ 34.176330240000027, 0.608265907000145 ], [ 34.186136151000028, 0.607170517999975 ], [ 34.186922019, 0.609425627000178 ], [ 34.185410012999967, 0.612834147000115 ], [ 34.191617728000153, 0.615292227000111 ], [ 34.192491016000133, 0.621716869000181 ], [ 34.196406516000081, 0.621015672000169 ], [ 34.195796331000111, 0.624384707000104 ], [ 34.19820740800003, 0.627032217000135 ], [ 34.205253408000033, 0.624871979000091 ], [ 34.208900766, 0.627256361000036 ], [ 34.216056742000035, 0.624947379000105 ], [ 34.220010013000035, 0.632034147000127 ], [ 34.223412064000058, 0.63196848900003 ], [ 34.229161728000065, 0.628184678000025 ], [ 34.232658376000188, 0.630381844999988 ], [ 34.23581079700017, 0.628638067000168 ], [ 34.239786441000149, 0.631356105000123 ], [ 34.241410013000177, 0.634834147000163 ], [ 34.25002909900013, 0.631566076000013 ], [ 34.263910013000043, 0.640334147000146 ], [ 34.266870018000077, 0.639762319000056 ], [ 34.27649802000019, 0.642881564000106 ], [ 34.278797615000087, 0.648359845000186 ], [ 34.278385970000045, 0.656911026000103 ], [ 34.279706698000098, 0.659316622000176 ], [ 34.277810013000135, 0.662534147000031 ], [ 34.280779203000122, 0.668304650000096 ], [ 34.277289481000025, 0.679456151000011 ], [ 34.279885254000135, 0.682944540000108 ], [ 34.28624152000009, 0.682894757000156 ], [ 34.295294516000013, 0.687449962000187 ], [ 34.295879287, 0.690556271000105 ], [ 34.303697899000156, 0.694062159999987 ], [ 34.304910013000097, 0.696534146999966 ], [ 34.312454190000153, 0.697821441000087 ], [ 34.313090380000062, 0.7016991590001 ], [ 34.309410013000104, 0.707834147000028 ], [ 34.309733312000105, 0.715463081000109 ], [ 34.307006257000126, 0.723077284000169 ], [ 34.308965733000093, 0.72835203000011 ], [ 34.307579431000136, 0.732764324000186 ], [ 34.310867358000166, 0.753062346000092 ], [ 34.315151252000192, 0.764498200000048 ], [ 34.325203102000046, 0.76853082800011 ], [ 34.334413278000056, 0.768896683999969 ], [ 34.346678485000098, 0.774650295000072 ], [ 34.354320346000122, 0.774512027000185 ], [ 34.357793083000104, 0.777584793000017 ], [ 34.360969543000067, 0.777298808000069 ] ] ] } },
{ "type": "Feature", "properties": { "name": "Elgeyo-Marakwet" }, "geometry": { "type": "Polygon", "coordinates": [ [ [ 35.69817579700009, 1.282252134000032 ], [ 35.697875797000108, 1.279052134000096 ], [ 35.701075797000044, 1.277552134000189 ], [ 35.702375797000116, 1.27355213400017 ], [ 35.705775797000058, 1.272852134000118 ], [ 35.707175797000104, 1.27055213400007 ], [ 35.700201852000077, 1.257356309000102 ], [ 35.701475797000057, 1.254052134000176 ], [ 35.700875796999981, 1.248252134000097 ], [ 35.702475797000034, 1.246352134000063 ], [ 35.702475797000034, 1.242052134000119 ], [ 35.700175797000156, 1.239852134000159 ], [ 35.700975797000126, 1.233152134000022 ], [ 35.703375797000092, 1.232052134000128 ], [ 35.70387579700008, 1.228602134000141 ], [ 35.697125797000069, 1.215852134000158 ], [ 35.69737579700012, 1.205252134000091 ], [ 35.698375797000097, 1.201952134000067 ], [ 35.702675797000097, 1.200052134000089 ], [ 35.704175797000175, 1.192252134000057 ], [ 35.703175797000029, 1.184852134000096 ], [ 35.70527579700007, 1.178752134000035 ], [ 35.704575797000075, 1.152152134000062 ], [ 35.708275797000169, 1.150852134000161 ], [ 35.709075797000082, 1.148852134000037 ], [ 35.70607579700004, 1.147152134000066 ], [ 35.705575797000051, 1.134652134000021 ], [ 35.701375797000139, 1.127952134000054 ], [ 35.701975797000046, 1.124452134000023 ], [ 35.697833213000138, 1.114713973000107 ], [ 35.699275797000155, 1.106352134000019 ], [ 35.695675797000149, 1.102852133999988 ], [ 35.69312579700005, 1.103952134000053 ], [ 35.690175797, 1.099452134000046 ], [ 35.686975797000116, 1.09885213400014 ], [ 35.684275797000168, 1.095752134000179 ], [ 35.682975797000097, 1.08915213400013 ], [ 35.677075797000043, 1.086352134000094 ], [ 35.677175797000132, 1.080152134000116 ], [ 35.672666527999979, 1.07406526699998 ], [ 35.672325797000155, 1.070252134000043 ], [ 35.674375797000096, 1.067252134000171 ], [ 35.674875797000084, 1.060052134000045 ], [ 35.668875797000169, 1.050652134000188 ], [ 35.668875797000169, 1.048352134000083 ], [ 35.671425797000097, 1.046002134 ], [ 35.67057579700014, 1.043052134000163 ], [ 35.666275797000139, 1.043752133999988 ], [ 35.666775797000128, 1.040052134000121 ], [ 35.662775797000108, 1.035052134000125 ], [ 35.659375797000166, 1.035202134000087 ], [ 35.654075797000189, 1.029402134000179 ], [ 35.64787579700004, 1.029452134000053 ], [ 35.643085135000149, 1.024684002000072 ], [ 35.641258183000161, 1.021950850000053 ], [ 35.643675797000185, 1.015952134000031 ], [ 35.638775797000108, 1.004252134000069 ], [ 35.636575797000148, 1.004152134000151 ], [ 35.637375797000118, 1.001652134000039 ], [ 35.633544640000082, 0.994105384000022 ], [ 35.639075797000089, 0.983252134000168 ], [ 35.638475797000183, 0.980252134000068 ], [ 35.635530936000123, 0.978883608 ], [ 35.634975797000095, 0.97305213400017 ], [ 35.638275797000119, 0.967002134000154 ], [ 35.635339558999988, 0.966038550000178 ], [ 35.636025797000116, 0.960452133999979 ], [ 35.630075797000075, 0.953152134000106 ], [ 35.631924256000161, 0.938731173 ], [ 35.635475797000083, 0.930552134000152 ], [ 35.634075797000094, 0.927452134000021 ], [ 35.63647579700006, 0.921352134000131 ], [ 35.633975797000176, 0.913552134000099 ], [ 35.629575797000086, 0.90955213400008 ], [ 35.626875797000139, 0.910252134000075 ], [ 35.626075797, 0.90775213400002 ], [ 35.627075797000145, 0.89230213400009 ], [ 35.622775797000031, 0.88805213400002 ], [ 35.626275797000062, 0.879652134000082 ], [ 35.623675797000033, 0.867052134000062 ], [ 35.625575797000067, 0.855652134000081 ], [ 35.63607579700016, 0.849052134000033 ], [ 35.635875797000153, 0.845752134 ], [ 35.642775797000127, 0.840452134000088 ], [ 35.639175797000178, 0.835852134000163 ], [ 35.639075797000089, 0.828852134000044 ], [ 35.637175797000054, 0.827252134000048 ], [ 35.642475797000031, 0.822252134000053 ], [ 35.641175797000074, 0.816552134000062 ], [ 35.634975797000095, 0.809952134000184 ], [ 35.634125797000138, 0.806152134000172 ], [ 35.635775797000065, 0.798552134000033 ], [ 35.634575797000082, 0.795552134000104 ], [ 35.637075797000136, 0.788852133999967 ], [ 35.634457653000027, 0.786452958999973 ], [ 35.6342757970001, 0.778552134000051 ], [ 35.628525797000066, 0.765302134000137 ], [ 35.625475797000092, 0.745852134000188 ], [ 35.620375797, 0.739852134000046 ], [ 35.620875797000167, 0.736252134000097 ], [ 35.623394765000057, 0.73420448000013 ], [ 35.62287579700012, 0.730852134000031 ], [ 35.626725797000176, 0.729052134000142 ], [ 35.62857579700011, 0.726852134000012 ], [ 35.626475797000069, 0.725852134000036 ], [ 35.63051890100013, 0.721784893000063 ], [ 35.630125797000119, 0.717152134000173 ], [ 35.632475797000041, 0.714652134000119 ], [ 35.634875797000177, 0.70155213400011 ], [ 35.631225797000184, 0.696102134000057 ], [ 35.631875797000134, 0.692552134000096 ], [ 35.62777579699997, 0.69015213400013 ], [ 35.628675797000028, 0.68795213400017 ], [ 35.625575797000067, 0.688152134 ], [ 35.623775797000121, 0.686452134000035 ], [ 35.625375797000174, 0.679852134000043 ], [ 35.619175797000025, 0.677952134 ], [ 35.615675797000165, 0.678552134000086 ], [ 35.608775797000192, 0.672952134000013 ], [ 35.606075797000074, 0.673552134000147 ], [ 35.604175797000096, 0.670652133999965 ], [ 35.605575797000085, 0.65710213400007 ], [ 35.607675797000127, 0.655352134000054 ], [ 35.608775797000192, 0.645452134000038 ], [ 35.606375797, 0.639952134000055 ], [ 35.601575797000066, 0.635252133999984 ], [ 35.596275797000146, 0.622052134000114 ], [ 35.598375797000131, 0.603852134000078 ], [ 35.612525797000103, 0.591602134000084 ], [ 35.611681510000153, 0.588566308000054 ], [ 35.613386954000077, 0.58075365600007 ], [ 35.610275797000099, 0.569752134000169 ], [ 35.602375796999979, 0.556452133999983 ], [ 35.605275797000161, 0.542952134000188 ], [ 35.602675797000131, 0.537952134000022 ], [ 35.602875797000138, 0.533952134000174 ], [ 35.611375797, 0.525452134000091 ], [ 35.613875797000105, 0.519502134000049 ], [ 35.612575796999977, 0.517252134000046 ], [ 35.614775797000107, 0.509452134000185 ], [ 35.625375797000174, 0.503652134000106 ], [ 35.630675797000151, 0.502852133999966 ], [ 35.630475797000088, 0.495852134000074 ], [ 35.632875797000111, 0.495452134000175 ], [ 35.632675797000047, 0.48425213400003 ], [ 35.646475797000051, 0.463552134000054 ], [ 35.646375797000132, 0.452952134000043 ], [ 35.651475797000046, 0.449552134000101 ], [ 35.652874476000193, 0.446804288000067 ], [ 35.654575797000177, 0.437202134000188 ], [ 35.654075797000189, 0.428052133999984 ], [ 35.661075797000137, 0.411452134000172 ], [ 35.656775797000137, 0.407652134000159 ], [ 35.654975797000077, 0.399752134000039 ], [ 35.65886058600006, 0.394900103000111 ], [ 35.660975797, 0.388952134000135 ], [ 35.666875797000046, 0.387452134 ], [ 35.666875797000046, 0.384152133999976 ], [ 35.673975797000082, 0.376952134000078 ], [ 35.679175797000084, 0.375352134000025 ], [ 35.680875797000056, 0.372552134000159 ], [ 35.687573911000186, 0.37204553000015 ], [ 35.697075797000025, 0.366452134000099 ], [ 35.696675797000125, 0.369452133999971 ], [ 35.698091354000098, 0.369720829000073 ], [ 35.701975797000046, 0.365452134000122 ], [ 35.704275797000093, 0.364352134000058 ], [ 35.706475797000053, 0.36555213400004 ], [ 35.709375797, 0.359952133999968 ], [ 35.72011631099997, 0.356540757000062 ], [ 35.721975797000027, 0.351252134000106 ], [ 35.719075797000073, 0.345952134000186 ], [ 35.722675797000193, 0.33975213399998 ], [ 35.720475797000063, 0.337952134000091 ], [ 35.716575797000132, 0.322552134000091 ], [ 35.712675797000031, 0.316152134000106 ], [ 35.715275797000061, 0.302052134000178 ], [ 35.71382579699997, 0.294652133999989 ], [ 35.714575797000066, 0.288652134000074 ], [ 35.713775797000096, 0.277252134000037 ], [ 35.711875797000118, 0.273652134000088 ], [ 35.712875797000095, 0.271152134000033 ], [ 35.710275797000065, 0.26875213400001 ], [ 35.709275797000089, 0.260352134000073 ], [ 35.709375797, 0.257552134000036 ], [ 35.713775797000096, 0.25205213400011 ], [ 35.720275797000056, 0.236352134000128 ], [ 35.722425797000142, 0.214952134000157 ], [ 35.717975797000179, 0.211052134000056 ], [ 35.716775797000025, 0.207552134000025 ], [ 35.70607579700004, 0.203352134000113 ], [ 35.700375797, 0.194752134000169 ], [ 35.693257911000103, 0.188676475000079 ], [ 35.692775797000024, 0.185252134000166 ], [ 35.695309131000045, 0.179385468000078 ], [ 35.692975797000031, 0.178152134000129 ], [ 35.664875797000093, 0.170452134000072 ], [ 35.588071294000088, 0.170541873000104 ], [ 35.578039849000106, 0.180266430000131 ], [ 35.574594549000153, 0.185756187000038 ], [ 35.56876491800017, 0.187012524000181 ], [ 35.567863909000152, 0.198961964000148 ], [ 35.555083828000079, 0.190867744000116 ], [ 35.512694014000147, 0.189525304000085 ], [ 35.519659541000124, 0.198028966000038 ], [ 35.520610470000065, 0.204429646000108 ], [ 35.530676796000193, 0.220947680999984 ], [ 35.534761937000042, 0.223342404000164 ], [ 35.537150108000048, 0.22306786900009 ], [ 35.54017206900005, 0.225855013000114 ], [ 35.534503937000011, 0.229934037000135 ], [ 35.530939330000081, 0.22863434900006 ], [ 35.526847306000036, 0.230799870999988 ], [ 35.512324664000175, 0.22891546600016 ], [ 35.50520941100001, 0.225757977000114 ], [ 35.496341746000041, 0.231957991000058 ], [ 35.485821380000175, 0.250548353000113 ], [ 35.494617462000178, 0.258359402000053 ], [ 35.490971297000044, 0.264145685000187 ], [ 35.499417796000159, 0.278774448000092 ], [ 35.500286727000059, 0.288758130000133 ], [ 35.499225334000073, 0.290970184000173 ], [ 35.504167760000087, 0.294870415000048 ], [ 35.495163391000176, 0.313849408000181 ], [ 35.495729828000037, 0.315002000000106 ], [ 35.509498596000071, 0.315387279000106 ], [ 35.513608933000114, 0.323598489000062 ], [ 35.511967654000102, 0.325533157000109 ], [ 35.506793976000154, 0.326757416000021 ], [ 35.502987476000101, 0.335992081000029 ], [ 35.496375797000098, 0.344952134000039 ], [ 35.487990094, 0.351220957000123 ], [ 35.482662918000131, 0.35193944800011 ], [ 35.480774797000151, 0.360051068000189 ], [ 35.47391270300011, 0.364318991000061 ], [ 35.468778392000104, 0.370109099000047 ], [ 35.470516205000081, 0.379132956000035 ], [ 35.478972626000143, 0.383276993000152 ], [ 35.481302179000068, 0.380805821000138 ], [ 35.488075256000116, 0.381340176000037 ], [ 35.484893799000076, 0.38698980200013 ], [ 35.479328156000065, 0.389585227 ], [ 35.479579926000156, 0.393516362000128 ], [ 35.487190247000171, 0.405330478999986 ], [ 35.481191442000068, 0.405565644000035 ], [ 35.482075797000164, 0.409852134000118 ], [ 35.480600321999987, 0.421013163000168 ], [ 35.476250766000192, 0.426340993999986 ], [ 35.472680274000027, 0.449702460000083 ], [ 35.470223843000042, 0.450971984000148 ], [ 35.467491150000171, 0.455819905000055 ], [ 35.461611751000191, 0.456119730000069 ], [ 35.463301849, 0.507202011000061 ], [ 35.47515706500019, 0.554856525000048 ], [ 35.481161621000183, 0.59055031500003 ], [ 35.460415712000042, 0.624971346000052 ], [ 35.423577984000133, 0.679448283000113 ], [ 35.413042098000062, 0.697795345999964 ], [ 35.411673997000094, 0.702835588000084 ], [ 35.417493392000097, 0.704650642000161 ], [ 35.440056139000092, 0.705019829999969 ], [ 35.504955292000034, 0.703761041 ], [ 35.504771636000157, 0.712971061000189 ], [ 35.498736027000177, 0.716075041000124 ], [ 35.493584637000083, 0.728420356000129 ], [ 35.497250124000061, 0.748086934000185 ], [ 35.491560167999978, 0.748875876000113 ], [ 35.490909577000082, 0.751264692 ], [ 35.494675451000091, 0.753379055000096 ], [ 35.497584362000168, 0.750643313000069 ], [ 35.50095877900003, 0.76079177500003 ], [ 35.507479145000048, 0.767548371000089 ], [ 35.505054474000076, 0.775252313000124 ], [ 35.502328872000191, 0.774786592000055 ], [ 35.501790075000088, 0.776857705999987 ], [ 35.49924594800018, 0.820057593000115 ], [ 35.493297577000135, 0.824266121000164 ], [ 35.482621371000164, 0.825048090000109 ], [ 35.493067169000085, 0.855145967000055 ], [ 35.491352081000116, 0.856160855000155 ], [ 35.490264326000101, 0.867650037000089 ], [ 35.487938715000098, 0.870010628999978 ], [ 35.488383037000119, 0.87784960200014 ], [ 35.456153870000037, 0.87829476600001 ], [ 35.458403396000165, 0.88396004100008 ], [ 35.462848205000171, 0.889264606000154 ], [ 35.465520969000124, 0.899251072000027 ], [ 35.468603561000123, 0.902005920000079 ], [ 35.415975383000045, 0.909348670000099 ], [ 35.414593275000072, 0.915863411000089 ], [ 35.420438308000087, 0.939628709000033 ], [ 35.385577232000117, 0.946050864000028 ], [ 35.381149292000032, 0.939683199000115 ], [ 35.377606586000184, 0.938216697000087 ], [ 35.359651262999989, 0.945917085000019 ], [ 35.343860582000104, 0.948961941000107 ], [ 35.340373323000108, 0.964424566000048 ], [ 35.346134069000186, 0.967806306000057 ], [ 35.337431197000058, 0.969718944000078 ], [ 35.339776993000157, 0.974741698000173 ], [ 35.352322843000081, 0.98079596600013 ], [ 35.343887070000164, 1.001553147000152 ], [ 35.343471649000151, 1.005972131000021 ], [ 35.362117763000185, 1.011066029000119 ], [ 35.361972396000112, 1.020667115000151 ], [ 35.312980033000031, 1.037974415000065 ], [ 35.271071693000181, 1.063620749 ], [ 35.242126400000188, 1.075319216000082 ], [ 35.217688378000048, 1.116852686000072 ], [ 35.202065732000051, 1.118242256000087 ], [ 35.17816736900005, 1.156194538000022 ], [ 35.160694497000122, 1.180453254000099 ], [ 35.151618894000137, 1.200574562000156 ], [ 35.237079616000074, 1.159567255000127 ], [ 35.325290867999968, 1.119952883000167 ], [ 35.35747579700012, 1.133752134000133 ], [ 35.500187081000149, 1.253029594000111 ], [ 35.544508919000066, 1.28705721100016 ], [ 35.55878067000009, 1.286497593000036 ], [ 35.559583028000191, 1.28946030100002 ], [ 35.567224956000132, 1.292028647000052 ], [ 35.57923317000018, 1.292132438000067 ], [ 35.588946473000135, 1.283250047000081 ], [ 35.606349945000034, 1.279281368000056 ], [ 35.612162957000123, 1.281780892000143 ], [ 35.617174703000046, 1.290183149000143 ], [ 35.627549818000034, 1.296227326000121 ], [ 35.631747498999971, 1.301351306000072 ], [ 35.672493926000129, 1.316133340000079 ], [ 35.692413344000158, 1.319187852000084 ], [ 35.697356819000163, 1.318756157000109 ], [ 35.697312336000095, 1.307184827000185 ], [ 35.694575797000084, 1.296352134000131 ], [ 35.695778418000032, 1.29617178500007 ], [ 35.696375796999973, 1.292652134000036 ], [ 35.695675797000149, 1.286252134000051 ], [ 35.69817579700009, 1.282252134000032 ] ] ] } },
{ "type": "Feature", "properties": { "name": "Embu" }, "geometry": { "type": "Polygon", "coordinates": [ [ [ 37.560989380000194, -0.365454807999924 ], [ 37.564111710000077, -0.365604444999974 ], [ 37.567516645000126, -0.363537159999964 ], [ 37.579139710000049, -0.371041699999978 ], [ 37.584390641000084, -0.370096995999972 ], [ 37.58580398600003, -0.373900264999975 ], [ 37.600200653000115, -0.384182660999954 ], [ 37.612030029000096, -0.384634822999885 ], [ 37.61449050900012, -0.388222515999928 ], [ 37.621482849000074, -0.390229939999927 ], [ 37.627098083000192, -0.390709310999966 ], [ 37.630034447000128, -0.389156146999881 ], [ 37.63698959400017, -0.395129784999881 ], [ 37.638799668000161, -0.402051552999978 ], [ 37.645252228000118, -0.40883114899998 ], [ 37.655544281000175, -0.415043621999814 ], [ 37.660472870000035, -0.422108053999978 ], [ 37.665679932000103, -0.422885238999925 ], [ 37.670425415000068, -0.426201774999868 ], [ 37.680244446000074, -0.42697775399995 ], [ 37.689006805000076, -0.432178220999901 ], [ 37.693448639000053, -0.438433831999873 ], [ 37.699375153000119, -0.438620626999978 ], [ 37.703519821000043, -0.442833646999929 ], [ 37.7140197760001, -0.444165884999961 ], [ 37.719951630000082, -0.450403958999971 ], [ 37.731430053999986, -0.451219796999965 ], [ 37.734853745000066, -0.446821905999968 ], [ 37.742618560999972, -0.44591167599998 ], [ 37.755205154, -0.447220734999917 ], [ 37.758323670000152, -0.449725478999881 ], [ 37.768117905000054, -0.449524796999867 ], [ 37.779594422000059, -0.445914774999949 ], [ 37.78526051900019, -0.447120636999898 ], [ 37.788037872000018, -0.443217181999955 ], [ 37.800976436000155, -0.437860021999938 ], [ 37.807441711000138, -0.430323063999879 ], [ 37.814405060000126, -0.428500633999931 ], [ 37.816250610000054, -0.421677827999929 ], [ 37.819206238000163, -0.41846022999988 ], [ 37.822947820000138, -0.416793912999935 ], [ 37.825235176000035, -0.413683507999963 ], [ 37.828880309999988, -0.413144200999966 ], [ 37.826676686000098, -0.409658282999828 ], [ 37.828823090000071, -0.408849276999945 ], [ 37.830043793000073, -0.406073200999913 ], [ 37.833638763000181, -0.404390322999973 ], [ 37.835408891999975, -0.405472226999962 ], [ 37.839914322000084, -0.405232130999877 ], [ 37.841963959000111, -0.403429686999971 ], [ 37.845221520000109, -0.404114476999951 ], [ 37.8450698850001, -0.4017223379999 ], [ 37.847652435000043, -0.399970813999971 ], [ 37.847804260000089, -0.396839248999925 ], [ 37.853455544000155, -0.388471297999899 ], [ 37.85655489800007, -0.38874226799993 ], [ 37.866397858000028, -0.382306356999891 ], [ 37.864737193000053, -0.369935800999883 ], [ 37.870825958000125, -0.365944605999971 ], [ 37.870203399000047, -0.36272716499991 ], [ 37.873059590000025, -0.356610362999902 ], [ 37.872935704000099, -0.350463858999831 ], [ 37.880573400000173, -0.348286596999969 ], [ 37.886049271000047, -0.342616885999917 ], [ 37.890471458999968, -0.346192366999901 ], [ 37.890761566000094, -0.34860260499994 ], [ 37.89472802500012, -0.352737418999936 ], [ 37.892620850000128, -0.360367595999946 ], [ 37.88930257200019, -0.365152706999879 ], [ 37.891984304000175, -0.368702937999899 ], [ 37.896658579000132, -0.370179175999965 ], [ 37.894844055000135, -0.37468494999996 ], [ 37.896747589000029, -0.378290062999952 ], [ 37.891213417000074, -0.382995319999964 ], [ 37.89183044400005, -0.387468953999928 ], [ 37.889608383000166, -0.389209358999949 ], [ 37.889804840000181, -0.393182768999907 ], [ 37.900531769000168, -0.396559520999972 ], [ 37.90206527700019, -0.399294644999941 ], [ 37.900950114000068, -0.405838598999878 ], [ 37.90730094900016, -0.408889918999932 ], [ 37.909103394000169, -0.414146377999828 ], [ 37.916173935000131, -0.413308947999894 ], [ 37.922679138000035, -0.415936242999862 ], [ 37.920593262000125, -0.421763807999923 ], [ 37.923854828000174, -0.426485686999911 ], [ 37.927660942000159, -0.42811163499988 ], [ 37.930751801000156, -0.425648271999819 ], [ 37.933285951000073, -0.428062269999884 ], [ 37.93617391600003, -0.427696465999929 ], [ 37.934552510000117, -0.430359015999954 ], [ 37.935534159000099, -0.43460156499998 ], [ 37.930721283000139, -0.445258140999897 ], [ 37.918409348000068, -0.46166033999998 ], [ 37.913837433000083, -0.465578309999955 ], [ 37.897499084000117, -0.50331389899992 ], [ 37.892227173000151, -0.510664730999906 ], [ 37.88217926100009, -0.536002277999899 ], [ 37.882553101000099, -0.540980919999868 ], [ 37.885374069000136, -0.545593886999939 ], [ 37.887922923000133, -0.555415152999956 ], [ 37.883242925000161, -0.582787880999831 ], [ 37.902138710000145, -0.597486897999943 ], [ 37.901088714000139, -0.600950300999955 ], [ 37.92260170000003, -0.624446391999925 ], [ 37.907404581000037, -0.638986090999879 ], [ 37.89375, -0.645361178999963 ], [ 37.892807007000158, -0.652348845999938 ], [ 37.895205180000062, -0.66761193699989 ], [ 37.897098541000105, -0.669629430999919 ], [ 37.89523124699997, -0.674016326999833 ], [ 37.895339012000136, -0.681758388999924 ], [ 37.897949219000168, -0.684428055999945 ], [ 37.90383625100003, -0.685508869999921 ], [ 37.898620605000133, -0.703908085999956 ], [ 37.899593354000046, -0.708786769999961 ], [ 37.90477562000018, -0.709046551999961 ], [ 37.907231649000096, -0.71115932899994 ], [ 37.909996033000027, -0.707529410999825 ], [ 37.911666869999976, -0.707662909999954 ], [ 37.913738251000041, -0.724154650999878 ], [ 37.915917397000044, -0.728210835999846 ], [ 37.912789345000078, -0.735326855999858 ], [ 37.913729350000096, -0.739004571999942 ], [ 37.909084320000034, -0.74822568899998 ], [ 37.903988838000089, -0.753475293999884 ], [ 37.900888442999985, -0.760268896999889 ], [ 37.890757243000166, -0.767482856999891 ], [ 37.892910004000044, -0.779401689999929 ], [ 37.884296099000096, -0.781764859999896 ], [ 37.882861455000068, -0.789270450999879 ], [ 37.879675547000033, -0.791809498999896 ], [ 37.879825592000145, -0.797595172999877 ], [ 37.884354591000147, -0.803558907999957 ], [ 37.883420944000079, -0.807444631999942 ], [ 37.87783050500019, -0.806203066999956 ], [ 37.870802561000062, -0.810586829999977 ], [ 37.866277695000122, -0.80975422299997 ], [ 37.861033440000085, -0.811690627999894 ], [ 37.854799271000047, -0.809857159999979 ], [ 37.842586518000019, -0.811317324999834 ], [ 37.838272857999982, -0.809527813999978 ], [ 37.834470749000104, -0.813714473999937 ], [ 37.83158365900016, -0.812182267999901 ], [ 37.828597069000125, -0.805733456999917 ], [ 37.819278717000032, -0.804385184999944 ], [ 37.813875198000176, -0.808500825999943 ], [ 37.810470581000118, -0.814397075999921 ], [ 37.808198929000071, -0.815059213999973 ], [ 37.807918549000135, -0.807175456999971 ], [ 37.805433909000101, -0.801835854999922 ], [ 37.796483994000027, -0.816585897999914 ], [ 37.791147232000071, -0.818877755999949 ], [ 37.788124085000163, -0.82251648099998 ], [ 37.779890061000117, -0.824929623999822 ], [ 37.771095276000096, -0.820727943999884 ], [ 37.76521301300005, -0.82421913699983 ], [ 37.758033752000131, -0.823957323999934 ], [ 37.749996185000043, -0.80343860399995 ], [ 37.747089385999971, -0.786740362999979 ], [ 37.743026733000193, -0.778479039999979 ], [ 37.73216629000018, -0.774464368999872 ], [ 37.723859787000094, -0.780405133999921 ], [ 37.720628103000024, -0.779389222999953 ], [ 37.707962035999969, -0.781078099999888 ], [ 37.698672613000099, -0.784601429999952 ], [ 37.698623657000155, -0.789072512999951 ], [ 37.692705154000066, -0.791393115999938 ], [ 37.692758560000073, -0.794235854999954 ], [ 37.690374375000033, -0.796753554999896 ], [ 37.687217712000063, -0.793980657999953 ], [ 37.681744893000143, -0.795547683999871 ], [ 37.68234443700004, -0.809006452999938 ], [ 37.679805756000178, -0.817516624999939 ], [ 37.681529045000048, -0.822224735999839 ], [ 37.674064635999969, -0.825745224999878 ], [ 37.670967102000191, -0.831699251999964 ], [ 37.670967102000191, -0.837114571999905 ], [ 37.665664673000151, -0.842089890999887 ], [ 37.664369584000042, -0.846285640999952 ], [ 37.656774521000159, -0.847470193999925 ], [ 37.653274536000026, -0.844689726999889 ], [ 37.64881324800001, -0.844535260999919 ], [ 37.6462497710001, -0.841986953999935 ], [ 37.640285492000032, -0.845487623999929 ], [ 37.635345459000121, -0.838580607999972 ], [ 37.629047394000111, -0.838632076999886 ], [ 37.626463571999977, -0.851615050999953 ], [ 37.617858887000125, -0.851485251999975 ], [ 37.614940643000068, -0.855123161999927 ], [ 37.605184555000164, -0.855011700999967 ], [ 37.601108551000095, -0.862536588999944 ], [ 37.595069885000157, -0.860631763999834 ], [ 37.589061737000065, -0.862742483999966 ], [ 37.586872864000043, -0.865870367999946 ], [ 37.59140269, -0.870631197999955 ], [ 37.588146210000048, -0.873066504999827 ], [ 37.587430954000183, -0.877955227999905 ], [ 37.57525539400018, -0.876805498999943 ], [ 37.564109802000075, -0.880589365999924 ], [ 37.561252594000109, -0.875286786999936 ], [ 37.558933258000025, -0.875078379999934 ], [ 37.55137443600006, -0.883860527999957 ], [ 37.545106252000153, -0.882875799999908 ], [ 37.543361664000031, -0.886548369999957 ], [ 37.537433624000187, -0.888609944999814 ], [ 37.532205582000131, -0.895796208999968 ], [ 37.53546524, -0.906327127999873 ], [ 37.532970428, -0.911657541999944 ], [ 37.518124263000061, -0.915923256999918 ], [ 37.515871048000065, -0.912263303999964 ], [ 37.515176773000121, -0.902074604999939 ], [ 37.502935410000021, -0.898978411999963 ], [ 37.495439530000112, -0.902515321999886 ], [ 37.491171519000034, -0.899089634999939 ], [ 37.485043844000074, -0.897330979999936 ], [ 37.483001709000177, -0.892919807999874 ], [ 37.477512360000105, -0.89172822199987 ], [ 37.475795746000188, -0.887372478999907 ], [ 37.471601486000054, -0.884281008999835 ], [ 37.47405624400011, -0.874141931999873 ], [ 37.470472336000057, -0.874705701999915 ], [ 37.467469692000122, -0.87175302199995 ], [ 37.46211528800012, -0.8738918009999 ], [ 37.458966255000064, -0.869161858999973 ], [ 37.453674316, -0.870310127999915 ], [ 37.447401047000085, -0.868993520999879 ], [ 37.443149567000034, -0.861148635999882 ], [ 37.432456970000032, -0.86051273299995 ], [ 37.427133560000129, -0.864840566999817 ], [ 37.418909073000066, -0.860105662999899 ], [ 37.412918091000165, -0.859564303999889 ], [ 37.411111832000188, -0.856765031999885 ], [ 37.414772987000163, -0.852262227999915 ], [ 37.412740708000115, -0.848532944999931 ], [ 37.40399551400003, -0.849739163999971 ], [ 37.397382736000054, -0.854559703999939 ], [ 37.394721985000047, -0.852971255999876 ], [ 37.388115406000111, -0.852673224999933 ], [ 37.385929108000028, -0.850190460999954 ], [ 37.379965782000113, -0.855660035999961 ], [ 37.376382192000051, -0.852938135999977 ], [ 37.37751197900019, -0.850300907999838 ], [ 37.376560212000072, -0.848624228999938 ], [ 37.369974137000042, -0.84717011399988 ], [ 37.364076614000112, -0.843026428999963 ], [ 37.358621597000024, -0.841905414999928 ], [ 37.35086822500017, -0.843821792999961 ], [ 37.350342751000028, -0.841190896999933 ], [ 37.346307119000073, -0.842692632999956 ], [ 37.342985152999972, -0.840434312999889 ], [ 37.336961747000089, -0.84486803399983 ], [ 37.33421039600006, -0.842281445999959 ], [ 37.326976777000084, -0.841456471999891 ], [ 37.323588371000028, -0.838334351999947 ], [ 37.326107979000142, -0.835806011999921 ], [ 37.326004664000038, -0.83369312699989 ], [ 37.320040385000084, -0.83462536299993 ], [ 37.315666199000191, -0.823625842999945 ], [ 37.3124647140001, -0.820627323999929 ], [ 37.313238144000138, -0.817218809999872 ], [ 37.310430845000099, -0.81393344699984 ], [ 37.305230713000071, -0.81183266599993 ], [ 37.305991173000109, -0.806565507999949 ], [ 37.304890950000129, -0.804685850999931 ], [ 37.306344033000187, -0.800712167999961 ], [ 37.30351867700017, -0.797833632999925 ], [ 37.301184178000028, -0.797594166999886 ], [ 37.298870087000125, -0.7933839559999 ], [ 37.293534279000085, -0.791469200999927 ], [ 37.287846883000043, -0.782789905999948 ], [ 37.284928322000042, -0.780992581999953 ], [ 37.267669151000121, -0.785282634999874 ], [ 37.266934395000078, -0.777647956999942 ], [ 37.276702881000119, -0.753791748999959 ], [ 37.289115906000177, -0.754521329999932 ], [ 37.297928810000144, -0.752961083999821 ], [ 37.306031227000062, -0.748831947999918 ], [ 37.31513595600012, -0.748299955999869 ], [ 37.318247541000119, -0.757830362999925 ], [ 37.326235135, -0.764757220999968 ], [ 37.348280907000117, -0.772206663999953 ], [ 37.3582468030001, -0.769763156999943 ], [ 37.359267235000175, -0.761716037999975 ], [ 37.366720199999975, -0.76199613499989 ], [ 37.370751381000048, -0.76377552799994 ], [ 37.388177872000142, -0.752705036999942 ], [ 37.406633377000105, -0.747630953999874 ], [ 37.421054841000171, -0.747375755999883 ], [ 37.444185257000129, -0.730641483999875 ], [ 37.463916778000169, -0.733324566999897 ], [ 37.463540486000113, -0.729086728999846 ], [ 37.473191834000033, -0.724264919999939 ], [ 37.492467308000073, -0.731661083999938 ], [ 37.495975918000113, -0.730552374999945 ], [ 37.492800871000043, -0.722619537999947 ], [ 37.489196777000075, -0.720351606999884 ], [ 37.487550259000102, -0.716733618999967 ], [ 37.484651566000139, -0.717915752999943 ], [ 37.483830770000111, -0.714733068999976 ], [ 37.479256221000071, -0.714204259999917 ], [ 37.478214264000087, -0.712675000999866 ], [ 37.477307002000146, -0.707203457999924 ], [ 37.47975797700019, -0.691564946999904 ], [ 37.477799098, -0.686801234999905 ], [ 37.475003379000043, -0.684831414999906 ], [ 37.474183219000054, -0.678535980999868 ], [ 37.476693153000099, -0.676728203999858 ], [ 37.477889379000089, -0.667031863999966 ], [ 37.475672586000087, -0.664402594999842 ], [ 37.472189161000074, -0.652631130999907 ], [ 37.47411092100009, -0.644704192999882 ], [ 37.478599003, -0.638936263999938 ], [ 37.478017171000033, -0.635674138999946 ], [ 37.480822166000053, -0.625331449999976 ], [ 37.486920675000022, -0.622119386999941 ], [ 37.488149370000031, -0.614222807999909 ], [ 37.486481349000087, -0.609228719999976 ], [ 37.483606720000012, -0.606075012999952 ], [ 37.483509540000171, -0.603054977999932 ], [ 37.48094010300008, -0.601017053999897 ], [ 37.478734652000128, -0.601294904999975 ], [ 37.476799965000055, -0.59893209199987 ], [ 37.479033830000049, -0.596165453999845 ], [ 37.477708181000025, -0.593296825999971 ], [ 37.479330063000134, -0.589591452999912 ], [ 37.482827822000047, -0.588347990999978 ], [ 37.485226631000046, -0.581505402999937 ], [ 37.483560562000093, -0.578601627999944 ], [ 37.478851318000011, -0.57561260499989 ], [ 37.475763957000083, -0.569189071999972 ], [ 37.476842562000115, -0.567196731999957 ], [ 37.474281311000027, -0.559096380999961 ], [ 37.472108024000022, -0.555920762999961 ], [ 37.463325500000053, -0.55529710299993 ], [ 37.460847855000168, -0.549478590999911 ], [ 37.452728272000058, -0.548933728999941 ], [ 37.449877262000086, -0.54615747899993 ], [ 37.447484334000137, -0.543268814999919 ], [ 37.445758820000037, -0.529459094999936 ], [ 37.436863582000171, -0.520692246999943 ], [ 37.433663941000191, -0.519462894999947 ], [ 37.42703846500018, -0.50928248699995 ], [ 37.42549196900012, -0.502561648999858 ], [ 37.426853657000152, -0.49955953999995 ], [ 37.425586700000053, -0.498089007999965 ], [ 37.429987526, -0.494167945999891 ], [ 37.425088247000076, -0.486100166999961 ], [ 37.423933302000194, -0.481042052999953 ], [ 37.42845869100006, -0.46414649899998 ], [ 37.42656008400013, -0.462213371999894 ], [ 37.42806413400001, -0.4454848069999 ], [ 37.425572967000051, -0.445782470999859 ], [ 37.422586822000142, -0.442476897999825 ], [ 37.424423218000072, -0.439432680999914 ], [ 37.423110485000052, -0.438398073999849 ], [ 37.424969673000078, -0.437480087999916 ], [ 37.424150255000086, -0.434402726999963 ], [ 37.42623567600009, -0.431235231999949 ], [ 37.424948120000124, -0.42089317999995 ], [ 37.307811737000122, -0.149574070999961 ], [ 37.49892807000009, -0.312590002999968 ], [ 37.500793456999986, -0.315867810999919 ], [ 37.535961151000095, -0.34642943699987 ], [ 37.551048278999986, -0.359287559999927 ], [ 37.560989380000194, -0.365454807999924 ] ] ] } },
{ "type": "Feature", "properties": { "name": "Garissa" }, "geometry": { "type": "Polygon", "coordinates": [ [ [ 39.609725811000033, 0.691810292000184 ], [ 39.613763208000194, 0.684362168000177 ], [ 39.623590329000194, 0.677145489000168 ], [ 39.627363208000133, 0.669762168000091 ], [ 39.634863208000013, 0.667062168000143 ], [ 39.645763208000062, 0.656862168000146 ], [ 39.654263208000089, 0.631262168000092 ], [ 39.662313208000171, 0.620162168000036 ], [ 39.66386320800018, 0.615162168000097 ], [ 39.672913208000068, 0.605112168000062 ], [ 39.675763742000186, 0.59812329000016 ], [ 39.684793267000089, 0.587529729000039 ], [ 39.689413208000133, 0.578812168000184 ], [ 39.698013208000134, 0.572512168000117 ], [ 39.701911667000161, 0.565022714 ], [ 39.710613208000098, 0.557762168000068 ], [ 39.716113208000081, 0.550562168000113 ], [ 39.717963208000185, 0.545612168000162 ], [ 39.719863208, 0.546562168000094 ], [ 39.723349571000085, 0.543294594999963 ], [ 39.730663208000124, 0.531362168000101 ], [ 39.731563208000125, 0.526612167999986 ], [ 39.73591320800017, 0.523162168000169 ], [ 39.740263208000044, 0.523162168000169 ], [ 39.746686974000056, 0.517670913000131 ], [ 39.761913208000067, 0.512012168000069 ], [ 39.763663208000082, 0.507062168000175 ], [ 39.770603788000074, 0.502902203000133 ], [ 39.774753585000155, 0.495770746000062 ], [ 39.778234338000118, 0.495176603000061 ], [ 39.783763208000153, 0.491062168000042 ], [ 39.795563208000033, 0.488262168000176 ], [ 39.80044390300003, 0.484524994000083 ], [ 39.810663208000108, 0.48506216800007 ], [ 39.820263208000028, 0.48366216800008 ], [ 39.827146690000063, 0.479711312 ], [ 39.836162565000052, 0.481294467 ], [ 39.840063208000117, 0.479062168000155 ], [ 39.851413208000054, 0.477662168000109 ], [ 39.856038939000086, 0.470929868000155 ], [ 39.865763208000089, 0.466162168000039 ], [ 39.870963208000092, 0.460762167999974 ], [ 39.874363208000034, 0.459562168000161 ], [ 39.888768629000083, 0.463921198000037 ], [ 39.895153585000116, 0.462262168000109 ], [ 39.904163208000114, 0.463262168000085 ], [ 39.944047174, 0.430351085000041 ], [ 39.961597174000133, 0.419101085000023 ], [ 39.979047174000129, 0.410251085000027 ], [ 40.01339717400009, 0.39925108500006 ], [ 40.048047174000146, 0.39665108500003 ], [ 40.057997174000093, 0.393601085000114 ], [ 40.098197174000177, 0.366051085000038 ], [ 40.129947174000165, 0.342001085 ], [ 40.143047174000117, 0.334801085000095 ], [ 40.153547174000096, 0.331101085000171 ], [ 40.16149717400009, 0.32580108500008 ], [ 40.180947174000153, 0.307451085000025 ], [ 40.214347174000068, 0.26940108499997 ], [ 40.244147174000148, 0.245751085 ], [ 40.259547174000147, 0.237301085000013 ], [ 40.299747174000061, 0.21965108500018 ], [ 40.331547174000093, 0.199251085000185 ], [ 40.361047174000191, 0.198401085 ], [ 40.37764717400006, 0.195951085000161 ], [ 40.39914717400012, 0.184051085000021 ], [ 40.408347174000141, 0.184101085000066 ], [ 40.419047174000127, 0.188901085 ], [ 40.426447174000089, 0.190051085000107 ], [ 40.452647174000049, 0.185301085000049 ], [ 40.475347174000092, 0.186151085 ], [ 40.483847174000118, 0.188551085000029 ], [ 40.496247174000075, 0.197151085000144 ], [ 40.505716410000048, 0.192874010000025 ], [ 40.50889717400014, 0.196001085000034 ], [ 40.513147174000039, 0.208051084999965 ], [ 40.520497174000184, 0.213651085000038 ], [ 40.524722186000133, 0.222198715000104 ], [ 40.535647174000076, 0.22715108500006 ], [ 40.541847174000054, 0.226301085000102 ], [ 40.56376409600017, 0.215942259000087 ], [ 40.572947174000092, 0.215551085000072 ], [ 40.576747174000047, 0.217701085000158 ], [ 40.585447174000137, 0.215251085000091 ], [ 40.587347174000115, 0.215651085000161 ], [ 40.595447174000128, 0.22535108500017 ], [ 40.604683134000084, 0.225538745000051 ], [ 40.61139717400016, 0.232151085000055 ], [ 40.634947174000047, 0.232551085000125 ], [ 40.646497174, 0.23120108500018 ], [ 40.681947174000015, 0.257651084999964 ], [ 40.68384717400005, 0.262351085000034 ], [ 40.684347174000038, 0.271351085000049 ], [ 40.695347174000119, 0.278401084999985 ], [ 40.703881865000085, 0.293357190000165 ], [ 40.711847174000013, 0.314851085000157 ], [ 40.716447174000166, 0.320151085000134 ], [ 40.736747174000072, 0.326251084999967 ], [ 40.750047174000031, 0.341751085000112 ], [ 40.77234717400006, 0.353651085000081 ], [ 40.818497174000072, 0.365751085000113 ], [ 40.84194717400004, 0.37025108500012 ], [ 40.858047174000035, 0.375951085000111 ], [ 40.885947174000137, 0.391251085000022 ], [ 40.919647174000147, 0.423751085000049 ], [ 40.932647174000181, 0.431201085000055 ], [ 40.945647174000044, 0.436001084999987 ], [ 40.961247174000107, 0.446701084999972 ], [ 40.979347174000054, 0.453051085000141 ], [ 40.992447174000176, 0.463301085000182 ], [ 40.993050256000174, -0.828945484999906 ], [ 41.219639726000082, -1.136420052999938 ], [ 41.561339726000142, -1.595820052999954 ], [ 41.562639726000043, -1.599020052999947 ], [ 41.562439726000036, -1.657420052999839 ], [ 40.89270402600016, -1.716317020999895 ], [ 40.740708482000059, -1.790498234999916 ], [ 40.735717773000033, -1.794799804999968 ], [ 40.714405468000166, -1.802944496999885 ], [ 40.500272451000171, -1.906698649999953 ], [ 40.403330019000066, -1.947262321999972 ], [ 40.217626064000115, -2.034310905999973 ], [ 40.212176223000085, -2.035650818999898 ], [ 40.205638263000026, -2.015436553999905 ], [ 40.196057384000028, -1.999814453999875 ], [ 40.197572452000145, -1.983856794999895 ], [ 40.187986088000116, -1.964802064999844 ], [ 40.186136851000128, -1.957733923999967 ], [ 40.18964666700009, -1.930671797999935 ], [ 40.187027617000126, -1.902918058999887 ], [ 40.18871532300011, -1.871328972999834 ], [ 40.187741930000129, -1.864838152999937 ], [ 40.182836227000053, -1.853530246999924 ], [ 40.166514195000161, -1.832613621999883 ], [ 40.162830494000104, -1.821471214999974 ], [ 40.162402173000089, -1.801356634999877 ], [ 40.159135776000085, -1.783405328999891 ], [ 40.157804325000143, -1.762976345999959 ], [ 40.169326570000067, -1.734766215999969 ], [ 40.170647016000032, -1.725518866999948 ], [ 40.168915118000086, -1.719141557999933 ], [ 40.160047990000066, -1.703812617999915 ], [ 40.157838305000098, -1.694504402999826 ], [ 40.159955277000108, -1.652302943999928 ], [ 40.156718435000187, -1.619549810999956 ], [ 40.152140664000058, -1.603212090999932 ], [ 40.146817492000139, -1.591847136999945 ], [ 40.139362430000062, -1.582326465999927 ], [ 40.124864674999969, -1.568657296999902 ], [ 40.116822867000053, -1.556231996999827 ], [ 40.108615599000075, -1.530999836999968 ], [ 40.10494293000005, -1.50754121499989 ], [ 40.092642725000076, -1.488264490999939 ], [ 40.087660800000094, -1.47621952999998 ], [ 40.084364182000172, -1.447624984999948 ], [ 40.062880678, -1.35456039699983 ], [ 40.060915022000074, -1.339094990999968 ], [ 40.050577736000093, -1.318779672999881 ], [ 40.049224166000045, -1.313149014999851 ], [ 40.049861350000185, -1.298104818999946 ], [ 40.056953736000082, -1.26789539899994 ], [ 40.056570210000132, -1.248580396999898 ], [ 40.050870616000168, -1.237089334999837 ], [ 40.038700432000041, -1.199431743999924 ], [ 40.010159647000137, -1.159553334999941 ], [ 39.996344568999973, -1.120382005999943 ], [ 39.968506615000081, -1.069252855999935 ], [ 39.946380241000043, -1.021675271999925 ], [ 39.934348124000053, -1.002789163999921 ], [ 39.938536803000147, -0.982467412999824 ], [ 39.937392156000044, -0.964233081999964 ], [ 39.925941899000065, -0.94014212899998 ], [ 39.919150289000186, -0.917148775999976 ], [ 39.912841741000079, -0.906376240999975 ], [ 39.90507285100017, -0.899310885999967 ], [ 39.903725879999968, -0.895538676999934 ], [ 39.903019835000123, -0.890251677999913 ], [ 39.905544634000194, -0.878237901999967 ], [ 39.903508865000049, -0.869689383999912 ], [ 39.903239053000107, -0.846564333999936 ], [ 39.901040002000173, -0.833547973999941 ], [ 39.89007967800012, -0.81717008399994 ], [ 39.879170835000025, -0.785485240999947 ], [ 39.862819759000161, -0.761123649999888 ], [ 39.86287550600008, -0.754888177999931 ], [ 39.867925085000138, -0.743270943999903 ], [ 39.867550569000059, -0.734515958999907 ], [ 39.865741741000136, -0.728759708999974 ], [ 39.858026093000035, -0.718110881999962 ], [ 39.856065282000031, -0.69269924699995 ], [ 39.843351303000134, -0.671847990999936 ], [ 39.84186317800004, -0.65529049099996 ], [ 39.836031569000056, -0.644690505999904 ], [ 39.822682465000071, -0.630626941999878 ], [ 39.821035012000095, -0.626909489999946 ], [ 39.819685272000186, -0.620589333999817 ], [ 39.821247376000088, -0.602726781999877 ], [ 39.817606967000074, -0.59250504799985 ], [ 39.809328374000131, -0.581670608999843 ], [ 39.773050242000181, -0.559776885999952 ], [ 39.757868914000142, -0.547226215999956 ], [ 39.746796905000167, -0.543135030999963 ], [ 39.729497977000051, -0.545787156999836 ], [ 39.726285670000095, -0.544813966999868 ], [ 39.726355264000176, -0.533007890999954 ], [ 39.722844514000144, -0.52554826599993 ], [ 39.717351733000157, -0.519812046999959 ], [ 39.709719889000155, -0.515112077999902 ], [ 39.704116077000151, -0.504738733999943 ], [ 39.692544420000047, -0.493139296999971 ], [ 39.633312196000134, -0.493049938999945 ], [ 39.63216851400017, -0.491386076999959 ], [ 39.630966442000044, -0.47212210299989 ], [ 39.632780345000072, -0.465135230999977 ], [ 39.636666289000118, -0.459831313999928 ], [ 39.626782703000174, -0.449088178999887 ], [ 39.626097845000174, -0.439878973999896 ], [ 39.626253131000055, -0.319194581999966 ], [ 39.617534635000027, -0.310330795999903 ], [ 39.599721913000053, -0.296857957999919 ], [ 39.587989814000025, -0.275523110999927 ], [ 39.580471023000086, -0.265993366999965 ], [ 39.5636825630001, -0.252373356999954 ], [ 39.545554130000028, -0.245172457999956 ], [ 39.529596363000167, -0.216497635999872 ], [ 39.522953021000092, -0.210528115999978 ], [ 39.509803765000129, -0.202411799999879 ], [ 39.482158678000076, -0.175047173999872 ], [ 39.471397391000096, -0.16872267399998 ], [ 39.446670520000112, -0.149137239999959 ], [ 39.431530003000148, -0.145088299999941 ], [ 39.411869060000072, -0.145449174999897 ], [ 39.406322494000165, -0.1435890489999 ], [ 39.387687689000131, -0.125846236999905 ], [ 39.36203764600009, -0.114363488999913 ], [ 39.329486834000136, -0.090646861999858 ], [ 39.311992670000052, -0.087785113999928 ], [ 39.29375076000008, -0.091398050999942 ], [ 39.260108946000116, -0.093092737999882 ], [ 39.231224065000163, -0.085446488999878 ], [ 39.196838381000077, -0.090633426999887 ], [ 39.184364320000157, -0.087950552999871 ], [ 39.169250498000167, -0.081377503999931 ], [ 39.157669069000178, -0.079454738999914 ], [ 39.148948714000085, -0.075162115999944 ], [ 39.139068618000124, -0.06653224199988 ], [ 39.110046385000146, -0.031207551999955 ], [ 39.097351072000038, -0.013366426999823 ], [ 39.086662306000051, -0.006435612999951 ], [ 39.075885765000066, -0.003484500999946 ], [ 39.065288588000158, -0.003126738999924 ], [ 39.048431390000189, -0.005208688999971 ], [ 39.039586435000103, -0.002289979999944 ], [ 39.02737426300007, -0.001544238999884 ], [ 38.995803826000156, -0.00574742699996 ], [ 38.972106939000071, -0.012650863999966 ], [ 38.961380006000127, -0.018567739999924 ], [ 38.944587701000103, -0.032200176999822 ], [ 38.937315948000162, -0.043714035999926 ], [ 38.916917812000122, -0.039982677999888 ], [ 38.910903938000104, -0.040189237999925 ], [ 38.900337176000107, -0.043094865999933 ], [ 38.882621761000109, -0.051585301999978 ], [ 38.866733560000114, -0.050943802999939 ], [ 38.857425693000096, -0.047160844999894 ], [ 38.834697709000181, -0.049283426999921 ], [ 38.822256096000103, -0.043566553999881 ], [ 38.800939549000191, -0.037189285999887 ], [ 38.792263019000131, -0.032174550999912 ], [ 38.77606582300001, -0.026247145999946 ], [ 38.760925287000134, -0.026210332999824 ], [ 38.748730027000079, -0.029682098999842 ], [ 38.749404907000155, -0.026226141999871 ], [ 38.747554779000041, -0.023409693999895 ], [ 38.748483658000055, -0.01960257099995 ], [ 38.741695404000041, -0.012606977999951 ], [ 38.743794441000091, -0.002842104999957 ], [ 38.737628937000125, 0.00402005400008 ], [ 38.74006907100005, 0.014499315000023 ], [ 38.732070923000151, 0.040072405000103 ], [ 38.729056040000046, 0.065420397000082 ], [ 38.730265299000166, 0.073491998000122 ], [ 38.728567759000043, 0.086005900999965 ], [ 38.731804848000081, 0.098704338 ], [ 38.729834239000184, 0.119288258000154 ], [ 38.732208252000078, 0.125723273000119 ], [ 38.732182503000161, 0.138201617000163 ], [ 38.734672546000013, 0.149073688000101 ], [ 38.738449097000114, 0.151392080000051 ], [ 38.756992976000163, 0.171413219999977 ], [ 38.757226308000099, 0.183811826000181 ], [ 38.690221183000176, 0.447351901 ], [ 38.679846428000189, 0.473580032000029 ], [ 38.67698239300006, 0.494958311000119 ], [ 38.672569244000044, 0.500079070000027 ], [ 38.665888625000036, 0.501596035000034 ], [ 38.658762636000063, 0.508053923000034 ], [ 38.661563873000091, 0.5107243060001 ], [ 38.678083015000027, 0.50963634600015 ], [ 38.693307349000065, 0.51160348000019 ], [ 38.703763499000104, 0.507932497000127 ], [ 38.708384872000124, 0.514256911000075 ], [ 38.717610098000137, 0.512493867000046 ], [ 38.721965790000127, 0.513394296000058 ], [ 38.719963025000027, 0.521486931000027 ], [ 38.720709991000035, 0.524396789000093 ], [ 38.72320003699997, 0.526071198000182 ], [ 38.735034814000187, 0.52016917200018 ], [ 38.743282881000027, 0.524729037000043 ], [ 38.749871650000159, 0.525102062000087 ], [ 38.753284454000095, 0.523569167 ], [ 38.755910111000162, 0.516407531000027 ], [ 38.764038224000046, 0.51291148200005 ], [ 38.765864777000104, 0.513426220000042 ], [ 38.767446335000045, 0.517196042000023 ], [ 38.775454616000161, 0.519835143000137 ], [ 38.783862296000052, 0.527324942000178 ], [ 38.791594090999979, 0.541217428000152 ], [ 38.799065084000063, 0.544451915000025 ], [ 38.800983429000098, 0.549619614999983 ], [ 38.807460305000063, 0.554977391000136 ], [ 38.808573754000065, 0.559528990000047 ], [ 38.815811855000049, 0.571320479000178 ], [ 38.824894544000074, 0.581257002000143 ], [ 38.831937191000065, 0.585745469000187 ], [ 38.838921115000062, 0.587152835000097 ], [ 38.857746798000107, 0.599371643000154 ], [ 38.871124268000131, 0.601143360000094 ], [ 38.874950409000064, 0.595515013000067 ], [ 38.883254460000103, 0.597122653000042 ], [ 38.891594826000073, 0.596036757000093 ], [ 38.896540702000038, 0.598365629000057 ], [ 38.902202862000138, 0.597225060000085 ], [ 38.907583312000156, 0.600258537000173 ], [ 38.911239261000048, 0.599842408000143 ], [ 38.925380584000095, 0.606848888000059 ], [ 38.935818163000135, 0.625149252000028 ], [ 38.940750799000057, 0.628409499000043 ], [ 38.946457677000069, 0.626491578000071 ], [ 38.9515774300001, 0.628350181000144 ], [ 38.961385955000139, 0.624574824000149 ], [ 38.976701585000114, 0.622523191000084 ], [ 38.980171759000029, 0.622756688000152 ], [ 38.985971187000075, 0.6262547 ], [ 39.010190665999971, 0.625220906000095 ], [ 39.012455573000068, 0.628171657000109 ], [ 39.012078896000105, 0.635708818000126 ], [ 39.013995166000029, 0.640949371000033 ], [ 39.020865798000045, 0.641553883000142 ], [ 39.023504818000106, 0.645641819000161 ], [ 39.024054619000026, 0.650477927000111 ], [ 39.022232056000121, 0.655120730000078 ], [ 39.026876003000041, 0.664966294000067 ], [ 39.035049691000097, 0.667117562000101 ], [ 39.0377719170001, 0.672952346000045 ], [ 39.046299915000134, 0.677595286000155 ], [ 39.049178926000025, 0.683964567000032 ], [ 39.053669416000162, 0.686088584000174 ], [ 39.06609367600015, 0.68307667 ], [ 39.072235108000086, 0.678575576000071 ], [ 39.078250414000024, 0.679066053999975 ], [ 39.083951900000159, 0.676933634000136 ], [ 39.090600473000052, 0.681570948000115 ], [ 39.097278595000148, 0.680233061000024 ], [ 39.098869324000077, 0.681748509000158 ], [ 39.098402490000126, 0.686416795000071 ], [ 39.102473522000025, 0.689375641000083 ], [ 39.114169545999971, 0.691263729000184 ], [ 39.122894424000151, 0.690401675000089 ], [ 39.125423431000058, 0.688387394000131 ], [ 39.132133484000065, 0.688315272000011 ], [ 39.134941780000077, 0.690823078000051 ], [ 39.142169485000068, 0.69117766800008 ], [ 39.143381744000123, 0.697933171000102 ], [ 39.147838496000077, 0.706003217000102 ], [ 39.163930715999982, 0.714051425000036 ], [ 39.167547794000143, 0.718810878000113 ], [ 39.173879676000183, 0.719721811000056 ], [ 39.177762459, 0.725566179000111 ], [ 39.175495611000031, 0.727485418000185 ], [ 39.177587866000067, 0.743649631000096 ], [ 39.18056313400001, 0.751749675000099 ], [ 39.200473308000028, 0.789470088000144 ], [ 39.215737727000089, 0.805604633000087 ], [ 39.224660177000089, 0.817763853000031 ], [ 39.237070216000063, 0.844155692000129 ], [ 39.249557534000132, 0.859640865000131 ], [ 39.267786104000095, 0.875945228000148 ], [ 39.313597176000144, 0.924772075000021 ], [ 39.361260424000136, 0.953948779000029 ], [ 39.395672338000054, 0.968451114000118 ], [ 39.454477932000032, 0.98915643800018 ], [ 39.461921811000138, 0.995885165000118 ], [ 39.465763208000112, 0.988562168000044 ], [ 39.47946320799997, 0.980812168000057 ], [ 39.493208836000065, 0.959953535000011 ], [ 39.497863208000069, 0.933912168000177 ], [ 39.519963208000036, 0.886862168000107 ], [ 39.533163208000133, 0.853462168000078 ], [ 39.554263208000123, 0.781462168000132 ], [ 39.560953585000107, 0.770170746000076 ], [ 39.561363208000159, 0.762312168000165 ], [ 39.563963208000189, 0.755762168 ], [ 39.575463208000087, 0.740862168000149 ], [ 39.587363208000056, 0.719762168000102 ], [ 39.595694296000147, 0.713446119000025 ], [ 39.600498052000091, 0.702501064000103 ], [ 39.606263208000144, 0.694212168000149 ], [ 39.609725811000033, 0.691810292000184 ] ] ] } },
{ "type": "Feature", "properties": { "name": "Homa Bay" }, "geometry": { "type": "Polygon", "coordinates": [ [ [ 34.760495322000111, -0.311791870999912 ], [ 34.762767029000031, -0.310138391999885 ], [ 34.765500574000157, -0.311162765999939 ], [ 34.768233144000135, -0.308646127999964 ], [ 34.775412279000022, -0.315698560999977 ], [ 34.779286149000086, -0.315640128999917 ], [ 34.781331060000127, -0.320247537999933 ], [ 34.784510943000043, -0.320517444999894 ], [ 34.790220533000138, -0.329678492999903 ], [ 34.785118532000126, -0.330009276999931 ], [ 34.783178778000035, -0.3315829309999 ], [ 34.785721766000108, -0.336404917999914 ], [ 34.785624906000123, -0.340065105999884 ], [ 34.788223002000166, -0.341329923999922 ], [ 34.792001805000098, -0.339646375999962 ], [ 34.793352637000112, -0.342178560999969 ], [ 34.790611137000099, -0.34602342099987 ], [ 34.796279790000085, -0.348488882999845 ], [ 34.798282065000137, -0.35205965699987 ], [ 34.807000536000032, -0.352699033999954 ], [ 34.810740702000032, -0.349827119999816 ], [ 34.810800985000128, -0.354378162999978 ], [ 34.817943970000101, -0.363126784999963 ], [ 34.820381148000138, -0.368843106999975 ], [ 34.822534563000033, -0.369513782999945 ], [ 34.821736125000029, -0.376949953999883 ], [ 34.825217993000024, -0.381697118999909 ], [ 34.822410779999984, -0.384525915999859 ], [ 34.824806267000042, -0.386205903999951 ], [ 34.83326262200012, -0.386371513999961 ], [ 34.839043874000083, -0.390797084999974 ], [ 34.859481812000013, -0.390537403999872 ], [ 34.85856899800018, -0.392757920999941 ], [ 34.862769338000078, -0.395207882999955 ], [ 34.866731006000123, -0.392384056999902 ], [ 34.877348871000152, -0.395620383999869 ], [ 34.878986629000167, -0.393911393999872 ], [ 34.885191743000178, -0.394175415999882 ], [ 34.888316078000173, -0.399095570999918 ], [ 34.89463688799998, -0.391793140999937 ], [ 34.897166780000077, -0.392478859999926 ], [ 34.900819605000038, -0.389412463999975 ], [ 34.914445073000138, -0.383798624999883 ], [ 34.916156956000123, -0.387226819999967 ], [ 34.915124061000029, -0.39334695499997 ], [ 34.913517331000151, -0.394340313999919 ], [ 34.914022064000051, -0.401251243999923 ], [ 34.929185486000051, -0.40080817199987 ], [ 34.930344236000167, -0.41003157699987 ], [ 34.935964029000047, -0.409146833999955 ], [ 34.939142516, -0.411379200999932 ], [ 34.950330274000066, -0.414271027999916 ], [ 34.961198893000017, -0.413723732999927 ], [ 34.964429215000166, -0.412190140999883 ], [ 34.964439291000076, -0.41002967799983 ], [ 34.967476270000134, -0.411399101999962 ], [ 34.974865275000127, -0.408124024999893 ], [ 34.981299730000046, -0.412482611999906 ], [ 34.986016083000152, -0.412038640999867 ], [ 34.989223032000154, -0.40677707499998 ], [ 34.997233620000031, -0.403591388999928 ], [ 35.00278397000011, -0.403321488999893 ], [ 35.010586251, -0.389253397999937 ], [ 35.017681632000119, -0.395755280999936 ], [ 35.017865899000185, -0.400503936999939 ], [ 35.021238686000061, -0.403807902999915 ], [ 35.019859516000167, -0.409650856999917 ], [ 34.999165899000104, -0.427403936999951 ], [ 34.966965899000058, -0.440503936999903 ], [ 34.940265899000167, -0.463003936999939 ], [ 34.931165899000064, -0.468603936999955 ], [ 34.905665899000098, -0.480203936999942 ], [ 34.881165899000166, -0.485803936999957 ], [ 34.855775529000084, -0.503561528999967 ], [ 34.852265899000088, -0.508903936999957 ], [ 34.817519651000055, -0.517763940999941 ], [ 34.799665899000047, -0.525803936999921 ], [ 34.792065899000022, -0.527003936999904 ], [ 34.787650805000112, -0.531451106999896 ], [ 34.78076589900013, -0.533103936999964 ], [ 34.769015899000181, -0.532153936999975 ], [ 34.761383979000186, -0.542577227999971 ], [ 34.759065899000063, -0.549003936999895 ], [ 34.752765899000167, -0.555303936999962 ], [ 34.748628942000096, -0.557299784999827 ], [ 34.737916073000179, -0.557836889999919 ], [ 34.729065899000148, -0.555703936999919 ], [ 34.723665899000082, -0.559003936999943 ], [ 34.712865899000178, -0.557103936999965 ], [ 34.711165899000036, -0.558303936999948 ], [ 34.710415465000096, -0.565924760999962 ], [ 34.700808430000052, -0.576183585999956 ], [ 34.696285684000088, -0.588853430999961 ], [ 34.68516589900014, -0.600703936999935 ], [ 34.660965899000132, -0.602703936999944 ], [ 34.659365899000079, -0.601453936999974 ], [ 34.66026589900008, -0.603203936999932 ], [ 34.658565899000109, -0.603003936999869 ], [ 34.650565899000071, -0.615303936999908 ], [ 34.650927495000133, -0.620762241999898 ], [ 34.64939251300018, -0.624423968999906 ], [ 34.643115899000065, -0.632103936999954 ], [ 34.63566589900006, -0.66070393699988 ], [ 34.631265899000141, -0.659203936999916 ], [ 34.625629309000033, -0.654327427999931 ], [ 34.609065899000029, -0.649503936999906 ], [ 34.605365899000162, -0.651203936999877 ], [ 34.59946697200013, -0.649499429999878 ], [ 34.588865899000041, -0.649403936999875 ], [ 34.582965899000044, -0.651603936999948 ], [ 34.58120571600017, -0.657676040999888 ], [ 34.57926589900012, -0.659003936999909 ], [ 34.566115899000124, -0.661703936999913 ], [ 34.564465899000027, -0.663603936999948 ], [ 34.55604914900016, -0.664071448999948 ], [ 34.559165899000106, -0.671803936999936 ], [ 34.552865898999983, -0.675303936999967 ], [ 34.550065899000174, -0.682603936999897 ], [ 34.540165899000101, -0.692603936999888 ], [ 34.53666589900007, -0.700703936999957 ], [ 34.534265899000047, -0.702203936999979 ], [ 34.534265899000047, -0.722503936999885 ], [ 34.531715899000119, -0.725103936999972 ], [ 34.536296156000105, -0.72830855199993 ], [ 34.531965899, -0.740303936999965 ], [ 34.526665899000079, -0.744403936999959 ], [ 34.518165899000053, -0.756603936999966 ], [ 34.485465899000189, -0.786803936999831 ], [ 34.482065899000077, -0.799703936999947 ], [ 34.464965899000049, -0.83440393699982 ], [ 34.463812244999986, -0.862138509999966 ], [ 34.42806589900016, -0.834803936999947 ], [ 34.397065899000097, -0.818403936999971 ], [ 34.387365899000031, -0.815903936999973 ], [ 34.388265899000089, -0.822103936999952 ], [ 34.393465899000091, -0.827703936999967 ], [ 34.389477003000138, -0.83191069499992 ], [ 34.381465899000034, -0.846003936999921 ], [ 34.37896589900015, -0.844203936999861 ], [ 34.37206589900012, -0.845853936999958 ], [ 34.368665899000177, -0.851503936999904 ], [ 34.341465899000127, -0.854903936999847 ], [ 34.338165899000103, -0.856953936999901 ], [ 34.33656589900005, -0.862103936999972 ], [ 34.324635941999986, -0.86624554399998 ], [ 34.320565899000144, -0.865103936999958 ], [ 34.310665899000071, -0.855303936999974 ], [ 34.299965899000085, -0.839003936999916 ], [ 34.285465899000087, -0.825203936999969 ], [ 34.268765899000186, -0.823803936999923 ], [ 34.254365899000106, -0.819303936999916 ], [ 34.252565899000047, -0.810703936999971 ], [ 34.248494328000049, -0.807772514999897 ], [ 34.242165898999986, -0.799303936999877 ], [ 34.232775495, -0.781987380999908 ], [ 34.213365899000053, -0.76720393699992 ], [ 34.210385899000073, -0.759643936999964 ], [ 34.204365899000038, -0.752803936999953 ], [ 34.199365899000043, -0.742403936999949 ], [ 34.189765899000122, -0.74610393699993 ], [ 34.16916589900012, -0.762703936999912 ], [ 34.152665899, -0.766703936999932 ], [ 34.144265899000118, -0.776003936999928 ], [ 34.137124912000161, -0.777534737999929 ], [ 34.119165899000052, -0.777703936999956 ], [ 34.112265899000079, -0.781503936999968 ], [ 34.087565899000083, -0.784603936999872 ], [ 34.084265899000059, -0.78750393699994 ], [ 34.079565899000045, -0.805203936999931 ], [ 33.925865899000144, -0.804803936999861 ], [ 33.917065899000136, -0.567803936999951 ], [ 33.920065899000178, -0.55210393699997 ], [ 33.924365899000179, -0.465903936999894 ], [ 33.94796589900011, -0.338103936999971 ], [ 34.240219512000181, -0.338379956999916 ], [ 34.270665899000164, -0.415303936999862 ], [ 34.278165899000044, -0.422803936999912 ], [ 34.283665899000027, -0.42590393699993 ], [ 34.297165899000049, -0.428403936999928 ], [ 34.309070998000038, -0.426218100999961 ], [ 34.319465899000079, -0.420703936999814 ], [ 34.421865899000181, -0.33480393699989 ], [ 34.530365293000102, -0.27063480399994 ], [ 34.705009459999985, -0.256758063999939 ], [ 34.755262461000143, -0.289846525999963 ], [ 34.755868784000086, -0.294533656999931 ], [ 34.758288303000029, -0.296921674999965 ], [ 34.757420284000034, -0.303962775999878 ], [ 34.760495322000111, -0.311791870999912 ] ] ] } },
{ "type": "Feature", "properties": { "name": "Isiolo" }, "geometry": { "type": "Polygon", "coordinates": [ [ [ 39.215618796000115, 1.70882132700018 ], [ 39.221590272000185, 1.70872742600011 ], [ 39.226388042000167, 1.707164318000139 ], [ 39.230846405000193, 1.702728271000183 ], [ 39.234663775000172, 1.703245441000149 ], [ 39.245957119000082, 1.699874937000175 ], [ 39.261393407000071, 1.688077535000161 ], [ 39.271497091000072, 1.689590931000112 ], [ 39.283424226000079, 1.681057600000088 ], [ 39.284269946000109, 1.676663540000163 ], [ 39.298873901000036, 1.667833447000078 ], [ 39.307254559000171, 1.66848651600003 ], [ 39.31013816400008, 1.658091516000013 ], [ 39.313798649000034, 1.660232970000095 ], [ 39.316274519000046, 1.659844925000073 ], [ 39.321715291000089, 1.649278291000087 ], [ 39.33151579600019, 1.647712649000084 ], [ 39.336796146000097, 1.639431834000163 ], [ 39.34233600500005, 1.640155733000086 ], [ 39.34584617600018, 1.628261447000057 ], [ 39.350837708000142, 1.625880599000027 ], [ 39.376823934000186, 1.587666005000074 ], [ 39.384934232000091, 1.582146095000041 ], [ 39.386750576000111, 1.573905880000098 ], [ 39.393389701999979, 1.574516594000045 ], [ 39.394515991000048, 1.57316732400011 ], [ 39.397697449000191, 1.563450992000185 ], [ 39.403657522000117, 1.559021267 ], [ 39.412472331000174, 1.560091409000108 ], [ 39.415054321000127, 1.558889091000083 ], [ 39.438831541000127, 1.537979603000053 ], [ 39.447082520000095, 1.535278320000089 ], [ 39.371614456000088, 1.509653747000073 ], [ 39.277526867, 1.474486869000032 ], [ 39.2772789, 1.472259522 ], [ 39.434364107000135, 1.065812853000182 ], [ 39.443494143000066, 1.047199129000035 ], [ 39.461921811000138, 0.995885165000118 ], [ 39.454477932000032, 0.98915643800018 ], [ 39.395672338000054, 0.968451114000118 ], [ 39.361260424000136, 0.953948779000029 ], [ 39.313597176000144, 0.924772075000021 ], [ 39.267786104000095, 0.875945228000148 ], [ 39.249557534000132, 0.859640865000131 ], [ 39.237070216000063, 0.844155692000129 ], [ 39.224660177000089, 0.817763853000031 ], [ 39.215737727000089, 0.805604633000087 ], [ 39.200473308000028, 0.789470088000144 ], [ 39.18056313400001, 0.751749675000099 ], [ 39.177587866000067, 0.743649631000096 ], [ 39.175495611000031, 0.727485418000185 ], [ 39.177762459, 0.725566179000111 ], [ 39.173879676000183, 0.719721811000056 ], [ 39.167547794000143, 0.718810878000113 ], [ 39.163930715999982, 0.714051425000036 ], [ 39.147838496000077, 0.706003217000102 ], [ 39.143381744000123, 0.697933171000102 ], [ 39.142169485000068, 0.69117766800008 ], [ 39.134941780000077, 0.690823078000051 ], [ 39.132133484000065, 0.688315272000011 ], [ 39.125423431000058, 0.688387394000131 ], [ 39.122894424000151, 0.690401675000089 ], [ 39.114169545999971, 0.691263729000184 ], [ 39.102473522000025, 0.689375641000083 ], [ 39.098402490000126, 0.686416795000071 ], [ 39.098869324000077, 0.681748509000158 ], [ 39.097278595000148, 0.680233061000024 ], [ 39.090600473000052, 0.681570948000115 ], [ 39.083951900000159, 0.676933634000136 ], [ 39.078250414000024, 0.679066053999975 ], [ 39.072235108000086, 0.678575576000071 ], [ 39.06609367600015, 0.68307667 ], [ 39.053669416000162, 0.686088584000174 ], [ 39.049178926000025, 0.683964567000032 ], [ 39.046299915000134, 0.677595286000155 ], [ 39.0377719170001, 0.672952346000045 ], [ 39.035049691000097, 0.667117562000101 ], [ 39.026876003000041, 0.664966294000067 ], [ 39.022232056000121, 0.655120730000078 ], [ 39.024054619000026, 0.650477927000111 ], [ 39.023504818000106, 0.645641819000161 ], [ 39.020865798000045, 0.641553883000142 ], [ 39.013995166000029, 0.640949371000033 ], [ 39.012078896000105, 0.635708818000126 ], [ 39.012455573000068, 0.628171657000109 ], [ 39.010190665999971, 0.625220906000095 ], [ 38.985971187000075, 0.6262547 ], [ 38.980171759000029, 0.622756688000152 ], [ 38.976701585000114, 0.622523191000084 ], [ 38.961385955000139, 0.624574824000149 ], [ 38.9515774300001, 0.628350181000144 ], [ 38.946457677000069, 0.626491578000071 ], [ 38.940750799000057, 0.628409499000043 ], [ 38.935818163000135, 0.625149252000028 ], [ 38.925380584000095, 0.606848888000059 ], [ 38.911239261000048, 0.599842408000143 ], [ 38.907583312000156, 0.600258537000173 ], [ 38.902202862000138, 0.597225060000085 ], [ 38.896540702000038, 0.598365629000057 ], [ 38.891594826000073, 0.596036757000093 ], [ 38.883254460000103, 0.597122653000042 ], [ 38.874950409000064, 0.595515013000067 ], [ 38.871124268000131, 0.601143360000094 ], [ 38.857746798000107, 0.599371643000154 ], [ 38.838921115000062, 0.587152835000097 ], [ 38.831937191000065, 0.585745469000187 ], [ 38.824894544000074, 0.581257002000143 ], [ 38.815811855000049, 0.571320479000178 ], [ 38.808573754000065, 0.559528990000047 ], [ 38.807460305000063, 0.554977391000136 ], [ 38.800983429000098, 0.549619614999983 ], [ 38.799065084000063, 0.544451915000025 ], [ 38.791594090999979, 0.541217428000152 ], [ 38.783862296000052, 0.527324942000178 ], [ 38.775454616000161, 0.519835143000137 ], [ 38.767446335000045, 0.517196042000023 ], [ 38.765864777000104, 0.513426220000042 ], [ 38.764038224000046, 0.51291148200005 ], [ 38.755910111000162, 0.516407531000027 ], [ 38.753284454000095, 0.523569167 ], [ 38.749871650000159, 0.525102062000087 ], [ 38.743282881000027, 0.524729037000043 ], [ 38.735034814000187, 0.52016917200018 ], [ 38.72320003699997, 0.526071198000182 ], [ 38.720185245000152, 0.523468798000124 ], [ 38.720267135000142, 0.517077997000115 ], [ 38.721965790000127, 0.513394296000058 ], [ 38.720882416000165, 0.512528359999976 ], [ 38.708384872000124, 0.514256911000075 ], [ 38.705886109000062, 0.50936644300009 ], [ 38.702630839, 0.507754894000072 ], [ 38.691627864999987, 0.511700032000022 ], [ 38.678083015000027, 0.50963634600015 ], [ 38.661563873000091, 0.5107243060001 ], [ 38.658762636000063, 0.508053923000034 ], [ 38.665888625000036, 0.501596035000034 ], [ 38.672569244000044, 0.500079070000027 ], [ 38.67698239300006, 0.494958311000119 ], [ 38.679846428000189, 0.473580032000029 ], [ 38.690221183000176, 0.447351901 ], [ 38.757226308000099, 0.183811826000181 ], [ 38.756992976000163, 0.171413219999977 ], [ 38.734291077000194, 0.148090176000096 ], [ 38.732182503000161, 0.138201617000163 ], [ 38.732208252000078, 0.125723273000119 ], [ 38.729834239000184, 0.119288258000154 ], [ 38.731746356000031, 0.097460841999975 ], [ 38.72856267300017, 0.085018218000073 ], [ 38.731531143000097, 0.042769335000173 ], [ 38.74006907100005, 0.014499315000023 ], [ 38.737628937000125, 0.00402005400008 ], [ 38.743794441000091, -0.002842104999957 ], [ 38.741695404000041, -0.012606977999951 ], [ 38.748483658000055, -0.01960257099995 ], [ 38.747554779000041, -0.023409693999895 ], [ 38.749404907000155, -0.026226141999871 ], [ 38.748828578000143, -0.030733318999978 ], [ 38.750369700000135, -0.03606522799987 ], [ 38.752805715000136, -0.038186982999946 ], [ 38.751117083000054, -0.046893219999959 ], [ 38.759827129000087, -0.050028140999927 ], [ 38.764726374000134, -0.054973960999973 ], [ 38.759721446000128, -0.063402713999949 ], [ 38.766380149000099, -0.068922616999885 ], [ 38.759387969000159, -0.072811486999967 ], [ 38.750189763000094, -0.073046475999945 ], [ 38.743661892000034, -0.070402293999905 ], [ 38.738157297000157, -0.070848415999876 ], [ 38.728202501000169, -0.064769916999921 ], [ 38.71256780900012, -0.062280444999885 ], [ 38.695811751000178, -0.049947848999921 ], [ 38.688076402000036, -0.040707761999954 ], [ 38.685114861000045, -0.043767217999971 ], [ 38.684668348000173, -0.052394980999907 ], [ 38.682431212000154, -0.055102369999929 ], [ 38.676349634000189, -0.055138088999854 ], [ 38.668445558000087, -0.050706308999963 ], [ 38.655072203000145, -0.046487080999952 ], [ 38.651830658999984, -0.048277943999949 ], [ 38.648423203000164, -0.05373584199998 ], [ 38.638728170000093, -0.054696511999907 ], [ 38.634492868000166, -0.052099954999903 ], [ 38.625444413000139, -0.041350750999925 ], [ 38.610697273000142, -0.029812087999915 ], [ 38.607885842000087, -0.029658312999914 ], [ 38.603447925000182, -0.034019055999863 ], [ 38.598987575000081, -0.033935758999974 ], [ 38.592912654000031, -0.031235093999896 ], [ 38.587210663000178, -0.025780134999934 ], [ 38.57915118700015, -0.024652900999911 ], [ 38.568888025000092, -0.019309180999926 ], [ 38.56322923800019, -0.018613644999903 ], [ 38.559498790000077, -0.019868752999855 ], [ 38.553715694000175, -0.017065958999922 ], [ 38.547513952000031, -0.020954372999881 ], [ 38.541643138000097, -0.033771674999912 ], [ 38.540086312000085, -0.04452110699998 ], [ 38.536062258000186, -0.043261950999977 ], [ 38.52955014000014, -0.044576595999956 ], [ 38.530309673000033, -0.055832868999971 ], [ 38.52576302500006, -0.057217974999901 ], [ 38.519787388999987, -0.06309943299982 ], [ 38.510741867000149, -0.059423453999955 ], [ 38.50491332200005, -0.063181004999819 ], [ 38.498857505000046, -0.063055585999905 ], [ 38.491525662000129, -0.05887815899996 ], [ 38.488576382000133, -0.061647218999894 ], [ 38.487512305000109, -0.07024588399986 ], [ 38.483842855000091, -0.075228501999902 ], [ 38.479006767000158, -0.078047656999956 ], [ 38.470254887000067, -0.079817354999818 ], [ 38.462093345000142, -0.08540018899987 ], [ 38.45392656000007, -0.08580965099992 ], [ 38.437434076000102, -0.072015637999925 ], [ 38.432771690000152, -0.076985804999936 ], [ 38.42670345800002, -0.075514790999875 ], [ 38.419552872000111, -0.070364839999911 ], [ 38.419865926000057, -0.068428544999961 ], [ 38.414291382000158, -0.066921604999948 ], [ 38.410379410000132, -0.063803955999845 ], [ 38.411914825000053, -0.059461108999869 ], [ 38.409516144000122, -0.057617321999885 ], [ 38.413636780000161, -0.051991957999974 ], [ 38.410066605000111, -0.051542966999932 ], [ 38.410739899000191, -0.047125217999962 ], [ 38.405972799000097, -0.043051581999975 ], [ 38.404342651000093, -0.029206848999934 ], [ 38.406431516000168, -0.028023963999942 ], [ 38.40151119300009, -0.026385405999918 ], [ 38.399202983000066, -0.021074094999847 ], [ 38.401681264000047, -0.016606751999973 ], [ 38.397439957000017, -0.016217793999942 ], [ 38.396427155000083, -0.014236310999934 ], [ 38.393162410000059, -0.013336303999893 ], [ 38.392718506000108, -0.010804542999949 ], [ 38.394499779000114, -0.009460737999973 ], [ 38.384355545000119, -0.003662397999904 ], [ 38.379201889, -0.002885816999935 ], [ 38.376724243000183, 0.004467824000187 ], [ 38.36988067600015, 0.006066735000047 ], [ 38.369012833000056, 0.010133636000035 ], [ 38.36568641700012, 0.014326973000152 ], [ 38.355039597000143, 0.021868585999982 ], [ 38.353195190000179, 0.030972293000161 ], [ 38.357204437000178, 0.037809677000098 ], [ 38.348932266000077, 0.043097765000141 ], [ 38.345270157000016, 0.042777665000131 ], [ 38.343490601000042, 0.044928750000054 ], [ 38.346576691000109, 0.051138737000031 ], [ 38.34552574200012, 0.054685466000137 ], [ 38.348701477000077, 0.057771253000112 ], [ 38.34897486400007, 0.06039609100003 ], [ 38.338203430000192, 0.061087515000054 ], [ 38.337408066000137, 0.062956907000171 ], [ 38.340740204000099, 0.065796886000044 ], [ 38.339580536000085, 0.067712910000125 ], [ 38.335777283000084, 0.070482068000103 ], [ 38.328334808000079, 0.071835272000158 ], [ 38.324028015000181, 0.075321093000184 ], [ 38.322896958000115, 0.079329088000065 ], [ 38.328224182000156, 0.094117753000035 ], [ 38.326580048000039, 0.096751306000101 ], [ 38.319917679000071, 0.099031229000161 ], [ 38.318069457999968, 0.107567661000189 ], [ 38.308628082000041, 0.109139167000023 ], [ 38.307250977000081, 0.11149187400008 ], [ 38.304510752000112, 0.119276171000138 ], [ 38.30512619000001, 0.133257479000179 ], [ 38.296386719000168, 0.159646035000094 ], [ 38.286655426000152, 0.164983273000075 ], [ 38.285751343000186, 0.169040762000179 ], [ 38.281127930000025, 0.173237130000075 ], [ 38.274605751000138, 0.177121017 ], [ 38.271892548000039, 0.177016853999987 ], [ 38.2667541510001, 0.181381874000067 ], [ 38.262605667, 0.186669506000044 ], [ 38.262130738000053, 0.192274601000065 ], [ 38.257747650000169, 0.194109887000025 ], [ 38.24520619700013, 0.206317852000041 ], [ 38.242340088000049, 0.207591411000124 ], [ 38.238808441000117, 0.206793308000101 ], [ 38.234224319000077, 0.213257943000031 ], [ 38.229454517000136, 0.216726413000117 ], [ 38.223251979000111, 0.216119684000091 ], [ 38.211816788000135, 0.22311596600008 ], [ 38.200766246000114, 0.226988752000068 ], [ 38.198837280000191, 0.225215681000179 ], [ 38.193260193000185, 0.231424131000153 ], [ 38.191558838000162, 0.235207781000042 ], [ 38.191692352000189, 0.244273676999967 ], [ 38.195583344000113, 0.321996778000141 ], [ 38.176361084000177, 0.330779225000185 ], [ 38.174663544000055, 0.333974510000132 ], [ 38.094421387000182, 0.564062773999979 ], [ 38.062509918000103, 0.671239948000107 ], [ 37.826236725000058, 0.563127220000013 ], [ 37.586725235000188, 0.48047354300013 ], [ 37.586059571000135, 0.471546099000079 ], [ 37.582613945000162, 0.465406835000124 ], [ 37.581508636000081, 0.459686876000035 ], [ 37.581976891000011, 0.411374852000165 ], [ 37.584938050000176, 0.403033659000016 ], [ 37.598800659000062, 0.402910262000034 ], [ 37.604930878000062, 0.35375842500008 ], [ 37.581308365000154, 0.328717336000011 ], [ 37.555247625, 0.328564818000189 ], [ 37.546514130000105, 0.311499351000123 ], [ 37.547512690000133, 0.307739136000123 ], [ 37.549699784000097, 0.306564898000147 ], [ 37.549633027000141, 0.295517743000119 ], [ 37.545770645000118, 0.286482215000035 ], [ 37.547660828000119, 0.284706920000133 ], [ 37.546955109000066, 0.279126078000047 ], [ 37.544073741000091, 0.273862819000044 ], [ 37.537876129000097, 0.268292576000022 ], [ 37.535980225000117, 0.263662696000097 ], [ 37.465591431000064, 0.283613563000188 ], [ 37.429996490000065, 0.298004240000068 ], [ 37.400697709000156, 0.296319321 ], [ 37.400417328000117, 0.285419434000119 ], [ 37.399009705000083, 0.283991188000073 ], [ 37.37922954600009, 0.270282529000099 ], [ 37.373013815000149, 0.271882877000166 ], [ 37.379086113000085, 0.276543776999972 ], [ 37.38207817100016, 0.275670916000138 ], [ 37.385345936000078, 0.276897226000187 ], [ 37.388073604, 0.28106029300011 ], [ 37.386203257000091, 0.28327579400019 ], [ 37.387512207000043, 0.287404448000018 ], [ 37.394101461000048, 0.292882214000088 ], [ 37.394718933000149, 0.295174730000099 ], [ 37.392035166000085, 0.298106635000124 ], [ 37.395562172000041, 0.302358531000039 ], [ 37.39327926600015, 0.30708725400001 ], [ 37.394629342000144, 0.309064375000105 ], [ 37.393755595000016, 0.313111757000115 ], [ 37.39163589500015, 0.313443264000114 ], [ 37.393929005000189, 0.31836488800019 ], [ 37.391470623000146, 0.327189676000103 ], [ 37.393235016000062, 0.336522156000115 ], [ 37.39179039000004, 0.339287763000016 ], [ 37.391944885000157, 0.35544194300013 ], [ 37.390090943000018, 0.357529208000074 ], [ 37.383816719000151, 0.358342968000045 ], [ 37.382374446000085, 0.363645757000143 ], [ 37.379089356000065, 0.364674210999965 ], [ 37.377645874000166, 0.370065630000113 ], [ 37.379071236000186, 0.380492705000165 ], [ 37.370062637000046, 0.384807274000025 ], [ 37.369421006000152, 0.397468463 ], [ 37.36288007100012, 0.409728681000104 ], [ 37.353278024000133, 0.414452374000064 ], [ 37.351665497000056, 0.436036348000187 ], [ 37.348643112000161, 0.443716285000107 ], [ 37.347901662000083, 0.450873097000056 ], [ 37.350443522000091, 0.456184402000133 ], [ 37.349155426000095, 0.46059555800008 ], [ 37.357113838000089, 0.468488261 ], [ 37.357588768000141, 0.474015996000048 ], [ 37.360190582000087, 0.477544493000096 ], [ 37.359781265000095, 0.484899744000131 ], [ 37.362175941000146, 0.488375776000169 ], [ 37.358833313000162, 0.495835384000088 ], [ 37.360731125000143, 0.499154284999975 ], [ 37.359621048000065, 0.502207905000034 ], [ 37.367200851000064, 0.50766787900011 ], [ 37.368855476000078, 0.512456714999985 ], [ 37.258071899000072, 0.524415493000049 ], [ 36.863765717000149, 0.572018921000051 ], [ 36.86749267600004, 0.578264574000173 ], [ 36.868041039000047, 0.587276042000099 ], [ 36.865888214000165, 0.592041636000033 ], [ 36.867586771000106, 0.597864628000082 ], [ 36.871508026000129, 0.59900182500013 ], [ 36.875099659000171, 0.605540447000067 ], [ 36.879169464000029, 0.605825166000045 ], [ 36.883467992000078, 0.613433957000154 ], [ 36.88804245, 0.610453586000062 ], [ 36.890365601000155, 0.623313785000164 ], [ 36.893819809000092, 0.622742683000126 ], [ 36.897226334000152, 0.631146967000063 ], [ 36.907597542000133, 0.632379532000186 ], [ 36.909305573000154, 0.63582497800013 ], [ 36.908285141000079, 0.6456045810001 ], [ 36.909102122000093, 0.648587624000072 ], [ 36.912206014000049, 0.650609573000168 ], [ 36.911368052000171, 0.657086273000118 ], [ 36.913331986000117, 0.662336946000153 ], [ 36.922067643000048, 0.661994309000136 ], [ 36.923725128000115, 0.672123040000031 ], [ 36.926612854000155, 0.675968397000133 ], [ 36.925182343000188, 0.687283218000061 ], [ 36.926227570000037, 0.725240379000184 ], [ 36.927195549000089, 0.73087583500012 ], [ 36.931126912000082, 0.734989067000129 ], [ 36.930875286, 0.745836069 ], [ 36.933886778000158, 0.753195264000055 ], [ 36.935715481000045, 0.754029554000169 ], [ 36.940364802000033, 0.748830488000067 ], [ 36.94809686100001, 0.744538442000021 ], [ 36.966588174000151, 0.743156240000076 ], [ 36.973347368000191, 0.747886747000052 ], [ 36.976894958000059, 0.745577745000162 ], [ 36.980509872000027, 0.745608433000029 ], [ 36.992159068000035, 0.748842264000132 ], [ 36.995077525000056, 0.751492668000083 ], [ 37.001610683000024, 0.750949720000108 ], [ 37.008206986000062, 0.752708973999972 ], [ 37.042971326000156, 0.765161884000065 ], [ 37.05832961800013, 0.77276262700002 ], [ 37.060593761000121, 0.768259585000123 ], [ 37.069031095000128, 0.766846558000168 ], [ 37.070411990000082, 0.778435290000175 ], [ 37.091322528000035, 0.783055523999963 ], [ 37.100143776000039, 0.78742889199998 ], [ 37.106403669000088, 0.786438844000145 ], [ 37.109217850000107, 0.780869494000115 ], [ 37.116590551000058, 0.782890748000057 ], [ 37.123209161000034, 0.777523575000146 ], [ 37.126930924000021, 0.766407362000052 ], [ 37.134367301999987, 0.759951698000066 ], [ 37.15001163900007, 0.760922785000048 ], [ 37.151108362000116, 0.754217450000112 ], [ 37.161391246000051, 0.752097354000171 ], [ 37.165206344000069, 0.743801733000112 ], [ 37.170349103000092, 0.74387889500008 ], [ 37.174691923000012, 0.745911285000034 ], [ 37.180491729000096, 0.743238318000124 ], [ 37.199814482000079, 0.747148402000164 ], [ 37.204046593000044, 0.74602175800004 ], [ 37.20628312499997, 0.742264348000162 ], [ 37.218767900000103, 0.740394938 ], [ 37.230259876000105, 0.750351513000055 ], [ 37.235164524000027, 0.752322077000031 ], [ 37.245472384000038, 0.763261993000128 ], [ 37.254170723000072, 0.764857038000059 ], [ 37.258071663000067, 0.763625357000024 ], [ 37.270721189000085, 0.751184266000109 ], [ 37.273716380000167, 0.745700620000093 ], [ 37.288565714000129, 0.7377583170001 ], [ 37.290556765000076, 0.731993483000053 ], [ 37.299801284000182, 0.721681137000189 ], [ 37.30471366400019, 0.705122012000118 ], [ 37.307709306000106, 0.702410149000173 ], [ 37.313212719000092, 0.687766441000178 ], [ 37.325369069000089, 0.668231431000152 ], [ 37.325890731000129, 0.660237481000081 ], [ 37.331303560000038, 0.651946305000081 ], [ 37.342180477000056, 0.647128518000159 ], [ 37.343031429000121, 0.640000996000026 ], [ 37.347475206000183, 0.634972411000035 ], [ 37.34855312000019, 0.628792403000148 ], [ 37.352711737000106, 0.623346122000044 ], [ 37.351840962000097, 0.617371834000096 ], [ 37.354312897000057, 0.601652384000147 ], [ 37.36366122000004, 0.599774273999969 ], [ 37.363629572000093, 0.591516476000095 ], [ 37.36540635199998, 0.588185287000101 ], [ 37.372931846000029, 0.589069292000147 ], [ 37.389031076000038, 0.578539825000121 ], [ 37.392456055000139, 0.578004963000126 ], [ 37.407480046000046, 0.581032728000082 ], [ 37.424187911000047, 0.580608766000182 ], [ 37.428897858000084, 0.58480578700005 ], [ 37.436202724000168, 0.580957273000138 ], [ 37.440819368000064, 0.583421455000064 ], [ 37.446206942000174, 0.581699079000032 ], [ 37.461513199000137, 0.587363307000089 ], [ 37.466217809, 0.593403635000186 ], [ 37.471023463999984, 0.594177097000056 ], [ 37.47769326100007, 0.589460843000097 ], [ 37.482375797000032, 0.590852134000045 ], [ 37.49144115200005, 0.590156876000037 ], [ 37.493011491000061, 0.586257531000115 ], [ 37.490870983000036, 0.579754999000102 ], [ 37.502753791000032, 0.575826232000054 ], [ 37.507643771000119, 0.570534259000169 ], [ 37.51514577800009, 0.567909931000088 ], [ 37.522931582000012, 0.571542758000021 ], [ 37.532068579999986, 0.566833623000036 ], [ 37.534651923000126, 0.568167383000059 ], [ 37.538838478000059, 0.575222904000043 ], [ 37.545039360000146, 0.578852017000031 ], [ 37.550999297000033, 0.574208391000013 ], [ 37.557387751000135, 0.571680115999982 ], [ 37.562994353000079, 0.573108956000112 ], [ 37.565822344000026, 0.571853432000125 ], [ 37.573475188000145, 0.575443545999974 ], [ 37.579963907000092, 0.574133021000023 ], [ 37.58240140099997, 0.577006932000018 ], [ 37.581461251000178, 0.585507594000148 ], [ 37.582557679000104, 0.588867784000172 ], [ 37.589525843000047, 0.588890343000173 ], [ 37.596114995000107, 0.592675246000056 ], [ 37.605265526000039, 0.59219197900012 ], [ 37.61791785700018, 0.600973218999968 ], [ 37.622770471000081, 0.599250708 ], [ 37.626764469000136, 0.601327930000082 ], [ 37.630358895000143, 0.597941226000046 ], [ 37.63305672700011, 0.598078375000114 ], [ 37.636321697000028, 0.60154718400014 ], [ 37.637136063000128, 0.609332286000154 ], [ 37.642385507000142, 0.61515953300011 ], [ 37.638312988000052, 0.61511180399998 ], [ 37.639561491000052, 0.622828677000143 ], [ 37.643909214000189, 0.623050490000139 ], [ 37.65006315800008, 0.632380095000144 ], [ 37.666676972000175, 0.634888331000184 ], [ 37.67454009800008, 0.642039026000077 ], [ 37.676429019000125, 0.640287978000117 ], [ 37.678226223000138, 0.643017838000048 ], [ 37.681582326000125, 0.643472359999976 ], [ 37.685106707000102, 0.657485577000102 ], [ 37.692170216000079, 0.664832968000098 ], [ 37.698043246000168, 0.664818659000048 ], [ 37.70446908100007, 0.668291215000124 ], [ 37.709575797000184, 0.66905213400014 ], [ 37.713878740000155, 0.661417714000095 ], [ 37.725498752000078, 0.655585809000115 ], [ 37.728056728000126, 0.657211581000183 ], [ 37.730646841000123, 0.662460347000149 ], [ 37.735993244999975, 0.662683302 ], [ 37.737818963000052, 0.666399050000166 ], [ 37.741282628000022, 0.668411900000081 ], [ 37.744552984000109, 0.675148709000155 ], [ 37.749404720000086, 0.677322821000075 ], [ 37.758661026000141, 0.672816706000049 ], [ 37.769770440000059, 0.67476070500004 ], [ 37.77638731400009, 0.678093799000123 ], [ 37.783353209000097, 0.677730902 ], [ 37.792255842000145, 0.672038472000111 ], [ 37.802535151000086, 0.676483026000142 ], [ 37.81596351200011, 0.676787892000164 ], [ 37.82330923, 0.680144189000146 ], [ 37.833301863000031, 0.679987521000101 ], [ 37.836527164000131, 0.681832332999988 ], [ 37.844509082000116, 0.691349257000127 ], [ 37.84274724200003, 0.699773235000123 ], [ 37.843998523999971, 0.70656419200003 ], [ 37.848408130000166, 0.715302409000174 ], [ 37.860083368000176, 0.721000891000017 ], [ 37.867298937999976, 0.727618964000044 ], [ 37.874102322000169, 0.729675205000092 ], [ 37.876372043000117, 0.733518616000026 ], [ 37.874180141000124, 0.737136257000145 ], [ 37.877965565000125, 0.744781024000019 ], [ 37.890679624000086, 0.738265864000084 ], [ 37.893805518000079, 0.730630449000103 ], [ 37.89641524200016, 0.728383649000023 ], [ 37.902270968999972, 0.729433391000157 ], [ 37.903403384000171, 0.72769620400004 ], [ 37.901928282000142, 0.722860440000147 ], [ 37.90554281500016, 0.721160759000099 ], [ 37.909213436000016, 0.72216319 ], [ 37.911807939000028, 0.714747028000147 ], [ 37.915281874000129, 0.714214259000187 ], [ 37.919365221000021, 0.720059156 ], [ 37.925026787000036, 0.720183155000029 ], [ 37.929520313000069, 0.723298705000104 ], [ 37.945956093000177, 0.744938205000153 ], [ 37.955039908000117, 0.745820015000106 ], [ 37.959696039000164, 0.752030085000058 ], [ 37.972707867000111, 0.75631353700004 ], [ 37.973548972000174, 0.760746185000187 ], [ 37.985904220000123, 0.777885183000024 ], [ 37.994333662000031, 0.779287175000036 ], [ 37.999834814000053, 0.788288604000059 ], [ 38.004582272000107, 0.789223553000056 ], [ 38.008728837000092, 0.793570203000172 ], [ 38.008258079000086, 0.802223462000029 ], [ 38.013333394000142, 0.805667015000097 ], [ 38.015996674000064, 0.804777131000037 ], [ 38.015715890000138, 0.797420475000081 ], [ 38.022087423000187, 0.799353273000122 ], [ 38.031198049000068, 0.792347995000114 ], [ 38.045099157999971, 0.788001328000121 ], [ 38.046978052000043, 0.783642486000076 ], [ 38.053652176000128, 0.779231436000146 ], [ 38.059634720000076, 0.779409166000107 ], [ 38.070287908000125, 0.783494469000175 ], [ 38.080494100000067, 0.783750558000122 ], [ 38.046843477000152, 0.805623032000085 ], [ 38.032641714000079, 1.085485238000103 ], [ 38.000945321000017, 1.128829294000127 ], [ 37.949182015000076, 1.194240690000129 ], [ 37.94630244200016, 1.263430463000134 ], [ 38.241283417000091, 1.499945283000045 ], [ 38.341201782000098, 1.577994704000048 ], [ 38.384000778000143, 1.76146441700007 ], [ 38.795402527000192, 1.998934865000024 ], [ 38.835422516000051, 2.025982857000145 ], [ 38.961545184000101, 2.099456261000114 ], [ 38.984775453000054, 2.070393112000147 ], [ 38.984469072000024, 2.051754556000049 ], [ 38.990502675000187, 2.045470317000138 ], [ 38.99266052300004, 2.039648056000033 ], [ 38.989612579000095, 2.027319193000039 ], [ 38.993511200000171, 2.007366896 ], [ 39.003325907000146, 2.003254398000081 ], [ 39.013172775000101, 1.991517290000104 ], [ 39.018390910999983, 1.988931446000038 ], [ 39.030159167000079, 1.978034016000038 ], [ 39.037098136, 1.964039172000128 ], [ 39.043511421000119, 1.957267314000092 ], [ 39.046782992000033, 1.948326677000068 ], [ 39.057733683000038, 1.940908347 ], [ 39.059959326000069, 1.927015041000118 ], [ 39.069010824000088, 1.920199370000091 ], [ 39.072982180000054, 1.915096885000082 ], [ 39.081175511000026, 1.911243075000073 ], [ 39.086669505000032, 1.904392669000117 ], [ 39.094024517000037, 1.902765180000188 ], [ 39.103400544000181, 1.892820334000135 ], [ 39.117871833000152, 1.886112893000188 ], [ 39.129094491000046, 1.873721015 ], [ 39.137977600000056, 1.856259346000058 ], [ 39.143152237000038, 1.853250027000172 ], [ 39.143121929000188, 1.842102626000042 ], [ 39.141658783000082, 1.837641478000023 ], [ 39.147384150000164, 1.83228876700008 ], [ 39.151445389000173, 1.822140694000041 ], [ 39.160056672999985, 1.813265952000052 ], [ 39.164631201000134, 1.800671293999983 ], [ 39.169069290000095, 1.795085430000029 ], [ 39.177902222000114, 1.769817233000026 ], [ 39.177270889000056, 1.763545990000068 ], [ 39.181669235000186, 1.754641295000056 ], [ 39.189140359000135, 1.745153284000082 ], [ 39.203202256000054, 1.71692981800004 ], [ 39.215618796000115, 1.70882132700018 ] ] ] } },
{ "type": "Feature", "properties": { "name": "Kajiado" }, "geometry": { "type": "Polygon", "coordinates": [ [ [ 36.66906738299997, -1.323598861999926 ], [ 36.674861908000082, -1.327842592999957 ], [ 36.678886413999976, -1.325982689999876 ], [ 36.682552338000107, -1.334948896999947 ], [ 36.684883118000016, -1.334832429999892 ], [ 36.689384460000156, -1.347097873999928 ], [ 36.692802429000096, -1.350649356999952 ], [ 36.702194214000087, -1.349484920999885 ], [ 36.726093292000087, -1.370908021999924 ], [ 36.741531372000054, -1.379435419999822 ], [ 36.744155884000122, -1.378611921999891 ], [ 36.748861313000134, -1.382234125999844 ], [ 36.760215759000118, -1.382227301999876 ], [ 36.767538071000047, -1.386281683999869 ], [ 36.772603989000174, -1.386505424999939 ], [ 36.780152639000164, -1.384123960999887 ], [ 36.782686234000096, -1.386766850999891 ], [ 36.786632538000106, -1.384912251999936 ], [ 36.789867400999981, -1.385347872999887 ], [ 36.793727875, -1.382948755999905 ], [ 36.795721054000182, -1.385767966999936 ], [ 36.80044937200006, -1.385114490999968 ], [ 36.802839279000182, -1.386337398999956 ], [ 36.804901123000093, -1.384366631999967 ], [ 36.805580139000142, -1.386844485999916 ], [ 36.808461189000127, -1.385712235999961 ], [ 36.809138934000146, -1.383354702999895 ], [ 36.81174977600017, -1.384073455999953 ], [ 36.814682007000044, -1.379863797999917 ], [ 36.819103241000107, -1.3789201969999 ], [ 36.822763443000099, -1.383293449999826 ], [ 36.827949524000132, -1.385287224999956 ], [ 36.836475372000166, -1.386293688999899 ], [ 36.836843491000138, -1.384680091999883 ], [ 36.83936119100008, -1.385894417999907 ], [ 36.843465805000051, -1.384384691999969 ], [ 36.844770432000132, -1.388962983999875 ], [ 36.849552155000083, -1.394140302999972 ], [ 36.857257843000127, -1.396626352999874 ], [ 36.86363220200019, -1.401655971999901 ], [ 36.869678497000166, -1.401229321999949 ], [ 36.870605469000111, -1.40502005799982 ], [ 36.881708145000061, -1.403688311999929 ], [ 36.894877116000089, -1.409195939999904 ], [ 36.894374847000051, -1.411015867999936 ], [ 36.89018249500009, -1.410511970999835 ], [ 36.878297806000035, -1.475586592999889 ], [ 36.884166718000131, -1.484693765999907 ], [ 36.888870240000131, -1.483692525999913 ], [ 36.900398254000038, -1.472317337999925 ], [ 36.920248032000188, -1.461689471999875 ], [ 36.923156738000159, -1.456338225999957 ], [ 36.927254677, -1.455458491999934 ], [ 36.930850983000028, -1.456876098999885 ], [ 36.936873118000165, -1.452840685999945 ], [ 36.942655564000063, -1.452427386999943 ], [ 36.94946289100011, -1.455130218999955 ], [ 36.947395325000059, -1.459227680999959 ], [ 36.977622986000085, -1.474849223999911 ], [ 36.970899582000186, -1.489056646999927 ], [ 36.97426033000005, -1.498802959999978 ], [ 36.96272659300007, -1.510796188999848 ], [ 36.963039398000149, -1.525808095999821 ], [ 36.961311340000123, -1.530007481999974 ], [ 36.958866119000049, -1.529558300999952 ], [ 36.957271576000039, -1.532731294999962 ], [ 36.957187653000119, -1.542334317999916 ], [ 36.966178894, -1.553345083999886 ], [ 36.973913193000044, -1.554900049999844 ], [ 36.974957465999978, -1.552357494999967 ], [ 36.977630615000123, -1.553071975999956 ], [ 36.995956421000074, -1.580977320999921 ], [ 36.990829468000186, -1.584927796999921 ], [ 37.000389099000017, -1.597291469999902 ], [ 37.006481171000132, -1.592714309999906 ], [ 37.081443746000161, -1.692909449999945 ], [ 37.080612772000165, -1.693510352999908 ], [ 37.084278107000102, -1.699006258999873 ], [ 37.085462570000175, -1.698218881999935 ], [ 37.111644745000092, -1.733260809999933 ], [ 37.116054535000103, -1.736229538999908 ], [ 37.12407493600017, -1.738314627999955 ], [ 37.124109549000082, -1.74092734099986 ], [ 37.132224438000151, -1.74247566299988 ], [ 37.13301524600007, -1.739970310999979 ], [ 37.141109737000193, -1.735678809999911 ], [ 37.145352364000132, -1.736004560999959 ], [ 37.147938077000106, -1.7381713179999 ], [ 37.149038315000041, -1.741830050999852 ], [ 37.147076607000088, -1.752059280999958 ], [ 37.148553467000056, -1.758267044999968 ], [ 37.150146484000118, -1.760466932999975 ], [ 37.158453623000128, -1.763791957999956 ], [ 37.152022044000091, -1.77604512399995 ], [ 37.153336525000043, -1.777632891999929 ], [ 37.159374237000065, -1.776911794999876 ], [ 37.160401663000187, -1.779193877999944 ], [ 37.15114402800009, -1.79435223299987 ], [ 37.152368546000162, -1.801123201999928 ], [ 37.141288757000098, -1.811560630999963 ], [ 37.14568328900009, -1.818833628999812 ], [ 37.14306894900011, -1.822151938999923 ], [ 37.14348602300015, -1.827402750999966 ], [ 37.148731232000102, -1.830855726999914 ], [ 37.148178101000099, -1.832936048999954 ], [ 37.142223358000024, -1.836134671999901 ], [ 37.141906738000159, -1.838506012999915 ], [ 37.146997452000164, -1.839411138999935 ], [ 37.154445648000035, -1.84376692799998 ], [ 37.156927109000094, -1.850412189999872 ], [ 37.162348747000181, -1.856790522999972 ], [ 37.162070751000101, -1.866755276999925 ], [ 37.163688660000105, -1.870764791999875 ], [ 37.160500209000134, -1.874048172999949 ], [ 37.160482407000131, -1.882252543999925 ], [ 37.158395131000077, -1.884665448999897 ], [ 37.154511769000123, -1.883460322999952 ], [ 37.153015137000068, -1.885814706999952 ], [ 37.158905029000152, -1.891701896999905 ], [ 37.157556534000037, -1.896120368999902 ], [ 37.169632594, -1.911490400999867 ], [ 37.170146942000144, -1.915857194999944 ], [ 37.183089574000064, -1.922904163999931 ], [ 37.182212194000101, -1.928073882999911 ], [ 37.186635971000101, -1.933027018999951 ], [ 37.192472458000111, -1.93445020899992 ], [ 37.200441361000173, -1.931875883999908 ], [ 37.206512133000103, -1.933579354999893 ], [ 37.21134948700012, -1.931388258999959 ], [ 37.223449707000157, -1.932090401999972 ], [ 37.236072541000112, -1.935212671999977 ], [ 37.244037628000171, -1.941828965999832 ], [ 37.247308731000032, -1.949339508999969 ], [ 37.253562927000075, -1.952555655999959 ], [ 37.255407334000154, -1.956664382999918 ], [ 37.259307861000025, -1.958497762999912 ], [ 37.265811920000033, -1.958351015999938 ], [ 37.267898560000049, -1.964399635999939 ], [ 37.275611877000074, -1.974789380999937 ], [ 37.280826569000055, -1.994123517999924 ], [ 37.284534454000152, -1.994838594999862 ], [ 37.299295426000072, -2.003399490999868 ], [ 37.302856446000192, -2.001617192999845 ], [ 37.307888031000061, -2.001803397999879 ], [ 37.313786507000088, -2.006936072999906 ], [ 37.359172821000186, -2.011379002999831 ], [ 37.364528656, -2.01376438099993 ], [ 37.364629746000048, -2.021907567999904 ], [ 37.382114411000146, -2.022515057999897 ], [ 37.451759337999988, -2.072750806999863 ], [ 37.465076447000115, -2.078796863999969 ], [ 37.462516516000107, -2.085195212999849 ], [ 37.475868225000056, -2.090808152999841 ], [ 37.478622437000183, -2.083870648999948 ], [ 37.533622741999977, -2.10577750199991 ], [ 37.537048340000126, -2.110957264999968 ], [ 37.541687012000011, -2.112612008999918 ], [ 37.543840408000051, -2.115236818999847 ], [ 37.543056488, -2.121787547999872 ], [ 37.5442886350001, -2.124387621999972 ], [ 37.550457001000098, -2.127093314999968 ], [ 37.564767838000193, -2.12692904499994 ], [ 37.573341370000094, -2.137795805999872 ], [ 37.592540741000107, -2.152803897999888 ], [ 37.621459961000141, -2.1609828469999 ], [ 37.664873123, -2.155410050999876 ], [ 37.692394257000046, -2.164701699999966 ], [ 37.699077606000117, -2.164327859999844 ], [ 37.705936432000101, -2.172823011999981 ], [ 37.708152771000073, -2.182129144999863 ], [ 37.72400538100004, -2.188741365999931 ], [ 37.72396278400015, -2.191355029999897 ], [ 37.715511322000054, -2.19035482399994 ], [ 37.706096649000074, -2.194535970999937 ], [ 37.694876353000041, -2.209672609999927 ], [ 37.687885285000164, -2.21576865499992 ], [ 37.683759689000055, -2.223774710999919 ], [ 37.679301182000188, -2.227353756999946 ], [ 37.674924215000146, -2.228000878999921 ], [ 37.675673962000076, -2.239183246999971 ], [ 37.678683281000133, -2.243078469999944 ], [ 37.678339005000055, -2.253334640999981 ], [ 37.676152547000186, -2.260002453999903 ], [ 37.678492228000039, -2.264410177999935 ], [ 37.67326164200017, -2.26777207899994 ], [ 37.672108650000155, -2.279353022999942 ], [ 37.667378108000094, -2.280761201999951 ], [ 37.670047760000159, -2.287718851999898 ], [ 37.664344025000105, -2.289923572999896 ], [ 37.658381871000131, -2.286840744999893 ], [ 37.655278778000138, -2.287476777999871 ], [ 37.64812978100008, -2.291729688999965 ], [ 37.645912170000145, -2.299156267999876 ], [ 37.642786662, -2.297219037999923 ], [ 37.636497498000097, -2.297497152999938 ], [ 37.632099152000194, -2.294010717999925 ], [ 37.631128947000093, -2.301168759999939 ], [ 37.626129150000054, -2.301139592999959 ], [ 37.622362137000039, -2.304164289999903 ], [ 37.617712021000045, -2.29734981099989 ], [ 37.612182617000087, -2.297707437999918 ], [ 37.610279083000194, -2.301829158999965 ], [ 37.607194901000071, -2.302860259999932 ], [ 37.607826233000083, -2.306917190999968 ], [ 37.604276657000185, -2.311174153999957 ], [ 37.601497650000056, -2.309217452999974 ], [ 37.596352577000062, -2.311685144999956 ], [ 37.849739075000059, -2.603888272999939 ], [ 37.860466003000113, -2.62230062499998 ], [ 37.868984222000165, -2.642927169999894 ], [ 37.878936768000131, -2.660920381999972 ], [ 37.892337799000018, -2.674407243999894 ], [ 37.90110397300009, -2.701521396999965 ], [ 37.907199860000048, -2.703689574999942 ], [ 37.920976639000173, -2.704385756999898 ], [ 37.930027008000138, -2.721340536999946 ], [ 37.92897033700001, -2.738325992999876 ], [ 37.926270803000136, -2.740561087999822 ], [ 37.926251412000056, -2.749073743999929 ], [ 37.92982101399997, -2.762942075999945 ], [ 37.937362439000026, -2.77081060199987 ], [ 37.936235435000015, -2.777354720999881 ], [ 37.917873383000085, -2.868433671999981 ], [ 37.894382462000181, -2.88569712799989 ], [ 37.870624556000166, -3.077520242999924 ], [ 37.866783648000194, -3.079433505999873 ], [ 37.854475899000136, -3.080026464999889 ], [ 37.853508001000137, -3.179256815999963 ], [ 37.84924062500005, -3.181141066999885 ], [ 37.849057426000059, -3.183415130999947 ], [ 37.838715159000117, -3.187099617999934 ], [ 37.833199778000164, -3.186841780999941 ], [ 37.82795142000009, -3.179533259999971 ], [ 37.822432706000143, -3.175368155999877 ], [ 37.819396964000134, -3.174912736999943 ], [ 37.815814648000071, -3.170656806999887 ], [ 37.804390277999971, -3.167497491999882 ], [ 37.799308455000073, -3.169493814999953 ], [ 37.794276295000088, -3.173853796999936 ], [ 37.79167556800013, -3.171160451999981 ], [ 37.692071442000042, -3.175103271999831 ], [ 37.690210013000126, -3.171565852999947 ], [ 37.671884717000182, -3.058744783999941 ], [ 37.533410013000093, -2.96616585299995 ], [ 37.503910013000109, -2.948265852999953 ], [ 36.750310013000103, -2.525165852999862 ], [ 36.676010013000109, -2.48646585299997 ], [ 36.000132995000172, -2.10458073999996 ], [ 36.00013732900004, -2.0818458789999 ], [ 36.026660919000051, -2.08206415199993 ], [ 36.026738295000087, -2.043054869999935 ], [ 36.02269485100004, -2.04168754899996 ], [ 36.020959854000068, -2.035453468999947 ], [ 36.022654590000172, -2.034918441999878 ], [ 36.021698390999973, -2.030744118999905 ], [ 36.023867813000095, -2.028993294999907 ], [ 36.02515806100007, -2.023750925999934 ], [ 36.028033577000144, -2.026104314999884 ], [ 36.028633118000073, -2.011134067999876 ], [ 36.030765533000078, -2.012557803999925 ], [ 36.036145782000176, -2.00431246799991 ], [ 36.031727950000175, -1.999514176999924 ], [ 36.035591126000099, -1.998682021999969 ], [ 36.036475817, -1.983305930999904 ], [ 36.03958094800015, -1.974111100999949 ], [ 36.0385411580001, -1.96505089599998 ], [ 36.041117942000142, -1.957993699999975 ], [ 36.038780212000177, -1.950167417999978 ], [ 36.036062241000081, -1.947284876999959 ], [ 36.040126801000099, -1.944454113999939 ], [ 36.042391844, -1.936645437999914 ], [ 36.04019369700012, -1.930556758999842 ], [ 36.03654904900003, -1.92924833099994 ], [ 36.035828908000042, -1.92724295499994 ], [ 36.036895500000185, -1.91889672699989 ], [ 36.034198279000066, -1.91965050999994 ], [ 36.030630112000154, -1.913478671999883 ], [ 36.042091370000037, -1.909294187999933 ], [ 36.04326629600007, -1.904610692999938 ], [ 36.040044785000077, -1.905242829999963 ], [ 36.032095623000146, -1.901129025999921 ], [ 36.025804520000179, -1.889120220999928 ], [ 36.02985572800003, -1.885829507999972 ], [ 36.031951904000096, -1.885854005999931 ], [ 36.035375378000026, -1.892428615999904 ], [ 36.037911430000065, -1.889521877999925 ], [ 36.036523819000081, -1.877675532999945 ], [ 36.04110050200012, -1.876304059999882 ], [ 36.044584275000147, -1.878154753999979 ], [ 36.051333110000144, -1.869248727999945 ], [ 36.048120499000163, -1.863708376999909 ], [ 36.050198539000178, -1.856343730999924 ], [ 36.047914841000022, -1.848620734999884 ], [ 36.049742743000138, -1.842445354999882 ], [ 36.040614128000186, -1.832196801999942 ], [ 36.042977651000115, -1.830790598999954 ], [ 36.043236415000024, -1.828559358999939 ], [ 36.037708858000144, -1.820824897999898 ], [ 36.029708480000068, -1.826090652999937 ], [ 36.027805329000103, -1.821164845999874 ], [ 36.029965026000184, -1.819545858999959 ], [ 36.028186815000026, -1.809626881999918 ], [ 36.021768056000155, -1.80607942499995 ], [ 36.019480009000119, -1.807780272999878 ], [ 36.01659620800018, -1.807049421999977 ], [ 36.016300202000025, -1.800742387999946 ], [ 36.025967598000193, -1.794126048999885 ], [ 36.022488912000142, -1.791589617999932 ], [ 36.022474289000058, -1.789792060999957 ], [ 36.027344132000053, -1.788478493999889 ], [ 36.028504761000022, -1.782214671999952 ], [ 36.030635701000165, -1.780644024999958 ], [ 36.02908897400016, -1.777886389999935 ], [ 36.025606156000094, -1.777836172999969 ], [ 36.019943237000064, -1.774488090999967 ], [ 36.02437591600011, -1.772338329999911 ], [ 36.031055451000043, -1.765553712999974 ], [ 36.030567169000165, -1.75818246599988 ], [ 36.035619100000076, -1.760754942999938 ], [ 36.032384873000126, -1.751848935999874 ], [ 36.035305423000182, -1.748449244999961 ], [ 36.035558065000089, -1.740453321999894 ], [ 36.041474565000101, -1.73638315799991 ], [ 36.042732239000031, -1.728107928999918 ], [ 36.046325684000067, -1.731014966999851 ], [ 36.048699797000154, -1.728965109999876 ], [ 36.047595597999987, -1.719797896999978 ], [ 36.044564931000139, -1.717284896999956 ], [ 36.042935372000045, -1.708683937999922 ], [ 36.045841823000103, -1.706837641999925 ], [ 36.045875549000073, -1.704246043999831 ], [ 36.048017502000107, -1.702318905999959 ], [ 36.05220794700017, -1.703851699999973 ], [ 36.055324555000084, -1.707593917999873 ], [ 36.058532715000183, -1.69952991599996 ], [ 36.061831157000029, -1.696486710999977 ], [ 36.064933176000125, -1.696509741999932 ], [ 36.06311963800016, -1.690205127999889 ], [ 36.057764756000097, -1.687030160999939 ], [ 36.05917739400013, -1.68377955699998 ], [ 36.054455683000128, -1.679114875999971 ], [ 36.055266641000117, -1.677482695999913 ], [ 36.057647192000161, -1.677340453999932 ], [ 36.057709503000069, -1.668022703999952 ], [ 36.055677414000058, -1.667337456999974 ], [ 36.05416564900014, -1.663870477999922 ], [ 36.052335639000091, -1.664021267999885 ], [ 36.053448677000119, -1.658888602999923 ], [ 36.05035686500014, -1.652597635999882 ], [ 36.046182854000165, -1.650220636999961 ], [ 36.047161102000132, -1.646607219999908 ], [ 36.052535270000135, -1.645005174999881 ], [ 36.050478327000064, -1.642438402999971 ], [ 36.056258360000186, -1.632464763999963 ], [ 36.059209049000174, -1.622475702999907 ], [ 36.05783353400011, -1.617956380999885 ], [ 36.052499771000157, -1.616361438999832 ], [ 36.056245804000014, -1.615035712999827 ], [ 36.059773445000133, -1.616162359999976 ], [ 36.060275078000188, -1.614613353999971 ], [ 36.065061854000078, -1.613053640999965 ], [ 36.06312211400018, -1.60738658899993 ], [ 36.065292359000068, -1.60782766299991 ], [ 36.066864013999975, -1.605976878999911 ], [ 36.070103646000177, -1.595850377999966 ], [ 36.074207306000062, -1.589500903999976 ], [ 36.079355038000188, -1.592137622999871 ], [ 36.080314636000026, -1.58078852299991 ], [ 36.084186681, -1.578486931999919 ], [ 36.086210305000122, -1.573442264999869 ], [ 36.084474564000118, -1.558660148999934 ], [ 36.074392319000026, -1.541112481999903 ], [ 36.058698655000057, -1.496090352999886 ], [ 36.0491600040001, -1.489948987999981 ], [ 36.247428894000109, -1.281202554999879 ], [ 36.347740173000147, -1.172504186999959 ], [ 36.335653788000116, -1.045649118999961 ], [ 36.331473717000051, -1.037254646999941 ], [ 36.335875797000142, -1.043547865999926 ], [ 36.354715600000077, -1.053723082999909 ], [ 36.493201331000137, -1.119001706999882 ], [ 36.536753783000165, -1.152578333999884 ], [ 36.512621307000074, -1.23957242899985 ], [ 36.490814209000177, -1.267989515999886 ], [ 36.659706116, -1.300525783999888 ], [ 36.665987015000042, -1.31216794199986 ], [ 36.663475037000183, -1.31728506099995 ], [ 36.672790527000188, -1.321908235999842 ], [ 36.66906738299997, -1.323598861999926 ] ] ] } },
{ "type": "Feature", "properties": { "name": "Kakamega" }, "geometry": { "type": "Polygon", "coordinates": [ [ [ 35.05150831900005, 0.90339314900001 ], [ 35.062267170000155, 0.898207815000148 ], [ 35.066807213, 0.899085839000122 ], [ 35.068882968000082, 0.897444728000153 ], [ 35.072815559000162, 0.900253756000041 ], [ 35.077983750000101, 0.89861559600007 ], [ 35.082629299000132, 0.89415424200007 ], [ 35.081190233000086, 0.889381576000062 ], [ 35.08366130100012, 0.887978184000076 ], [ 35.08504024500013, 0.884268557000041 ], [ 35.087130662, 0.883912782000152 ], [ 35.086254985000096, 0.882265172000075 ], [ 35.087976806000029, 0.881272222000177 ], [ 35.088686831000075, 0.882558821000146 ], [ 35.09269973, 0.882302628000161 ], [ 35.093639394000149, 0.880326125000124 ], [ 35.098571864000064, 0.879349428000069 ], [ 35.09809574600007, 0.877941681000038 ], [ 35.102039341000136, 0.87538191200008 ], [ 35.108119076000037, 0.878099850000069 ], [ 35.108982607000144, 0.881227756000044 ], [ 35.113724617000116, 0.882973972000116 ], [ 35.116180212000188, 0.852275060000068 ], [ 35.12525501500005, 0.821110089000115 ], [ 35.125877834000164, 0.829245418000085 ], [ 35.128996761000053, 0.830754373000161 ], [ 35.137680128000056, 0.830731448000108 ], [ 35.144796658000189, 0.828453301000025 ], [ 35.144416057000058, 0.740929894999965 ], [ 35.155378964000022, 0.741432709000037 ], [ 35.155020719000163, 0.675822149000112 ], [ 35.15153816000003, 0.669180156000039 ], [ 35.15489578200004, 0.66267344400012 ], [ 35.147846222000112, 0.660372853000069 ], [ 35.141307503000064, 0.661978364000163 ], [ 35.133909226000185, 0.656199724000032 ], [ 35.125006358000178, 0.655327499000066 ], [ 35.119592571000169, 0.650128659000131 ], [ 35.117641449000189, 0.650263953000149 ], [ 35.115988512000115, 0.642435148000118 ], [ 35.11073272200008, 0.643594466000138 ], [ 35.103791354000066, 0.64776604400015 ], [ 35.096314654000139, 0.637839162000034 ], [ 35.091602620000174, 0.635668401000089 ], [ 35.086148109000135, 0.630339761000073 ], [ 35.083618703000127, 0.631727386000023 ], [ 35.069529984000155, 0.630012214999965 ], [ 35.068372621000037, 0.632786390000092 ], [ 35.06278095100015, 0.634206813000105 ], [ 35.058067317000052, 0.632174763000023 ], [ 35.05376545900009, 0.632968762000075 ], [ 35.052477465000095, 0.636838587000113 ], [ 35.039615105000053, 0.641178977000038 ], [ 35.040625551000176, 0.632964581000181 ], [ 35.035184382000011, 0.628783463000104 ], [ 35.031567393000159, 0.618018880000022 ], [ 35.027268995000156, 0.614421380000067 ], [ 35.000391342000171, 0.639165634000165 ], [ 34.994082738000088, 0.631015715000046 ], [ 34.98155033400019, 0.628410282000061 ], [ 34.976871513000049, 0.625136782000084 ], [ 34.970834403000026, 0.615069237000114 ], [ 34.96843316900015, 0.614509999 ], [ 34.965835082000012, 0.611170608 ], [ 34.962942570000166, 0.610231704000171 ], [ 34.957805871000119, 0.611565653000127 ], [ 34.953298828000186, 0.609180471000116 ], [ 34.943497714000102, 0.608736594000106 ], [ 34.935601358000099, 0.60475579000007 ], [ 34.920464116000176, 0.592697984000154 ], [ 34.908129072000065, 0.597156424000104 ], [ 34.898951103000172, 0.606187975000125 ], [ 34.890778577000049, 0.607946082000069 ], [ 34.897472298000139, 0.601236564000033 ], [ 34.852139774000079, 0.547814196000104 ], [ 34.870735836000051, 0.534132609000096 ], [ 34.875928585000054, 0.528634147000048 ], [ 34.888302569000189, 0.521964409000134 ], [ 34.907222405000141, 0.505649389000041 ], [ 34.90841151300009, 0.491851657999973 ], [ 34.92402204300015, 0.477308079000068 ], [ 34.942190799000059, 0.445917247000125 ], [ 34.956071703000191, 0.417207497000049 ], [ 34.954877608000061, 0.370751439000117 ], [ 34.948679405000121, 0.354333186000133 ], [ 34.937075364000066, 0.360831512000118 ], [ 34.937367969000036, 0.357953804000033 ], [ 34.942474249000099, 0.323836014999983 ], [ 34.977347060000056, 0.248962303000155 ], [ 34.978474304000088, 0.241913255999975 ], [ 34.956458042000065, 0.241762921000088 ], [ 34.943348970000102, 0.20944015200007 ], [ 34.928973116000066, 0.209613455000124 ], [ 34.925667599, 0.200349541000094 ], [ 34.918272058000184, 0.2012803020001 ], [ 34.908299217000035, 0.195838751999986 ], [ 34.906832593, 0.197588369000073 ], [ 34.904244530000028, 0.196839927000156 ], [ 34.897030735999977, 0.204987552999967 ], [ 34.896970467000074, 0.207541328000161 ], [ 34.893368754000051, 0.208512160000055 ], [ 34.890397519000146, 0.205663465000157 ], [ 34.886874061000128, 0.205571503000158 ], [ 34.885073087000137, 0.203081563000012 ], [ 34.887007376000042, 0.200675495999974 ], [ 34.885286252000128, 0.198430830000063 ], [ 34.878739500000052, 0.199796418000062 ], [ 34.878182179000191, 0.198750699000186 ], [ 34.875820846000124, 0.20106313000008 ], [ 34.872805293000113, 0.201397216000032 ], [ 34.870970329000158, 0.200044409999975 ], [ 34.870878985000047, 0.196404207000171 ], [ 34.867598166000107, 0.19610105300012 ], [ 34.861410399000192, 0.200102644000026 ], [ 34.859285232000104, 0.195472548999987 ], [ 34.859991902000161, 0.193714562000139 ], [ 34.855420965000064, 0.193370981000044 ], [ 34.851858340000035, 0.19024193700011 ], [ 34.852331343, 0.186146719000021 ], [ 34.845971278000036, 0.183606235000127 ], [ 34.841635306000114, 0.185690199000078 ], [ 34.833668058000114, 0.184650875000045 ], [ 34.825455740000052, 0.187850015000095 ], [ 34.818172004000132, 0.187346324999965 ], [ 34.811288383000146, 0.18454943100005 ], [ 34.815468705000171, 0.177189492000082 ], [ 34.815401904000055, 0.165407821000031 ], [ 34.817335978000017, 0.159734303000107 ], [ 34.816966613000147, 0.155036541000072 ], [ 34.815286296000068, 0.153864683000108 ], [ 34.809047919000022, 0.154091265000034 ], [ 34.803785890000142, 0.162851565000096 ], [ 34.796655451000163, 0.163347842000064 ], [ 34.7936885740001, 0.159144474000072 ], [ 34.790221649000046, 0.157592539000177 ], [ 34.7881830070001, 0.159919620999972 ], [ 34.785034478000114, 0.159835901000179 ], [ 34.781510277000109, 0.15712304300007 ], [ 34.781026404000102, 0.15407499600002 ], [ 34.776912056000072, 0.149593472000106 ], [ 34.774823115000117, 0.149589780000156 ], [ 34.770303387000126, 0.15321131200011 ], [ 34.765838355000142, 0.150722664999989 ], [ 34.766316485000118, 0.145667275000051 ], [ 34.760399932000041, 0.139105763000032 ], [ 34.755101752000087, 0.141066501000068 ], [ 34.751453139000091, 0.139464795000038 ], [ 34.742903394000109, 0.140623246000075 ], [ 34.737146056000142, 0.143725459000166 ], [ 34.737566590000142, 0.149831406000089 ], [ 34.729263674000038, 0.145303224000031 ], [ 34.725351520000174, 0.144988530000148 ], [ 34.722687001000111, 0.141541369000095 ], [ 34.717882281000072, 0.143670081000039 ], [ 34.70926173700019, 0.139373548000037 ], [ 34.704796896000175, 0.140329933000032 ], [ 34.703561842000113, 0.139600652000183 ], [ 34.70479257900007, 0.135094367000136 ], [ 34.703774754000165, 0.1320104240001 ], [ 34.695356992000029, 0.134423903000084 ], [ 34.688273283000171, 0.126114897000036 ], [ 34.684607512000184, 0.124541527000019 ], [ 34.681431482000107, 0.12473416600011 ], [ 34.678136252000172, 0.130532383000116 ], [ 34.663373366000087, 0.12668329700017 ], [ 34.632747106000011, 0.128911579000146 ], [ 34.619503904000112, 0.126284123000175 ], [ 34.601877711000043, 0.121514752000166 ], [ 34.595268566000186, 0.117180852000047 ], [ 34.586702678000051, 0.115635233000148 ], [ 34.584792611000182, 0.10860001500015 ], [ 34.586104528000135, 0.104615235000153 ], [ 34.577859789000172, 0.10279692000006 ], [ 34.575721656000098, 0.098392321000063 ], [ 34.574115146000054, 0.098943064000082 ], [ 34.572356653000099, 0.0964442880001 ], [ 34.567246234000152, 0.098591435000174 ], [ 34.562853762000145, 0.097248175000061 ], [ 34.556575384000041, 0.091259924000099 ], [ 34.554983555000092, 0.101301287000069 ], [ 34.558000315000129, 0.108413805000055 ], [ 34.554812790000085, 0.108646447000069 ], [ 34.550474791000056, 0.113667756000154 ], [ 34.544025451000039, 0.114451008000117 ], [ 34.547197930000095, 0.117827475000183 ], [ 34.552216147000081, 0.118311551999966 ], [ 34.551824524999972, 0.122725721000108 ], [ 34.554745334000188, 0.127603959000112 ], [ 34.548768681000126, 0.132293620000098 ], [ 34.544976848000147, 0.138707939000142 ], [ 34.542212728000095, 0.138993108000022 ], [ 34.534070692000171, 0.136529893000045 ], [ 34.529252349000046, 0.127929128000119 ], [ 34.525112390000061, 0.125193823000188 ], [ 34.513033509000138, 0.128129927000145 ], [ 34.51199139400012, 0.122023988000024 ], [ 34.50893698100009, 0.118267790000118 ], [ 34.505232349000153, 0.119667061000143 ], [ 34.499402677000091, 0.125528116000055 ], [ 34.50002724300009, 0.122669533000078 ], [ 34.49732443, 0.123294470000133 ], [ 34.49652193300011, 0.12171953700016 ], [ 34.503358545000026, 0.115888062000181 ], [ 34.496928720000142, 0.111481991000062 ], [ 34.494091807000132, 0.101872889999981 ], [ 34.486524159000169, 0.104879990000143 ], [ 34.478695322000135, 0.105164384000034 ], [ 34.474235293000163, 0.103358007000054 ], [ 34.474184678000142, 0.112913965000075 ], [ 34.478496115000098, 0.113423486000045 ], [ 34.478428619, 0.116132219000065 ], [ 34.464133312000172, 0.123053644000152 ], [ 34.45783714900017, 0.123571998000045 ], [ 34.456487749000075, 0.130588715000158 ], [ 34.47243362200004, 0.131286978000105 ], [ 34.482844316000069, 0.138758852000024 ], [ 34.484288301999982, 0.140810929000054 ], [ 34.481911998000044, 0.151538057000153 ], [ 34.475556811999979, 0.156283106000103 ], [ 34.467253927, 0.157696378000139 ], [ 34.462370825000107, 0.154725227000085 ], [ 34.453136946000029, 0.153707505000057 ], [ 34.443372426000167, 0.148109706000071 ], [ 34.434184932000107, 0.145856645000094 ], [ 34.424789813000132, 0.152108307999981 ], [ 34.434910538000111, 0.157194301000061 ], [ 34.440922992000026, 0.165399389000072 ], [ 34.441116287000114, 0.167575047000128 ], [ 34.437697336000099, 0.172558339000147 ], [ 34.429553825000141, 0.178274697000063 ], [ 34.429159784000149, 0.182770491000099 ], [ 34.426008931000126, 0.185875395000153 ], [ 34.430566905000148, 0.191378596000106 ], [ 34.431811781000135, 0.196418007000091 ], [ 34.435440463000134, 0.201513288000058 ], [ 34.44565881300008, 0.203159238000126 ], [ 34.451485408000167, 0.207352054000125 ], [ 34.449844283000175, 0.208005111000091 ], [ 34.446345339, 0.215993680000167 ], [ 34.442278025000121, 0.218158350000067 ], [ 34.42824546300011, 0.212650992000022 ], [ 34.420995510000182, 0.20424154799997 ], [ 34.410976303000155, 0.198929896000152 ], [ 34.408031638000125, 0.191779920000101 ], [ 34.403844421000144, 0.187403979000123 ], [ 34.39439633700016, 0.182470535000164 ], [ 34.384879353000031, 0.179916958000149 ], [ 34.39044915400018, 0.194017400000121 ], [ 34.390026557000112, 0.199952871000164 ], [ 34.391912413000171, 0.207577177000019 ], [ 34.390624679000041, 0.216630771000041 ], [ 34.383945784000161, 0.228891187000158 ], [ 34.397581101000071, 0.233634404000156 ], [ 34.399680219, 0.240075962000049 ], [ 34.397850558000073, 0.24367823 ], [ 34.39774329300019, 0.250452958000096 ], [ 34.400768093000181, 0.262335775000167 ], [ 34.390753735000033, 0.270618292000051 ], [ 34.38821472, 0.274965865000183 ], [ 34.396234434000121, 0.282219066000152 ], [ 34.394507510000039, 0.288744363000148 ], [ 34.383016168000154, 0.299282589000086 ], [ 34.379508962000045, 0.305854898 ], [ 34.371950841000057, 0.308795325000062 ], [ 34.378908791000185, 0.313532228000042 ], [ 34.382715490000123, 0.319582499000148 ], [ 34.385774390000108, 0.354018544000041 ], [ 34.398907428000143, 0.36244068000002 ], [ 34.414909839000188, 0.36739296200011 ], [ 34.421969004000061, 0.37267055000018 ], [ 34.407446847000131, 0.386452653 ], [ 34.391546617000131, 0.396685316000116 ], [ 34.384416977000114, 0.39829590700009 ], [ 34.37820013400011, 0.40500358100013 ], [ 34.366262119000055, 0.403713761000176 ], [ 34.361141867000072, 0.405428210000025 ], [ 34.344042636000097, 0.424232793999977 ], [ 34.34406330600018, 0.426202993000061 ], [ 34.356376834000116, 0.436572939000087 ], [ 34.364370154000142, 0.440864392000151 ], [ 34.368274270000029, 0.457329810000033 ], [ 34.375468597000122, 0.460726155000089 ], [ 34.380806788000143, 0.458892956000057 ], [ 34.387347797000132, 0.462289663000149 ], [ 34.389411414000108, 0.461742974000117 ], [ 34.391261039000085, 0.468261175000066 ], [ 34.405070193000142, 0.476187613000093 ], [ 34.419429911000066, 0.475552984000046 ], [ 34.429672064999977, 0.466350282000121 ], [ 34.434828180000181, 0.463905457000067 ], [ 34.439662750000025, 0.464185713000177 ], [ 34.446663206000153, 0.468831224000041 ], [ 34.460339345000079, 0.469256117000157 ], [ 34.471884134000049, 0.480825171999982 ], [ 34.482405587000073, 0.485090602000128 ], [ 34.487085542000159, 0.481847517000119 ], [ 34.49535822200005, 0.466815633000181 ], [ 34.495823780000194, 0.459104878000176 ], [ 34.507383274000063, 0.459214345000078 ], [ 34.516191323999976, 0.450701345000027 ], [ 34.526131242000133, 0.448295501000132 ], [ 34.531568074000063, 0.444470164000052 ], [ 34.536316710000051, 0.45233222700017 ], [ 34.537911732, 0.462907561000122 ], [ 34.542410965000045, 0.465142368000045 ], [ 34.544605354000169, 0.468422003000057 ], [ 34.550706467000055, 0.47110011 ], [ 34.56352325600011, 0.458914162000042 ], [ 34.576984670000115, 0.457837550000136 ], [ 34.581115646000171, 0.453211417999967 ], [ 34.579924782000035, 0.448532806000117 ], [ 34.580983704000062, 0.445994374000065 ], [ 34.579869988000098, 0.441664059000118 ], [ 34.581492070000024, 0.4405662530001 ], [ 34.580868250000094, 0.433057064000025 ], [ 34.58743653300013, 0.426908112000035 ], [ 34.589405918000068, 0.421280703999969 ], [ 34.590340932000174, 0.427679241000135 ], [ 34.592715263000059, 0.430915415000015 ], [ 34.592813492000118, 0.434209585000076 ], [ 34.59006627399998, 0.437391877000152 ], [ 34.591960907000157, 0.446665275000043 ], [ 34.595250130000124, 0.44522952300008 ], [ 34.598220825000112, 0.4461183250001 ], [ 34.605009079000126, 0.452022985000156 ], [ 34.612737655999979, 0.444302589000131 ], [ 34.616668701000094, 0.444581047000099 ], [ 34.615070343000184, 0.448824108000053 ], [ 34.618267059000175, 0.458264917000065 ], [ 34.627124786000081, 0.461380899000119 ], [ 34.627293587000111, 0.464740600000027 ], [ 34.631646493000176, 0.461584765000111 ], [ 34.630319595000174, 0.457058296000127 ], [ 34.632175446000133, 0.453677118000144 ], [ 34.642784119000112, 0.451449484000022 ], [ 34.650288582000144, 0.456554419999975 ], [ 34.654411316, 0.454446152000173 ], [ 34.65713119500009, 0.455586463000088 ], [ 34.660575867000148, 0.461951077000037 ], [ 34.663414001000149, 0.460572064000075 ], [ 34.666477203000113, 0.461424768000086 ], [ 34.673597336000114, 0.47220070700007 ], [ 34.678544998000064, 0.473884672000054 ], [ 34.676085472000125, 0.485287890000109 ], [ 34.68317556400018, 0.485045899000056 ], [ 34.683860779000156, 0.487197280000032 ], [ 34.688412545000176, 0.486573754000119 ], [ 34.689505636000092, 0.491667586000062 ], [ 34.693757369000082, 0.495769914 ], [ 34.695970850000151, 0.503475542000047 ], [ 34.701501246000191, 0.508455090000098 ], [ 34.708549842000025, 0.50522372800009 ], [ 34.714830249000158, 0.510944431000098 ], [ 34.718144704000053, 0.511540282000112 ], [ 34.720658484000182, 0.508782648000022 ], [ 34.727192933000026, 0.512830561000044 ], [ 34.728440848, 0.516972423000084 ], [ 34.734251637, 0.520592684 ], [ 34.737172292000025, 0.532083733000036 ], [ 34.741233177000026, 0.535311473000093 ], [ 34.74173450100011, 0.537804123000114 ], [ 34.745680698, 0.538567044000047 ], [ 34.748127117000024, 0.536760841000103 ], [ 34.750498666000055, 0.541296441000043 ], [ 34.754339735000144, 0.542337596000095 ], [ 34.754599883000026, 0.545014226000092 ], [ 34.760068468000156, 0.548817856000028 ], [ 34.759793176000073, 0.552964594000116 ], [ 34.765535814000089, 0.558105233999981 ], [ 34.763247583000179, 0.562024116000089 ], [ 34.764375549000079, 0.565097958000024 ], [ 34.770903599, 0.566052210000123 ], [ 34.778316841000048, 0.574564118000069 ], [ 34.782968394000022, 0.577739979 ], [ 34.788344867000035, 0.57745794900012 ], [ 34.791374315000041, 0.581115471000089 ], [ 34.801197394000042, 0.587427746 ], [ 34.810286536000149, 0.588213819000146 ], [ 34.810346219000166, 0.590120217000106 ], [ 34.79946065200005, 0.600070876000188 ], [ 34.802504629000111, 0.603419016000089 ], [ 34.803076483000154, 0.606851683000173 ], [ 34.808789565000154, 0.607703319000109 ], [ 34.815053084000169, 0.616944415000034 ], [ 34.819611677000125, 0.619610912000098 ], [ 34.823351290000176, 0.619356668000023 ], [ 34.832215446000134, 0.626730062000092 ], [ 34.833222883000133, 0.63494459400016 ], [ 34.83594055400016, 0.638679561000174 ], [ 34.832759111000087, 0.646600975000126 ], [ 34.838170699000045, 0.651131259000124 ], [ 34.837145441000132, 0.657877561000021 ], [ 34.841104452000025, 0.660074033000058 ], [ 34.84316603100018, 0.66736501500003 ], [ 34.845876870000041, 0.669982136000158 ], [ 34.851714690000051, 0.671326962000023 ], [ 34.857970490000071, 0.675108984000133 ], [ 34.857993002000114, 0.681582589000129 ], [ 34.863844445000154, 0.685568285000045 ], [ 34.867331006000029, 0.682988561000116 ], [ 34.873279763000085, 0.685445163000168 ], [ 34.881394756000191, 0.684170470000083 ], [ 34.892784806000066, 0.691648839000095 ], [ 34.899793592000151, 0.686715728000024 ], [ 34.91001157200003, 0.68708007000015 ], [ 34.912673562000066, 0.692758717000061 ], [ 34.918138869000074, 0.695156894000149 ], [ 34.920067542000027, 0.700620837000088 ], [ 34.926424213000132, 0.702434132000121 ], [ 34.929329386000063, 0.711458716000038 ], [ 34.922456003000036, 0.72284826900011 ], [ 34.921986195000102, 0.726999756000168 ], [ 34.929750133000141, 0.742359826000097 ], [ 34.934106995000036, 0.740195691000167 ], [ 34.935603241000024, 0.742735983000046 ], [ 34.937732577000133, 0.743192339000132 ], [ 34.940150978000133, 0.740936442000077 ], [ 34.948928350000017, 0.753631466000115 ], [ 34.952231440000162, 0.751864494000074 ], [ 34.955664750000153, 0.754075951 ], [ 34.95657594000005, 0.749600782000016 ], [ 34.962530876000187, 0.754247213000156 ], [ 34.969074756000055, 0.753273891999982 ], [ 34.977213621000089, 0.757266184000116 ], [ 34.980984926000133, 0.753699281000138 ], [ 34.984914520000189, 0.755300386000158 ], [ 34.988038620000054, 0.754448536000041 ], [ 34.992476722000106, 0.747345878000147 ], [ 35.000493360000121, 0.744513511000036 ], [ 35.001718332, 0.746736445000067 ], [ 35.006931524000038, 0.747825940000098 ], [ 35.012304163000067, 0.75445640200013 ], [ 35.015099897000084, 0.751860234000105 ], [ 35.018289945000106, 0.751531805000184 ], [ 35.02055628100004, 0.744514325000068 ], [ 35.023741633000157, 0.74442764700018 ], [ 35.028022714000087, 0.745888972000046 ], [ 35.027047760000016, 0.750773664000064 ], [ 35.031081197000105, 0.750996366000038 ], [ 35.031924732000164, 0.753114057 ], [ 35.037124057000028, 0.749233778000018 ], [ 35.040016096000102, 0.749322123000127 ], [ 35.040983641000139, 0.751622140000109 ], [ 35.038819675000184, 0.756581911000069 ], [ 35.042637503000037, 0.758565833000091 ], [ 35.04446027400013, 0.761676065000017 ], [ 35.053196495000066, 0.764197631000116 ], [ 35.064318386000082, 0.763413977000141 ], [ 35.066493910000133, 0.767435214000045 ], [ 35.064758114000028, 0.769314610000094 ], [ 35.066387730000031, 0.772733967000136 ], [ 35.065061027000127, 0.777947784000162 ], [ 35.067396046000169, 0.780696308000188 ], [ 35.065950753000038, 0.783104694000144 ], [ 35.067572601000109, 0.78443847900013 ], [ 35.063436472000092, 0.788409697000077 ], [ 35.064834101000031, 0.790869016000045 ], [ 35.063907167000082, 0.796918147999975 ], [ 35.056879388000084, 0.802112401000159 ], [ 35.053838714, 0.801330887000177 ], [ 35.051194918000135, 0.803428192000069 ], [ 35.04130837800011, 0.821098915000107 ], [ 35.032663384000159, 0.821819326000082 ], [ 35.027734070000179, 0.827335120000157 ], [ 35.027399230000185, 0.830029067 ], [ 35.024640493000106, 0.832517975999963 ], [ 35.025427672000092, 0.837524519000056 ], [ 35.027833711000142, 0.840752419000182 ], [ 35.025423886000169, 0.847284139000067 ], [ 35.025498029000175, 0.851870751000092 ], [ 35.021596506000037, 0.857055593000098 ], [ 35.014358453000057, 0.86055690400002 ], [ 35.013058683000168, 0.86334379900012 ], [ 35.019100839000032, 0.88175376300012 ], [ 35.019104207000112, 0.890648113000111 ], [ 35.023422912000171, 0.896233182000117 ], [ 35.026842533000035, 0.897648899999979 ], [ 35.032098579000035, 0.895027365999965 ], [ 35.032421180000028, 0.897219935000123 ], [ 35.039395759000058, 0.899159444000134 ], [ 35.041897241000072, 0.902734999000074 ], [ 35.046508729000095, 0.902767162000032 ], [ 35.047757722000142, 0.900302859000135 ], [ 35.05150831900005, 0.90339314900001 ] ] ] } },
{ "type": "Feature", "properties": { "name": "Kericho" }, "geometry": { "type": "Polygon", "coordinates": [ [ [ 35.457912535000162, 0.014182832000188 ], [ 35.457771301000037, 0.010578523000163 ], [ 35.479518645000155, 0.01582262900007 ], [ 35.490227447000109, 0.015435644000092 ], [ 35.495678120000036, 0.014200380000034 ], [ 35.498654657000031, 0.010334914000168 ], [ 35.51397492100017, 0.008911581000064 ], [ 35.516593932999967, 0.015622959999973 ], [ 35.522920966000072, 0.015837419000036 ], [ 35.543808633000026, -0.005963432999977 ], [ 35.571796324000161, -0.006564823999895 ], [ 35.583586582000123, -0.005277244999945 ], [ 35.610586582000167, -0.029627244999915 ], [ 35.63037579700017, -0.032247865999864 ], [ 35.633186582000121, -0.033927244999973 ], [ 35.6393865820001, -0.046727244999829 ], [ 35.639486582000018, -0.049177244999953 ], [ 35.636886582000045, -0.052127244999951 ], [ 35.639636582000037, -0.059327244999963 ], [ 35.623963680000145, -0.078166780999936 ], [ 35.615477989000169, -0.081965149999974 ], [ 35.616736582000101, -0.086427244999868 ], [ 35.614186582000116, -0.089627244999974 ], [ 35.621486581999989, -0.095327244999964 ], [ 35.623136582000086, -0.101227244999961 ], [ 35.61258658200012, -0.109027244999936 ], [ 35.611186582000073, -0.117227244999924 ], [ 35.603697366000176, -0.1212066249999 ], [ 35.598886582000034, -0.120477244999961 ], [ 35.597636582000177, -0.128727244999936 ], [ 35.600336582000125, -0.131877244999941 ], [ 35.601136582000038, -0.143377244999954 ], [ 35.605286582000076, -0.152477244999886 ], [ 35.609908349000079, -0.155555406999952 ], [ 35.612597366000102, -0.156606624999881 ], [ 35.616721820000123, -0.152397293999968 ], [ 35.626536582000028, -0.14882724499995 ], [ 35.631293117000041, -0.15071740999997 ], [ 35.639986582000176, -0.148477244999867 ], [ 35.646886581999979, -0.149477244999844 ], [ 35.650886582000055, -0.153477244999976 ], [ 35.652674147000027, -0.16074364799988 ], [ 35.655555662000154, -0.162740705999909 ], [ 35.666775797000128, -0.161047865999933 ], [ 35.670459633000121, -0.163535954999929 ], [ 35.666086582000048, -0.183227244999898 ], [ 35.675036582000189, -0.187027244999967 ], [ 35.664186582000184, -0.192827244999819 ], [ 35.66193658200018, -0.203727244999925 ], [ 35.656886582000141, -0.204277244999957 ], [ 35.655486582000151, -0.211127244999886 ], [ 35.65768658200011, -0.21622724499997 ], [ 35.655436582000107, -0.219927244999951 ], [ 35.657636582000066, -0.232927244999928 ], [ 35.650186582, -0.264527244999897 ], [ 35.645286582000153, -0.269977244999893 ], [ 35.640786582000146, -0.270127244999969 ], [ 35.63148658200015, -0.274927244999901 ], [ 35.631186582000055, -0.286477244999901 ], [ 35.619786582000017, -0.292827244999955 ], [ 35.618086582000046, -0.288827244999936 ], [ 35.611286582000162, -0.287727244999928 ], [ 35.605875797000067, -0.292947865999963 ], [ 35.601786581999988, -0.282827244999964 ], [ 35.593486582000025, -0.275827244999959 ], [ 35.59208658200015, -0.283527244999959 ], [ 35.58498658200017, -0.290677244999927 ], [ 35.581086582000069, -0.307177244999934 ], [ 35.569286582000188, -0.302277244999971 ], [ 35.572286582000061, -0.281227244999911 ], [ 35.558786582000039, -0.271877244999814 ], [ 35.529101790000084, -0.258457222999937 ], [ 35.524386582000034, -0.268627244999948 ], [ 35.50953658200001, -0.268877244999942 ], [ 35.505586582000035, -0.267577244999927 ], [ 35.487684886000181, -0.273240062999946 ], [ 35.470686582000042, -0.27627724499996 ], [ 35.452098615000125, -0.286909480999952 ], [ 35.413886582000146, -0.300927244999912 ], [ 35.439386582000054, -0.342927244999942 ], [ 35.443875797000146, -0.347747865999906 ], [ 35.444036582000024, -0.35052724499991 ], [ 35.471686582000189, -0.395727244999932 ], [ 35.472635255000114, -0.399490860999947 ], [ 35.469184839000093, -0.403332073999877 ], [ 35.465217069000062, -0.403811855999948 ], [ 35.463290691000168, -0.405723008999928 ], [ 35.453002736000087, -0.42275961099989 ], [ 35.442953956000167, -0.427802436999968 ], [ 35.440259965999985, -0.430647798999928 ], [ 35.439697266000167, -0.434295653999868 ], [ 35.436004639000089, -0.436401366999917 ], [ 35.431180856000026, -0.449679508999964 ], [ 35.427092016000131, -0.454520590999948 ], [ 35.419006348000096, -0.453308104999905 ], [ 35.411621094000054, -0.455200194999975 ], [ 35.408905029000152, -0.459197997999979 ], [ 35.405578613000102, -0.46069335899989 ], [ 35.40060424800015, -0.460968017999903 ], [ 35.398712158000137, -0.458496093999941 ], [ 35.394663880000167, -0.45957403299991 ], [ 35.393587427, -0.463391352999963 ], [ 35.388436231000128, -0.467817832999913 ], [ 35.386281845000042, -0.472547056999872 ], [ 35.38080783800018, -0.471851680999976 ], [ 35.376664117000075, -0.478953213999944 ], [ 35.368896484000174, -0.483398436999948 ], [ 35.365295410000101, -0.481689452999944 ], [ 35.362512231000096, -0.482291789999977 ], [ 35.361602783000194, -0.421356200999981 ], [ 35.352478027000132, -0.428527831999929 ], [ 35.343505859000118, -0.428955077999944 ], [ 35.337707520000095, -0.431701659999931 ], [ 35.34008789100011, -0.426208495999958 ], [ 35.343872070000145, -0.422912597999925 ], [ 35.350524902000132, -0.419128417999843 ], [ 35.357116699000073, -0.417907714999899 ], [ 35.358703613000102, -0.414123534999874 ], [ 35.361785889000089, -0.41241455099987 ], [ 35.361389159999987, -0.40734863299997 ], [ 35.350891113000102, -0.408905028999925 ], [ 35.334289551000154, -0.406311034999874 ], [ 35.331298828000058, -0.408081054999968 ], [ 35.331115723000096, -0.411010741999974 ], [ 35.323425293000071, -0.419006347999868 ], [ 35.313598633000083, -0.419708251999964 ], [ 35.308331031000137, -0.423342573999889 ], [ 35.303205710000157, -0.424151885999891 ], [ 35.293110979000062, -0.422660056999916 ], [ 35.287017822000166, -0.41711425799997 ], [ 35.279296875000171, -0.418090819999975 ], [ 35.277404785000158, -0.415924071999939 ], [ 35.261457589000145, -0.422432964999871 ], [ 35.257249706000039, -0.422200791999956 ], [ 35.250936118000084, -0.418893006999895 ], [ 35.245482547000165, -0.421684440999854 ], [ 35.232091825999987, -0.422038769999858 ], [ 35.228748048000114, -0.429505509999842 ], [ 35.228937012000131, -0.432853169999873 ], [ 35.218617247000054, -0.449110358999974 ], [ 35.217738027000109, -0.454129144999911 ], [ 35.208923340000069, -0.465270995999958 ], [ 35.221382487000028, -0.471457797999904 ], [ 35.220794678000175, -0.473724364999953 ], [ 35.214991220000172, -0.478460795999979 ], [ 35.205382880000059, -0.479538967999929 ], [ 35.202439038000193, -0.481471619999866 ], [ 35.192687988000046, -0.481384276999904 ], [ 35.186765586000149, -0.484495793999884 ], [ 35.182512259000191, -0.483735031999913 ], [ 35.181528755000159, -0.482158133999917 ], [ 35.17755823900012, -0.494829572999947 ], [ 35.178747491000081, -0.500148379999928 ], [ 35.18786977200017, -0.503107335999971 ], [ 35.193115234000061, -0.507080077999944 ], [ 35.189490524000178, -0.517740785999877 ], [ 35.193162307000136, -0.523011442999973 ], [ 35.198794263000025, -0.525171260999969 ], [ 35.20007324200003, -0.530303954999965 ], [ 35.19754848700012, -0.533448840999938 ], [ 35.197716595000031, -0.536183679999965 ], [ 35.206127686000059, -0.547332563999873 ], [ 35.20529174800015, -0.550628661999951 ], [ 35.200553058000139, -0.554547043999946 ], [ 35.196636539000167, -0.563003388999959 ], [ 35.195597797, -0.574565290999942 ], [ 35.212793995000141, -0.591699161999941 ], [ 35.224670410000044, -0.596923827999888 ], [ 35.22843691200012, -0.606672560999925 ], [ 35.228395415000136, -0.613295502999904 ], [ 35.198444086000052, -0.636769189999882 ], [ 35.19560889000013, -0.643685605999963 ], [ 35.179094808000116, -0.651438739999946 ], [ 35.178147688000081, -0.655098141999929 ], [ 35.161561180000149, -0.65532420999989 ], [ 35.151854025000148, -0.658065576999888 ], [ 35.146910509000065, -0.657027493999976 ], [ 35.140623756000082, -0.658764089999977 ], [ 35.132530213, -0.657829760999903 ], [ 35.125094368000191, -0.661548736999976 ], [ 35.121588138000163, -0.661156883999979 ], [ 35.119579315000124, -0.655724330999874 ], [ 35.113966819999973, -0.652758057999961 ], [ 35.107994861000122, -0.65555161799989 ], [ 35.09064080100012, -0.65642945999997 ], [ 35.080045665000057, -0.649187351999899 ], [ 35.081144333000054, -0.643591879999974 ], [ 35.08311362600017, -0.641360507999877 ], [ 35.080188294000095, -0.637362594999956 ], [ 35.082713127000147, -0.63780286899987 ], [ 35.082519531000116, -0.631600748999972 ], [ 35.087768555000139, -0.623374724999962 ], [ 35.083721350000189, -0.620677442999977 ], [ 35.085479139000029, -0.618253601999925 ], [ 35.0841509870001, -0.614991251999811 ], [ 35.086870194000142, -0.607995360999951 ], [ 35.081775665000066, -0.604951350999897 ], [ 35.080883980000067, -0.602026968999951 ], [ 35.082814751000058, -0.598170933999938 ], [ 35.072284460000162, -0.597485737999932 ], [ 35.069833746000086, -0.598965776999819 ], [ 35.06719892000018, -0.603438036999933 ], [ 35.063198090000128, -0.620569943999897 ], [ 35.058331632000147, -0.619605280999906 ], [ 35.057041272000163, -0.617521836999913 ], [ 35.062374378000186, -0.604910976999918 ], [ 35.061631632000172, -0.601155280999876 ], [ 35.056531632000087, -0.594955280999898 ], [ 35.051881632000118, -0.585105280999812 ], [ 35.048231632000068, -0.56970528099987 ], [ 35.050731632000179, -0.563255280999897 ], [ 35.049959684000044, -0.554679515999908 ], [ 35.051407368000127, -0.552953833999936 ], [ 35.050026625000157, -0.547322845999872 ], [ 35.05243163200015, -0.543305280999903 ], [ 35.049481632000095, -0.536105280999891 ], [ 35.05203163200008, -0.534705280999958 ], [ 35.052631632000157, -0.532155280999916 ], [ 35.050531632000116, -0.525405280999905 ], [ 35.047981632000187, -0.522705280999958 ], [ 35.056597366000176, -0.505406624999978 ], [ 35.052447366000024, -0.498106624999934 ], [ 35.049179203000051, -0.496611874999871 ], [ 35.043931632000067, -0.498305280999944 ], [ 35.032873766000137, -0.496155280999858 ], [ 35.034031632000051, -0.482655280999836 ], [ 35.039365899000074, -0.482303936999813 ], [ 35.040731632000188, -0.477755280999929 ], [ 35.042631632000166, -0.464055280999901 ], [ 35.042140348000032, -0.455811875999871 ], [ 35.045890432000135, -0.452184660999933 ], [ 35.044381632000182, -0.44895528099994 ], [ 35.044865899000058, -0.443603936999978 ], [ 35.038465899000187, -0.435903936999978 ], [ 35.038407651000171, -0.428534465999974 ], [ 35.033604094, -0.419901765999953 ], [ 35.026517566000052, -0.412723779999965 ], [ 35.020831632000125, -0.412055280999937 ], [ 35.019859516000167, -0.409650856999917 ], [ 35.021238686000061, -0.403807902999915 ], [ 35.017865899000185, -0.400503936999939 ], [ 35.017681632000119, -0.395755280999936 ], [ 35.010136283000122, -0.388217456999939 ], [ 35.00464478900011, -0.355734159999884 ], [ 35.005646393000063, -0.352435801999832 ], [ 35.004489708000165, -0.348637575999874 ], [ 35.006369273000189, -0.341846475999944 ], [ 35.005070278000062, -0.340256890999967 ], [ 35.007648048000192, -0.331386539999926 ], [ 35.023528468000166, -0.322202432999973 ], [ 35.046899534000147, -0.300599672999908 ], [ 35.04949330400018, -0.296411729999875 ], [ 35.052270164999982, -0.274959378999938 ], [ 35.055105380000043, -0.267807672999879 ], [ 35.057403170000043, -0.235290049999946 ], [ 35.063562663000141, -0.215565412999922 ], [ 35.07193374600007, -0.20724648199996 ], [ 35.10300148400006, -0.199720164999917 ], [ 35.127958298000181, -0.153779982999936 ], [ 35.133847824000043, -0.153807431999837 ], [ 35.13802892200016, -0.160819814999968 ], [ 35.140462875000026, -0.159384384999953 ], [ 35.145329211000103, -0.16014981099994 ], [ 35.156921555000054, -0.16401133099987 ], [ 35.164647103000107, -0.160290221999958 ], [ 35.167858124000134, -0.160316658999818 ], [ 35.166795095000055, -0.163527835999957 ], [ 35.170362473000125, -0.160968385999922 ], [ 35.182201251000038, -0.163132770999937 ], [ 35.18572389600007, -0.161244501999931 ], [ 35.184624990000088, -0.158574108999971 ], [ 35.186309497000138, -0.157627210999976 ], [ 35.19090374600006, -0.160803744999953 ], [ 35.197609075000173, -0.160770020999848 ], [ 35.203844377000053, -0.16415320599998 ], [ 35.205619569000191, -0.168130425999891 ], [ 35.21550464600017, -0.173450551999906 ], [ 35.219136361000039, -0.191771444999858 ], [ 35.226977010000098, -0.194833179999875 ], [ 35.232451038000079, -0.193278070999895 ], [ 35.235650106999969, -0.195021876999931 ], [ 35.23703255900017, -0.199275191999959 ], [ 35.240835939000078, -0.19851234999993 ], [ 35.242690086000096, -0.202146305999918 ], [ 35.245924667000111, -0.201541393999889 ], [ 35.248962651000113, -0.206828183999903 ], [ 35.247612953000043, -0.209059485999944 ], [ 35.254250844000069, -0.216997563999939 ], [ 35.263002396000161, -0.221722304999901 ], [ 35.260894775000111, -0.227851434999877 ], [ 35.26589965800008, -0.233197286999882 ], [ 35.271368327000175, -0.23586942999998 ], [ 35.286103783000101, -0.234599132999961 ], [ 35.299592972000028, -0.236207294999872 ], [ 35.302738569000155, -0.238694898999938 ], [ 35.306712455000138, -0.238624018999928 ], [ 35.313622156000122, -0.247082389999946 ], [ 35.320511178000118, -0.24622990499995 ], [ 35.324947366000174, -0.250556624999945 ], [ 35.321997366000176, -0.247106624999844 ], [ 35.324833455000089, -0.244050348999906 ], [ 35.341600165000045, -0.237915157999964 ], [ 35.34310802300007, -0.23556812299995 ], [ 35.331090538000069, -0.190417746999856 ], [ 35.330694828, -0.174708374999966 ], [ 35.296097084000166, -0.174087149999934 ], [ 35.278437042000178, -0.144112917999905 ], [ 35.272544729000174, -0.150538294999876 ], [ 35.270515442000033, -0.150020345999906 ], [ 35.253608757000165, -0.118323677999967 ], [ 35.234895581999979, -0.11792139399995 ], [ 35.22630214000003, -0.106924862999961 ], [ 35.226493835000042, -0.103708788999938 ], [ 35.279597366000075, -0.097306624999931 ], [ 35.307674443000167, -0.083517895999933 ], [ 35.33849736600007, -0.108306624999955 ], [ 35.352794099, -0.106522582999958 ], [ 35.371884657000066, -0.107291423999925 ], [ 35.389806825000051, -0.095209485999874 ], [ 35.401008708000063, -0.085005517999832 ], [ 35.424088630000142, -0.076008362999971 ], [ 35.404473414000051, -0.021185051999964 ], [ 35.413580070000137, 0.005282824000119 ], [ 35.438104751000139, 0.019968516000176 ], [ 35.43514192400005, 0.027199830000029 ], [ 35.466289592000066, 0.027888496000173 ], [ 35.47103497300003, 0.020363453000073 ], [ 35.457912535000162, 0.014182832000188 ] ] ] } },
{ "type": "Feature", "properties": { "name": "Kiambu" }, "geometry": { "type": "Polygon", "coordinates": [ [ [ 36.686836243000073, -0.761919646999957 ], [ 36.701257070000167, -0.779530644999966 ], [ 36.705003739000119, -0.782211332999964 ], [ 36.706718445000035, -0.781344413999932 ], [ 36.711939494000148, -0.788441081999906 ], [ 36.711483002000193, -0.79088947199989 ], [ 36.713827769000147, -0.791616598999951 ], [ 36.719161987000064, -0.799176185999954 ], [ 36.71860885600006, -0.801079615999924 ], [ 36.720535278000114, -0.803429662999918 ], [ 36.72685051000019, -0.809313237999902 ], [ 36.732395172000111, -0.810005187999877 ], [ 36.735800425000036, -0.811848500999815 ], [ 36.735891978000097, -0.81394580999995 ], [ 36.742017746000158, -0.816762357999949 ], [ 36.750718435000181, -0.831279595999945 ], [ 36.770746504000044, -0.830652185999895 ], [ 36.779011536000155, -0.835036158999969 ], [ 36.782168389000162, -0.83958692799996 ], [ 36.783864339000161, -0.838531086999978 ], [ 36.789289747000169, -0.843346995999923 ], [ 36.792617798000094, -0.843739568999979 ], [ 36.802920341000174, -0.850633352999978 ], [ 36.806194305000133, -0.855252056999973 ], [ 36.810036087000071, -0.854201524999894 ], [ 36.809452057000044, -0.85710306999988 ], [ 36.813934326000094, -0.857778980999967 ], [ 36.815955480000184, -0.860943525999971 ], [ 36.818555451000066, -0.860491466999861 ], [ 36.824728775000153, -0.863182725999934 ], [ 36.827145386000041, -0.868312549999928 ], [ 36.831749916000149, -0.870387091999817 ], [ 36.832070160000171, -0.872389196999904 ], [ 36.836478097000111, -0.872419228999888 ], [ 36.840139389000171, -0.876152186999946 ], [ 36.842397690000098, -0.874969340999883 ], [ 36.84953498800013, -0.880742191999957 ], [ 36.86000442500017, -0.881751167999937 ], [ 36.861000061000141, -0.885879962999979 ], [ 36.864071846000172, -0.888515114999961 ], [ 36.867537362, -0.889934769999911 ], [ 36.868645986000104, -0.88787675899988 ], [ 36.87056274400004, -0.887796353999818 ], [ 36.872756958000082, -0.890910982999969 ], [ 36.877805710000189, -0.890916138999955 ], [ 36.880282720000139, -0.892981409999948 ], [ 36.880477905000191, -0.896257141999968 ], [ 36.88597011600018, -0.894033545999946 ], [ 36.887991905000035, -0.89498482599987 ], [ 36.889604569000028, -0.898044814999935 ], [ 36.888484955000138, -0.901010572999894 ], [ 36.893096288000038, -0.909318774999974 ], [ 36.901195526000095, -0.911019289999899 ], [ 36.902811323000151, -0.909526611999922 ], [ 36.903387451000185, -0.911321460999943 ], [ 36.907732646000113, -0.912312496999959 ], [ 36.907945633000054, -0.915920286999949 ], [ 36.910790920000181, -0.918155647999811 ], [ 36.911436717000072, -0.921682436999959 ], [ 36.916341782000131, -0.928922205999868 ], [ 36.918679810000128, -0.928145813999947 ], [ 36.923694610999974, -0.93418157099984 ], [ 36.928014119000181, -0.933527747999904 ], [ 36.932369232000156, -0.938569813999948 ], [ 36.943432617000099, -0.944643282999891 ], [ 36.944062042000041, -0.947419344999901 ], [ 36.951285362000135, -0.951405450999971 ], [ 36.952383995, -0.954276948999961 ], [ 36.955618286000174, -0.954335689999937 ], [ 36.957536221000169, -0.960220947999971 ], [ 36.962029266000059, -0.965187322999952 ], [ 36.964968682000062, -0.971528037999917 ], [ 36.980854987999976, -0.976418330999877 ], [ 36.991285324000046, -0.988122343999976 ], [ 36.995973968000044, -0.989933526999948 ], [ 37.017380715000115, -1.007801800999971 ], [ 37.022630692000121, -1.009887337999885 ], [ 37.024370829000134, -1.014003405999915 ], [ 37.027278900000113, -1.015454212999884 ], [ 37.032567978000031, -1.026697217999924 ], [ 37.044845581000061, -1.031229733999965 ], [ 37.051836649000165, -1.031466960999978 ], [ 37.055533409000134, -1.027606755999955 ], [ 37.06214141800001, -1.024677395999959 ], [ 37.063098908000029, -1.021446883999943 ], [ 37.060377121000158, -1.013669648999951 ], [ 37.061180115000184, -1.01072096799993 ], [ 37.062999725000054, -1.010362266999834 ], [ 37.063144684000065, -1.012816011999973 ], [ 37.066466013000024, -1.016530990999968 ], [ 37.070247650000169, -1.016960560999905 ], [ 37.067825317000029, -1.019723534999969 ], [ 37.068767548000096, -1.023806213999933 ], [ 37.072149277000051, -1.023667096999873 ], [ 37.077283859000147, -1.027945637999949 ], [ 37.081676483000138, -1.028492032999964 ], [ 37.08821106, -1.032018004999827 ], [ 37.092517853000118, -1.030713796999919 ], [ 37.097630819000187, -1.034421880999957 ], [ 37.101012421000064, -1.031825184999946 ], [ 37.106966019000083, -1.033533572999886 ], [ 37.111371994000024, -1.037513136999905 ], [ 37.116095543000142, -1.039126604999922 ], [ 37.123842239, -1.05135911699989 ], [ 37.132629394999981, -1.04620170599992 ], [ 37.136569977000079, -1.048549770999955 ], [ 37.143330574000174, -1.046894996999924 ], [ 37.147148133000144, -1.047709464999969 ], [ 37.154725392000103, -1.051199356999973 ], [ 37.156513690999986, -1.047473623999906 ], [ 37.15917778000005, -1.049443264999979 ], [ 37.160657883000056, -1.046951710999906 ], [ 37.173933030000057, -1.042219519999946 ], [ 37.176859856000078, -1.034989803999963 ], [ 37.17503738400012, -1.033311843999854 ], [ 37.176944733000084, -1.031530332999978 ], [ 37.192608834000055, -1.04045653299994 ], [ 37.198284149000187, -1.038404881999895 ], [ 37.204034806000038, -1.033162384999912 ], [ 37.209897995000119, -1.031615912999939 ], [ 37.213326454000025, -1.033092766999914 ], [ 37.21596527100013, -1.027414678999889 ], [ 37.220172882000043, -1.024826942999937 ], [ 37.224453926000024, -1.025009929999953 ], [ 37.230819702000076, -1.016123413999935 ], [ 37.241783142000145, -1.02307295799983 ], [ 37.245591482000123, -1.022958715999948 ], [ 37.252837372000158, -1.017970227999967 ], [ 37.254547119000108, -1.018864392999944 ], [ 37.255904389000136, -1.017352270999879 ], [ 37.264704228000028, -1.015998899999829 ], [ 37.268460083000036, -1.022453164999888 ], [ 37.273239136000143, -1.025035500999934 ], [ 37.278582891000042, -1.03106717199995 ], [ 37.27973938000008, -1.034819721999895 ], [ 37.283622742000034, -1.036842762999868 ], [ 37.285299683000176, -1.041194509999968 ], [ 37.298510869000097, -1.051561474999914 ], [ 37.310569763000046, -1.065171851999935 ], [ 37.314697266000053, -1.06259272799997 ], [ 37.315492630000165, -1.064552544999856 ], [ 37.318130494000116, -1.065350948999935 ], [ 37.325196584000139, -1.076450406999925 ], [ 37.329432169000029, -1.07559303499994 ], [ 37.333963394000023, -1.080457328999898 ], [ 37.338748932000044, -1.07780328399997 ], [ 37.348491669000168, -1.090628265999896 ], [ 37.358152008000161, -1.089736985999934 ], [ 37.362598269000102, -1.093485273999931 ], [ 37.342641292000053, -1.116949577999833 ], [ 37.338565825999979, -1.110682486999963 ], [ 37.327320099000076, -1.100234090999948 ], [ 37.326211930000113, -1.097071527999844 ], [ 37.31901550300006, -1.093450843999847 ], [ 37.31090164200009, -1.082603454999912 ], [ 37.305816650000168, -1.07985472699994 ], [ 37.301769257000046, -1.074534415999949 ], [ 37.295413971000187, -1.070366978999971 ], [ 37.287567138999975, -1.069361984999887 ], [ 37.281728745000123, -1.065179704999878 ], [ 37.262546539000141, -1.067588567999962 ], [ 37.249861399000054, -1.077526648999878 ], [ 37.24637794500012, -1.076236723999898 ], [ 37.242996216000165, -1.077938198999902 ], [ 37.232299805000025, -1.07341527899996 ], [ 37.228338242000063, -1.073795675999918 ], [ 37.224109650000173, -1.07647365299988 ], [ 37.211322784000174, -1.077966927999967 ], [ 37.200983048000126, -1.088470279999967 ], [ 37.192691803000059, -1.092212557999972 ], [ 37.190031052000109, -1.095874487999936 ], [ 37.187896729000158, -1.10395073899997 ], [ 37.180934906000118, -1.107145428999956 ], [ 37.175064087000123, -1.114109396999936 ], [ 37.179195404000041, -1.12649369199994 ], [ 37.181648254000152, -1.128153919999875 ], [ 37.181724548000091, -1.131160258999955 ], [ 37.184658051000042, -1.132237195999949 ], [ 37.186893463000104, -1.135737060999929 ], [ 37.183330536000085, -1.141758738999954 ], [ 37.184974670000031, -1.147780417999911 ], [ 37.180826187000093, -1.154349505999903 ], [ 37.182533264000028, -1.16258776199993 ], [ 37.180664062000062, -1.166105627999968 ], [ 37.174114227000189, -1.171382426999912 ], [ 37.16571426400003, -1.186611472999914 ], [ 37.161361695000039, -1.191242157999909 ], [ 37.155662537000126, -1.193063913999936 ], [ 37.156137085000125, -1.197023248999869 ], [ 37.159618378000118, -1.203031141999929 ], [ 37.152997971000104, -1.206991791999826 ], [ 37.152854920000038, -1.208284019999894 ], [ 37.155860901000153, -1.209845542999972 ], [ 37.15440750099998, -1.219322204999969 ], [ 37.150798798000096, -1.223324655999932 ], [ 37.140434265000067, -1.224051593999945 ], [ 37.134880066000164, -1.231275796999967 ], [ 37.12581443800002, -1.230647563999923 ], [ 37.120754242000032, -1.232577025999944 ], [ 37.118581772000084, -1.235538482999857 ], [ 37.118715286000111, -1.245222329999876 ], [ 37.116157532000045, -1.246154903999923 ], [ 37.10942840600012, -1.244781850999914 ], [ 37.109867096000187, -1.255290984999931 ], [ 37.108615875000169, -1.257776021999916 ], [ 37.101759720000132, -1.25907536699998 ], [ 37.08624267600004, -1.246274470999879 ], [ 37.09487533600003, -1.242395519999945 ], [ 37.088153839000142, -1.231168030999925 ], [ 37.080287933000193, -1.234879970999884 ], [ 37.062713623000036, -1.202702760999955 ], [ 37.057302475000142, -1.206525146999923 ], [ 37.053693772000088, -1.204123377999906 ], [ 37.037765503000116, -1.210351466999896 ], [ 37.030155182000044, -1.21844482399996 ], [ 37.023010254000042, -1.221586644999945 ], [ 37.022004263000042, -1.224625610999908 ], [ 37.016997337000191, -1.224934706999932 ], [ 37.013439178000056, -1.22762191299995 ], [ 37.012741089000087, -1.232515453999952 ], [ 37.010801316000084, -1.23400384099989 ], [ 37.003758749000156, -1.2338901359999 ], [ 36.994981766000194, -1.230136334999884 ], [ 36.991249085000163, -1.222615479999945 ], [ 36.986743927000077, -1.221169908999912 ], [ 36.977689743000042, -1.222271560999957 ], [ 36.96949005100015, -1.226661323999963 ], [ 36.961166382000044, -1.225231408999946 ], [ 36.957050324000193, -1.227012871999932 ], [ 36.953136444, -1.224239229999853 ], [ 36.948986053000056, -1.224645137999971 ], [ 36.937622070000145, -1.219165086999965 ], [ 36.931175232000157, -1.21994598699996 ], [ 36.920698166000136, -1.21424895499996 ], [ 36.915520668, -1.210102199999881 ], [ 36.912433624000016, -1.205048083999941 ], [ 36.941638402000081, -1.173297830999957 ], [ 36.938949585000103, -1.170129417999931 ], [ 36.933401108000112, -1.167380093999896 ], [ 36.92700386100006, -1.166500537999866 ], [ 36.919932047000088, -1.160176952999961 ], [ 36.90317026800011, -1.15797710399994 ], [ 36.897469521000119, -1.158210038999925 ], [ 36.893552781000039, -1.166848778999963 ], [ 36.888002396000104, -1.171354114999815 ], [ 36.894306183000026, -1.180607278999901 ], [ 36.896029473000169, -1.183985977999953 ], [ 36.895008087, -1.185492991999922 ], [ 36.898418427000138, -1.190366327999925 ], [ 36.890508652000165, -1.190699934999884 ], [ 36.885782242000062, -1.193479417999924 ], [ 36.873626709000177, -1.193813800999976 ], [ 36.863210678000144, -1.18792056999996 ], [ 36.859498977999976, -1.200572072999876 ], [ 36.855772017999982, -1.199245809999923 ], [ 36.851091385000075, -1.200508683999942 ], [ 36.849246979000043, -1.211320757999886 ], [ 36.839141846000132, -1.207007407999868 ], [ 36.837226868000187, -1.20836830099995 ], [ 36.834114075000116, -1.207768558999874 ], [ 36.830254873000172, -1.203808982999931 ], [ 36.834037018, -1.212483023999937 ], [ 36.790906906000146, -1.189049839999882 ], [ 36.784128824999982, -1.202017664999914 ], [ 36.789644877000057, -1.206404168999882 ], [ 36.783758799000111, -1.212538798999958 ], [ 36.778297424000073, -1.224342107999917 ], [ 36.771602631000064, -1.220980405999967 ], [ 36.76989364700006, -1.223865865999869 ], [ 36.756502152000053, -1.216778456999918 ], [ 36.746696472000167, -1.23467898399997 ], [ 36.728656769000168, -1.232403992999934 ], [ 36.727281570000173, -1.243224858999895 ], [ 36.725040435999972, -1.245201646999931 ], [ 36.725519181000095, -1.248294114999908 ], [ 36.718535614000189, -1.260810756999945 ], [ 36.715856553000151, -1.258417545999976 ], [ 36.70259857200017, -1.255783915999871 ], [ 36.70067596500013, -1.259820579999882 ], [ 36.693941752000114, -1.257903853999949 ], [ 36.694931030000077, -1.259395082999959 ], [ 36.693347295000024, -1.26164149199991 ], [ 36.696571350000056, -1.265996336999933 ], [ 36.693180909000148, -1.266334660999917 ], [ 36.694359462000193, -1.268185217999928 ], [ 36.690097809000122, -1.269434928999942 ], [ 36.691026688000136, -1.273396849999926 ], [ 36.687660853000068, -1.272497911999892 ], [ 36.689291001000129, -1.279256342999872 ], [ 36.686336517000143, -1.282303928999966 ], [ 36.680805206000116, -1.296204863999947 ], [ 36.67430687000018, -1.304752826999959 ], [ 36.670215607000159, -1.303582429999949 ], [ 36.665987015000042, -1.31216794199986 ], [ 36.659706116, -1.300525783999888 ], [ 36.490814209000177, -1.267989515999886 ], [ 36.512621307000074, -1.23957242899985 ], [ 36.544653115000074, -1.124768815999914 ], [ 36.566952137000158, -1.098645141999839 ], [ 36.569892883000136, -1.100517510999964 ], [ 36.591147807000027, -1.061980708999954 ], [ 36.588442611000175, -1.036322950999931 ], [ 36.595101452, -1.009321238999917 ], [ 36.596649132000152, -0.995203068999842 ], [ 36.599987030000136, -0.991446405999966 ], [ 36.598229693000121, -0.990678082999978 ], [ 36.59608023200019, -0.982786718999932 ], [ 36.59166336100003, -0.983319251999944 ], [ 36.587332269000115, -0.975795262999952 ], [ 36.587823376000188, -0.962922108999919 ], [ 36.579460275000031, -0.945466241999952 ], [ 36.574924469000052, -0.941986202999885 ], [ 36.569128309000121, -0.943242967999936 ], [ 36.561682307000069, -0.936602469999968 ], [ 36.572650002000103, -0.929668457999981 ], [ 36.566959197000074, -0.926060943999914 ], [ 36.55423560100013, -0.924161891999915 ], [ 36.554402218000178, -0.918584417999853 ], [ 36.571683884000095, -0.908139958999868 ], [ 36.563613892000092, -0.905122040999913 ], [ 36.565740586, -0.90091407299991 ], [ 36.580192566000107, -0.890371232999883 ], [ 36.589482307000026, -0.886584251999977 ], [ 36.601127625000061, -0.862022280999952 ], [ 36.591459275000034, -0.846962689999941 ], [ 36.588762283000165, -0.825874446999933 ], [ 36.622287751000101, -0.829287826999973 ], [ 36.621969223000065, -0.825711070999887 ], [ 36.673871994000081, -0.776367469999968 ], [ 36.659868240000094, -0.770844071999932 ], [ 36.650348664000092, -0.772730587999888 ], [ 36.644596100000172, -0.770971178999957 ], [ 36.653701782000041, -0.762641131999942 ], [ 36.657882691000054, -0.765872030999958 ], [ 36.662170410000158, -0.765979289999962 ], [ 36.67182159400005, -0.75662815599992 ], [ 36.686836243000073, -0.761919646999957 ] ] ] } },
{ "type": "Feature", "properties": { "name": "Kilifi" }, "geometry": { "type": "Polygon", "coordinates": [ [ [ 40.179210634000185, -2.715972440999963 ], [ 40.18482162700019, -2.726144480999892 ], [ 40.186599484000112, -2.737203079999972 ], [ 40.187466511000025, -2.7344145859999 ], [ 40.188578854000127, -2.734828122999943 ], [ 40.193725613000083, -2.738146436999955 ], [ 40.194794196000146, -2.741789829999959 ], [ 40.190563492000194, -2.749994458999879 ], [ 40.185288180000157, -2.766858455999966 ], [ 40.181959250000091, -2.770726735999972 ], [ 40.184386271000051, -2.771325960999889 ], [ 40.184204619000127, -2.773917520999817 ], [ 40.186198160000117, -2.773831670999925 ], [ 40.186985404999973, -2.77590786199994 ], [ 40.183622455000091, -2.799189738999814 ], [ 40.186019031000171, -2.803230912999936 ], [ 40.184981723000135, -2.816765238999892 ], [ 40.179742322000152, -2.837704591999852 ], [ 40.171189382000136, -2.856895993999956 ], [ 40.172327874000018, -2.863487673999941 ], [ 40.169836913999973, -2.867109256999925 ], [ 40.172185963000118, -2.871745147999945 ], [ 40.170048566000105, -2.877231378999966 ], [ 40.172054238000158, -2.87877303099998 ], [ 40.173615876000042, -2.884901097999943 ], [ 40.170925723000096, -2.894891537999911 ], [ 40.171478374000117, -2.898397833999979 ], [ 40.166588766000189, -2.910845722999966 ], [ 40.163982845000135, -2.923646441999949 ], [ 40.164792055000134, -2.947925972999883 ], [ 40.166663365000034, -2.951246091999963 ], [ 40.169664868000154, -2.951699003999977 ], [ 40.171838751000166, -2.954263370999968 ], [ 40.189998141000046, -2.984287792999964 ], [ 40.197155324999983, -2.983340393999868 ], [ 40.199329978000094, -2.988486965999925 ], [ 40.206314097000188, -2.991356149999831 ], [ 40.212551024000106, -2.991231472999971 ], [ 40.227156649000051, -2.981676675999893 ], [ 40.229463345000113, -2.977651640999852 ], [ 40.237921431000075, -2.975823644999934 ], [ 40.23939324100013, -2.977865642999973 ], [ 40.239971483000033, -2.986182607999979 ], [ 40.236693707000086, -2.993376545999922 ], [ 40.231730151000079, -2.990386659999899 ], [ 40.221007368000073, -3.000349941999957 ], [ 40.209493173000169, -3.002650308999932 ], [ 40.201114641000061, -3.008749597999952 ], [ 40.196136477000096, -3.017396472999962 ], [ 40.195545176999985, -3.027983141999869 ], [ 40.181320959000118, -3.033485378999956 ], [ 40.172080977000121, -3.04343090999987 ], [ 40.169421758999988, -3.053110291999872 ], [ 40.170219415000133, -3.057455409999932 ], [ 40.173697139000069, -3.062415133999878 ], [ 40.173746738000034, -3.068839284999854 ], [ 40.164384368000015, -3.073656495999899 ], [ 40.156683907000172, -3.08148808999988 ], [ 40.155475403000025, -3.087385850999965 ], [ 40.158978962000106, -3.095997456999839 ], [ 40.163086576000126, -3.123963248999928 ], [ 40.16284866500007, -3.13089872899991 ], [ 40.149975370000107, -3.149863503999939 ], [ 40.141854774000024, -3.166618519999815 ], [ 40.140457046000051, -3.166150812999945 ], [ 40.139733493000108, -3.168911173999959 ], [ 40.126255993000029, -3.185663503999876 ], [ 40.120311743000059, -3.200175761999901 ], [ 40.120921755000097, -3.208267974999956 ], [ 40.125213936000193, -3.21444938999997 ], [ 40.126432424000143, -3.220878097999957 ], [ 40.128759862000152, -3.221700087999864 ], [ 40.125830955000026, -3.245635973999867 ], [ 40.132170564000091, -3.25301174699996 ], [ 40.129938656000149, -3.261906825999972 ], [ 40.12332154000012, -3.270851347999951 ], [ 40.125109671000189, -3.275885044999882 ], [ 40.120261498000048, -3.286980906999929 ], [ 40.106487084999969, -3.29994636899994 ], [ 40.086812020000025, -3.312314984999887 ], [ 40.073656075000144, -3.317267890999972 ], [ 40.05385493000017, -3.334062070999892 ], [ 40.04017734200005, -3.340054134999889 ], [ 40.036540739000145, -3.343516720999958 ], [ 40.037071700000126, -3.345558119999851 ], [ 40.033299450000129, -3.346212376999972 ], [ 40.02656272300004, -3.351987150999946 ], [ 40.026558880000152, -3.349902535999945 ], [ 40.024500268000168, -3.349925475999896 ], [ 40.025316863000171, -3.351961764999885 ], [ 40.016568661000179, -3.358105796999951 ], [ 40.014573571000142, -3.355221488999973 ], [ 40.014099896000118, -3.35946804799994 ], [ 40.011446969000076, -3.360933921999901 ], [ 40.010848050000163, -3.358771061999903 ], [ 40.004343796000057, -3.362393391999944 ], [ 39.975092192000091, -3.386676676999912 ], [ 39.971373244, -3.387221708999903 ], [ 39.968646524000178, -3.38498650299988 ], [ 39.970489519000182, -3.374985476999939 ], [ 39.981435139000041, -3.366493759999969 ], [ 39.986144055000125, -3.368411134999974 ], [ 39.989330255000141, -3.365922437999927 ], [ 39.992013538000037, -3.36848404899996 ], [ 39.996818659000155, -3.364108869999882 ], [ 39.995260456000096, -3.362051375999897 ], [ 39.99178904300004, -3.364687838999828 ], [ 39.98960089100018, -3.36311914099997 ], [ 39.991664543000184, -3.357999128999893 ], [ 39.98909202700014, -3.354929867999886 ], [ 39.992251251000084, -3.350093860999948 ], [ 39.988725684000144, -3.340553558999943 ], [ 39.98419443500012, -3.335370299999965 ], [ 39.982847660000118, -3.33115147999996 ], [ 39.987820033000048, -3.322765247999939 ], [ 39.994643424, -3.318033464999928 ], [ 39.995827449000046, -3.313241675999905 ], [ 39.989566140000193, -3.313666680999916 ], [ 39.988537028000167, -3.314203103999887 ], [ 39.989648232000093, -3.317004797999971 ], [ 39.985002501000167, -3.318647503999898 ], [ 39.972711102000062, -3.31929527799997 ], [ 39.950697070000103, -3.328977497999915 ], [ 39.948520477000045, -3.335686444999908 ], [ 39.954712633000042, -3.340090175999933 ], [ 39.953639126000155, -3.343814424999891 ], [ 39.946117914000126, -3.348303984999916 ], [ 39.946144575000062, -3.346491589999971 ], [ 39.944319152000105, -3.345655185999874 ], [ 39.940177546000086, -3.345331141999964 ], [ 39.937304016000041, -3.347258136999926 ], [ 39.937097119000043, -3.360643556999946 ], [ 39.939556561000131, -3.36559538299997 ], [ 39.933687676000147, -3.369973935999951 ], [ 39.935892798000168, -3.373369557999979 ], [ 39.941147087000104, -3.371818998999913 ], [ 39.943394893000118, -3.374442462999923 ], [ 39.934806849000097, -3.388069631999883 ], [ 39.937717709000083, -3.386732905999963 ], [ 39.944148743000142, -3.377799527999969 ], [ 39.946888196000089, -3.377333589999978 ], [ 39.951507606000177, -3.384655755999972 ], [ 39.965229927000053, -3.388970317999906 ], [ 39.96455607300004, -3.398890206999909 ], [ 39.968096179000042, -3.401926855999818 ], [ 39.960184566000123, -3.416695279999885 ], [ 39.953685197000141, -3.435343665999937 ], [ 39.94135053399998, -3.457889285999897 ], [ 39.931512937000036, -3.482158421999941 ], [ 39.925678911000148, -3.490785702999972 ], [ 39.924208995000015, -3.495696112999894 ], [ 39.924926506000133, -3.500363454999899 ], [ 39.901147649000109, -3.567024527999877 ], [ 39.869924415000185, -3.631901931999948 ], [ 39.865155183000127, -3.635518712999897 ], [ 39.857117683000183, -3.635176069999886 ], [ 39.851411416000076, -3.632152565999945 ], [ 39.845097119000172, -3.632451586999878 ], [ 39.840302507000104, -3.625077636999947 ], [ 39.834193953000067, -3.621850135999978 ], [ 39.829864605000125, -3.621456096999964 ], [ 39.829346515000111, -3.618242873999918 ], [ 39.827069848000122, -3.617716537999911 ], [ 39.822803950000093, -3.608878266999966 ], [ 39.81580595600019, -3.60488485299993 ], [ 39.799130535000074, -3.603753542999925 ], [ 39.789724684000134, -3.605985793999878 ], [ 39.786619486000063, -3.609620658999916 ], [ 39.781645621000166, -3.610324978999927 ], [ 39.77883389100009, -3.605831366999894 ], [ 39.777709765000111, -3.594768742999861 ], [ 39.782999798000048, -3.58459242999993 ], [ 39.781655970000088, -3.581426818999944 ], [ 39.776554631000124, -3.582509608999942 ], [ 39.779313114, -3.586317169999916 ], [ 39.778424624000024, -3.589336942999921 ], [ 39.770125503000031, -3.587955378999936 ], [ 39.773654069000145, -3.591624795999962 ], [ 39.773200121000059, -3.597117382999954 ], [ 39.776057740000113, -3.60057462799989 ], [ 39.780123559000174, -3.610898430999953 ], [ 39.789600951000068, -3.613216023999939 ], [ 39.804042695000078, -3.612330864999876 ], [ 39.805722592000052, -3.618460619999837 ], [ 39.810308925000186, -3.622087130999944 ], [ 39.810310648000041, -3.629510460999882 ], [ 39.806585545000132, -3.625153778999959 ], [ 39.794232573000158, -3.627830672999892 ], [ 39.791268161000175, -3.621030968999946 ], [ 39.785902317000136, -3.620749873999955 ], [ 39.788479433000191, -3.625313203999895 ], [ 39.790844773000174, -3.626116979999949 ], [ 39.790795442000046, -3.629275007999979 ], [ 39.79323962300009, -3.631241391999936 ], [ 39.797336104000181, -3.640211009999916 ], [ 39.800931944000126, -3.639726956999937 ], [ 39.810478344000103, -3.646054964999848 ], [ 39.819165755000085, -3.64571707999994 ], [ 39.827286855000182, -3.633970475999888 ], [ 39.829705524000019, -3.636290927999937 ], [ 39.83817764700018, -3.629747725999891 ], [ 39.838914486000135, -3.632372535999934 ], [ 39.843110746000036, -3.63549253799988 ], [ 39.850560363000113, -3.634616893999976 ], [ 39.861457103000191, -3.639410319999854 ], [ 39.867352219000168, -3.653326596999932 ], [ 39.868437254000185, -3.665440432999958 ], [ 39.8656215580001, -3.674676706999946 ], [ 39.860037755000178, -3.677671338999914 ], [ 39.855605613000137, -3.676505719999966 ], [ 39.854461658000048, -3.678434669999945 ], [ 39.845176436000088, -3.676498580999976 ], [ 39.839982389000113, -3.673742371999936 ], [ 39.839111188000061, -3.67815547899994 ], [ 39.835462682000127, -3.681732601999954 ], [ 39.835730787000045, -3.682739566999885 ], [ 39.838849450000055, -3.681525589999978 ], [ 39.84040879000014, -3.675273159999904 ], [ 39.854282180000098, -3.68021994399993 ], [ 39.857215716000042, -3.67714024199995 ], [ 39.860104382000088, -3.678444186999911 ], [ 39.864579671000115, -3.67677856499995 ], [ 39.867742450000037, -3.679148507999855 ], [ 39.869898243000193, -3.694059162999963 ], [ 39.865548587000148, -3.705836542999918 ], [ 39.86089555000018, -3.711623390999932 ], [ 39.861516828999981, -3.717676738999955 ], [ 39.856913182000028, -3.725095220999833 ], [ 39.854434126000058, -3.738099653999882 ], [ 39.848714241000152, -3.748844958999882 ], [ 39.84371873200007, -3.763437173999932 ], [ 39.842536027000165, -3.774590272999944 ], [ 39.839908705000028, -3.778567146999933 ], [ 39.836125758000094, -3.794501601999912 ], [ 39.829743796000173, -3.808134367999912 ], [ 39.828098468000121, -3.823622455999953 ], [ 39.809227935000081, -3.864679836999869 ], [ 39.787797320000152, -3.904026603999966 ], [ 39.777632262000054, -3.933013595999967 ], [ 39.770503399, -3.944649712999933 ], [ 39.764564262000022, -3.950942775999977 ], [ 39.758284073000084, -3.950913089999915 ], [ 39.75192351000004, -3.955855493999934 ], [ 39.742202111000154, -3.952989517999868 ], [ 39.735701423000137, -3.947423479999941 ], [ 39.730676, -3.951334770999892 ], [ 39.728248951000126, -3.951495215999955 ], [ 39.712630169000079, -3.947995028999969 ], [ 39.708183975999987, -3.942367601999933 ], [ 39.707912493000038, -3.933048045999954 ], [ 39.706651775000182, -3.931316196999944 ], [ 39.705510822000178, -3.934072801999946 ], [ 39.703856620000067, -3.933860554999967 ], [ 39.702141506000089, -3.924872218999838 ], [ 39.699959539000133, -3.924031476999971 ], [ 39.703442120000091, -3.921064127999955 ], [ 39.704292540000097, -3.917045378999887 ], [ 39.709600321000039, -3.912181760999829 ], [ 39.714927141000089, -3.903909168999974 ], [ 39.717408127000169, -3.894583266999973 ], [ 39.716208032000111, -3.893108001999963 ], [ 39.714057847000106, -3.898623591999979 ], [ 39.711866627000177, -3.89741799899997 ], [ 39.709109927000156, -3.898547451999946 ], [ 39.709328906000053, -3.909701409999968 ], [ 39.702279384000121, -3.909452474999966 ], [ 39.697310962000074, -3.916385316999822 ], [ 39.694439191000072, -3.913779568999871 ], [ 39.692996444000187, -3.906387773999938 ], [ 39.691256630999987, -3.905448130999901 ], [ 39.692508150000094, -3.911294252999937 ], [ 39.690784815000029, -3.914129111999898 ], [ 39.690065958000162, -3.918996104999906 ], [ 39.691588596000031, -3.920200544999943 ], [ 39.69027002100006, -3.923384523999914 ], [ 39.676044451000053, -3.922186199999885 ], [ 39.671560286000044, -3.919444321999947 ], [ 39.642111454000087, -3.925720293999916 ], [ 39.640171739000039, -3.929700041999979 ], [ 39.64223035800012, -3.930041617999962 ], [ 39.645852459000082, -3.935011647999886 ], [ 39.649792943000136, -3.935407227999917 ], [ 39.650663211000051, -3.9380145209999 ], [ 39.648378888000138, -3.940122112999973 ], [ 39.649900624000054, -3.941014167999981 ], [ 39.649773873000186, -3.943480577999935 ], [ 39.653478979000113, -3.94476830799988 ], [ 39.646172575000094, -3.950586993999934 ], [ 39.646009168000148, -3.953439484999876 ], [ 39.649404591000177, -3.957580475999919 ], [ 39.648068238000178, -3.959339793999845 ], [ 39.640930547000153, -3.957460962999903 ], [ 39.627602366000019, -3.963647393999906 ], [ 39.621648774, -3.960080131999973 ], [ 39.622886656000105, -3.957882153999947 ], [ 39.621056382, -3.955447866999975 ], [ 39.618648339000174, -3.957597860999954 ], [ 39.610283847000176, -3.959276433999946 ], [ 39.599874296000166, -3.949589740999954 ], [ 39.583744610000167, -3.965445250999892 ], [ 39.583202064000034, -3.969781791999878 ], [ 39.569255059000056, -3.97501065299997 ], [ 39.568930898000133, -3.979186652999829 ], [ 39.575383220000049, -3.984204864999981 ], [ 39.569690696000123, -3.991550699999891 ], [ 39.564678672000014, -3.987672348999922 ], [ 39.555665342000168, -3.98398251499998 ], [ 39.550047722000045, -3.985941869999976 ], [ 39.545641875000115, -3.991305832999899 ], [ 39.546596538000131, -3.994434191999915 ], [ 39.544332641000153, -3.994398142999955 ], [ 39.544847205000053, -3.99134221099996 ], [ 39.540909075, -3.990644829999837 ], [ 39.539393224000094, -3.988248630999976 ], [ 39.546046235000176, -3.977455543999952 ], [ 39.548089977000132, -3.967165599999873 ], [ 39.545895079000104, -3.958681590999902 ], [ 39.544855594000126, -3.956827426999894 ], [ 39.540214507000087, -3.957578630999876 ], [ 39.533798983000054, -3.953798211999981 ], [ 39.528434752000067, -3.947837966999941 ], [ 39.527461054000128, -3.944594004999942 ], [ 39.530307757, -3.934635879999973 ], [ 39.527651779000166, -3.930393357999947 ], [ 39.521554570000092, -3.9282342489999 ], [ 39.519682793000015, -3.915034695999964 ], [ 39.512913120000064, -3.912132973999974 ], [ 39.506142584000145, -3.904912503999924 ], [ 39.501813429000151, -3.904347769999902 ], [ 39.499897476000172, -3.902195613999936 ], [ 39.497180690000107, -3.891952578999906 ], [ 39.497429859000192, -3.887218933999918 ], [ 39.492579477000163, -3.883448074999933 ], [ 39.48562951700012, -3.88096923899991 ], [ 39.466747258000169, -3.858817097999975 ], [ 39.459187026999984, -3.854819626999927 ], [ 39.450597056000106, -3.853348169999947 ], [ 39.448896883000032, -3.849637075999908 ], [ 39.435453032999987, -3.836533948999943 ], [ 39.433846242000186, -3.832119601999921 ], [ 39.421726621000062, -3.825857767999878 ], [ 39.419613367000011, -3.820462566999879 ], [ 39.412952445000087, -3.820155567999961 ], [ 39.409406890000128, -3.824245078999979 ], [ 39.403653463000069, -3.821002369999974 ], [ 39.401210789000061, -3.824996613999872 ], [ 39.398867213000131, -3.825609450999934 ], [ 39.393955703000188, -3.818142629999954 ], [ 39.389846432000127, -3.817138929999942 ], [ 39.383271219000108, -3.809072386999901 ], [ 39.379023806000077, -3.807531318999963 ], [ 39.381674835000183, -3.797181583999816 ], [ 39.376949316000037, -3.793153119999829 ], [ 39.384118404000105, -3.784580265999978 ], [ 39.387431585000058, -3.785056913999881 ], [ 39.389580302000127, -3.782194718999961 ], [ 39.389332564000028, -3.775313007999955 ], [ 39.384347074000175, -3.77462225499994 ], [ 39.383176240000125, -3.771045054999888 ], [ 39.385345611000105, -3.768828573999883 ], [ 39.391608969000174, -3.767572819999941 ], [ 39.395034633000137, -3.753275124999959 ], [ 39.391224745000045, -3.744713441999977 ], [ 39.391738926000187, -3.738961568999969 ], [ 39.389166061000026, -3.736751464999884 ], [ 39.375640846000124, -3.740413025999885 ], [ 39.3713260990001, -3.738412808999954 ], [ 39.369232521000072, -3.735506363999889 ], [ 39.362389034000046, -3.733391674999893 ], [ 39.35798024200011, -3.728196649999916 ], [ 39.357637711000109, -3.717486806999943 ], [ 39.353606414000069, -3.712206410999954 ], [ 39.353482242000098, -3.707998863999876 ], [ 39.348729117000062, -3.704642355999965 ], [ 39.346992164000142, -3.700471911999955 ], [ 39.347409265000067, -3.692496152999979 ], [ 39.351723124000046, -3.692091705999815 ], [ 39.353208312, -3.689178578999929 ], [ 39.352975847000039, -3.673724187999937 ], [ 39.355204722000167, -3.668679579999889 ], [ 39.353895199000078, -3.660540553999965 ], [ 39.356609094000191, -3.653737449999937 ], [ 39.351328445000149, -3.638790245999871 ], [ 39.343428125000173, -3.635074204999967 ], [ 39.34704716400006, -3.620942883999874 ], [ 39.345694959000184, -3.609585816999868 ], [ 39.347207226000137, -3.607260272999838 ], [ 39.347111695000137, -3.598533170999929 ], [ 39.345318790000022, -3.595499737999944 ], [ 39.335444094000138, -3.589769375999936 ], [ 39.332852873000036, -3.590345258999946 ], [ 39.329592652000031, -3.588664747999928 ], [ 39.324981111000113, -3.584524514999941 ], [ 39.322066980000159, -3.578710718999901 ], [ 39.318166424000026, -3.575031962999901 ], [ 39.320427508000193, -3.568461740999965 ], [ 39.319527617000119, -3.564684363999959 ], [ 39.316232211999989, -3.564346566999973 ], [ 39.31194535800006, -3.566752266999913 ], [ 39.305722472000127, -3.566311734999942 ], [ 39.301938518000043, -3.569159499999955 ], [ 39.295246102000192, -3.569462035999948 ], [ 39.0871963190001, -3.569599130999904 ], [ 39.141421138000055, -3.358785226999942 ], [ 39.218402979000189, -3.070344986999885 ], [ 39.505451195000035, -2.74822781599994 ], [ 39.892147071000011, -2.30911257199989 ], [ 40.179210634000185, -2.715972440999963 ] ] ] } },
{ "type": "Feature", "properties": { "name": "Kirinyaga" }, "geometry": { "type": "Polygon", "coordinates": [ [ [ 37.425033569, -0.436689018999914 ], [ 37.423110485000052, -0.438398073999849 ], [ 37.424423218000072, -0.439432680999914 ], [ 37.422586822000142, -0.442476897999825 ], [ 37.425572967000051, -0.445782470999859 ], [ 37.42806413400001, -0.4454848069999 ], [ 37.42656008400013, -0.462213371999894 ], [ 37.42845869100006, -0.46414649899998 ], [ 37.423933302000194, -0.481042052999953 ], [ 37.425088247000076, -0.486100166999961 ], [ 37.429987526, -0.494167945999891 ], [ 37.425586700000053, -0.498089007999965 ], [ 37.426853657000152, -0.49955953999995 ], [ 37.42549196900012, -0.502561648999858 ], [ 37.42703846500018, -0.50928248699995 ], [ 37.433663941000191, -0.519462894999947 ], [ 37.436863582000171, -0.520692246999943 ], [ 37.445758820000037, -0.529459094999936 ], [ 37.447484334000137, -0.543268814999919 ], [ 37.449877262000086, -0.54615747899993 ], [ 37.452728272000058, -0.548933728999941 ], [ 37.460847855000168, -0.549478590999911 ], [ 37.463325500000053, -0.55529710299993 ], [ 37.472108024000022, -0.555920762999961 ], [ 37.474281311000027, -0.559096380999961 ], [ 37.476842562000115, -0.567196731999957 ], [ 37.475763957000083, -0.569189071999972 ], [ 37.478851318000011, -0.57561260499989 ], [ 37.483560562000093, -0.578601627999944 ], [ 37.485226631000046, -0.581505402999937 ], [ 37.482827822000047, -0.588347990999978 ], [ 37.479330063000134, -0.589591452999912 ], [ 37.477708181000025, -0.593296825999971 ], [ 37.479033830000049, -0.596165453999845 ], [ 37.476799965000055, -0.59893209199987 ], [ 37.478734652000128, -0.601294904999975 ], [ 37.48094010300008, -0.601017053999897 ], [ 37.483509540000171, -0.603054977999932 ], [ 37.483606720000012, -0.606075012999952 ], [ 37.486481349000087, -0.609228719999976 ], [ 37.488149370000031, -0.614222807999909 ], [ 37.486920675000022, -0.622119386999941 ], [ 37.480822166000053, -0.625331449999976 ], [ 37.478017171000033, -0.635674138999946 ], [ 37.478599003, -0.638936263999938 ], [ 37.47411092100009, -0.644704192999882 ], [ 37.472189161000074, -0.652631130999907 ], [ 37.475672586000087, -0.664402594999842 ], [ 37.477889379000089, -0.667031863999966 ], [ 37.476693153000099, -0.676728203999858 ], [ 37.474183219000054, -0.678535980999868 ], [ 37.475003379000043, -0.684831414999906 ], [ 37.477799098, -0.686801234999905 ], [ 37.47975797700019, -0.691564946999904 ], [ 37.477307002000146, -0.707203457999924 ], [ 37.478214264000087, -0.712675000999866 ], [ 37.479256221000071, -0.714204259999917 ], [ 37.483830770000111, -0.714733068999976 ], [ 37.484651566000139, -0.717915752999943 ], [ 37.487550259000102, -0.716733618999967 ], [ 37.489196777000075, -0.720351606999884 ], [ 37.492800871000043, -0.722619537999947 ], [ 37.495975918000113, -0.730552374999945 ], [ 37.492467308000073, -0.731661083999938 ], [ 37.473191834000033, -0.724264919999939 ], [ 37.463540486000113, -0.729086728999846 ], [ 37.463916778000169, -0.733324566999897 ], [ 37.444185257000129, -0.730641483999875 ], [ 37.421054841000171, -0.747375755999883 ], [ 37.406633377000105, -0.747630953999874 ], [ 37.388177872000142, -0.752705036999942 ], [ 37.370751381000048, -0.76377552799994 ], [ 37.366720199999975, -0.76199613499989 ], [ 37.359267235000175, -0.761716037999975 ], [ 37.3582468030001, -0.769763156999943 ], [ 37.348280907000117, -0.772206663999953 ], [ 37.326235135, -0.764757220999968 ], [ 37.318247541000119, -0.757830362999925 ], [ 37.31513595600012, -0.748299955999869 ], [ 37.306031227000062, -0.748831947999918 ], [ 37.297928810000144, -0.752961083999821 ], [ 37.289115906000177, -0.754521329999932 ], [ 37.276702881000119, -0.753791748999959 ], [ 37.267257690000122, -0.776636063999888 ], [ 37.268184662000067, -0.783605992999981 ], [ 37.267669151000121, -0.785282634999874 ], [ 37.26642481500005, -0.784819940999967 ], [ 37.264873123000086, -0.780896648999885 ], [ 37.262429237, -0.779847393999944 ], [ 37.261901856000179, -0.767425491999973 ], [ 37.255467415000055, -0.755772485999898 ], [ 37.2565898900001, -0.751949965999927 ], [ 37.25950012200002, -0.751274287999877 ], [ 37.260607720000053, -0.749241768999923 ], [ 37.263708115000156, -0.752586244999975 ], [ 37.269639969000139, -0.753845095999964 ], [ 37.27019653300016, -0.752271830999973 ], [ 37.262898445000133, -0.745419248999838 ], [ 37.265404702000069, -0.743440761999921 ], [ 37.265523910000184, -0.741275175999874 ], [ 37.257349650000094, -0.732281167999929 ], [ 37.257375717000059, -0.724513589999901 ], [ 37.250531515000034, -0.722720563999872 ], [ 37.251402855000038, -0.718510463999962 ], [ 37.2538027760001, -0.720918207999944 ], [ 37.256158034000123, -0.71987023499986 ], [ 37.248891831000094, -0.711329548999913 ], [ 37.24887085000006, -0.706151216999899 ], [ 37.245677948000036, -0.706998317999933 ], [ 37.243597984000019, -0.705491184999914 ], [ 37.242177582000124, -0.700220262999892 ], [ 37.244470596000099, -0.697303443999886 ], [ 37.241681099000175, -0.693327813999929 ], [ 37.244164467000132, -0.69086197799993 ], [ 37.240943909000066, -0.687844415999905 ], [ 37.238908767999988, -0.679476975999933 ], [ 37.236327489000018, -0.675768965999964 ], [ 37.236315918000059, -0.66757966299997 ], [ 37.237548034000042, -0.666351874999918 ], [ 37.232727687000079, -0.666688739999813 ], [ 37.228541056000154, -0.671231984999849 ], [ 37.22574806199998, -0.671685635999893 ], [ 37.214310328000067, -0.688826520999896 ], [ 37.210427094000124, -0.680769955999949 ], [ 37.204148610000061, -0.67535676499989 ], [ 37.201850891000106, -0.663527507999902 ], [ 37.197268963000056, -0.662195145999874 ], [ 37.19359397900007, -0.664583562999894 ], [ 37.190264702000036, -0.665224124999952 ], [ 37.18819122300016, -0.663903140999878 ], [ 37.185287221000067, -0.665879727999936 ], [ 37.183130709000181, -0.663659038999867 ], [ 37.182520867000164, -0.665685995999979 ], [ 37.179231008000158, -0.666129628999897 ], [ 37.180042267000033, -0.661258830999941 ], [ 37.179369927000039, -0.657793863999871 ], [ 37.176995277000174, -0.656396194999957 ], [ 37.177047729000094, -0.65334951899996 ], [ 37.174495697000168, -0.64935382199991 ], [ 37.169017029000145, -0.647655736999923 ], [ 37.172186216000114, -0.640701030999935 ], [ 37.168564797000045, -0.63672530599996 ], [ 37.170482635000099, -0.630735515999959 ], [ 37.174995967000143, -0.630401934999895 ], [ 37.171558804000085, -0.626792383999941 ], [ 37.173166275000085, -0.620521634999875 ], [ 37.176469803000032, -0.618611044999909 ], [ 37.174175263000109, -0.617255925999871 ], [ 37.174193573000025, -0.615551042999925 ], [ 37.178756714000031, -0.613553722999882 ], [ 37.179072062000159, -0.603762735999965 ], [ 37.177708435000056, -0.5990774039999 ], [ 37.169466400000147, -0.596155774999943 ], [ 37.167846680000025, -0.59013303099988 ], [ 37.166007451000041, -0.5924530879999 ], [ 37.160243988, -0.59127716699993 ], [ 37.149920464000104, -0.579639061999956 ], [ 37.149056753000139, -0.571275690999869 ], [ 37.145813942000132, -0.570417090999968 ], [ 37.144193649000101, -0.56816153699998 ], [ 37.145036524000091, -0.560742337999898 ], [ 37.148154365000039, -0.562785366999947 ], [ 37.14978790300006, -0.552362279999954 ], [ 37.146457127000133, -0.543437344999916 ], [ 37.148008982000192, -0.537844240999959 ], [ 37.14532724999998, -0.52631605699986 ], [ 37.149761677000186, -0.520956068999908 ], [ 37.152433804000054, -0.523214325999902 ], [ 37.154537519000087, -0.523039357999892 ], [ 37.155717140000093, -0.518600204999871 ], [ 37.159693146000109, -0.521632980999868 ], [ 37.163484192000055, -0.521831130999942 ], [ 37.164691653000034, -0.518509489999929 ], [ 37.162364960000161, -0.519158371999936 ], [ 37.16213607800006, -0.51769691699991 ], [ 37.169528961000083, -0.512594103999959 ], [ 37.170713806000151, -0.508111279999923 ], [ 37.168810526000016, -0.502280254999846 ], [ 37.163811366000118, -0.498227347999887 ], [ 37.165722211000059, -0.495612106999943 ], [ 37.164039612000181, -0.493529334999835 ], [ 37.162048885000047, -0.494080063999945 ], [ 37.161668505000193, -0.491948480999952 ], [ 37.166969776000144, -0.485562026999901 ], [ 37.176847186000089, -0.481158881999932 ], [ 37.17552820800006, -0.441483944999902 ], [ 37.182196617000159, -0.437783029999935 ], [ 37.187572479000153, -0.440982718999919 ], [ 37.199165662000041, -0.438643871999943 ], [ 37.199294090000194, -0.42915318099989 ], [ 37.202716828000064, -0.426887775999944 ], [ 37.204986572000109, -0.421612441999912 ], [ 37.307811737000122, -0.149574070999961 ], [ 37.424948120000124, -0.42089317999995 ], [ 37.42623567600009, -0.431235231999949 ], [ 37.424150255000086, -0.434402726999963 ], [ 37.425033569, -0.436689018999914 ] ] ] } },
{ "type": "Feature", "properties": { "name": "Kisii" }, "geometry": { "type": "Polygon", "coordinates": [ [ [ 34.869065899000134, -0.517103936999945 ], [ 34.870865899000023, -0.534103936999941 ], [ 34.875865899000019, -0.544703936999895 ], [ 34.87636374200008, -0.554204123999909 ], [ 34.878465899000048, -0.556103936999932 ], [ 34.872865899000146, -0.572753936999959 ], [ 34.881065899000077, -0.58580393699998 ], [ 34.879628346000061, -0.590369869999847 ], [ 34.882465899000067, -0.592003936999959 ], [ 34.889891382000087, -0.602437859999952 ], [ 34.888915899000153, -0.609803936999867 ], [ 34.886765899000068, -0.611903936999965 ], [ 34.874771771000098, -0.60599272699983 ], [ 34.867465899000081, -0.606603936999932 ], [ 34.859559288000071, -0.602278063999961 ], [ 34.85426589900004, -0.597103936999872 ], [ 34.842402021000055, -0.595997723999915 ], [ 34.835865899000112, -0.601803936999886 ], [ 34.830373522000173, -0.614542351999887 ], [ 34.820489882000061, -0.624425598999949 ], [ 34.81355089900012, -0.635498936999852 ], [ 34.810710546000053, -0.642823040999929 ], [ 34.809665899000038, -0.656503936999911 ], [ 34.809465898999974, -0.660403936999899 ], [ 34.811865899000168, -0.663403936999885 ], [ 34.797065899000017, -0.663703936999923 ], [ 34.791565899000091, -0.665253936999932 ], [ 34.788992725000128, -0.672110355999962 ], [ 34.778615899000101, -0.67405393699994 ], [ 34.784365899000136, -0.677903936999883 ], [ 34.786465899000177, -0.674603936999972 ], [ 34.788965899000061, -0.675803936999955 ], [ 34.793065899000169, -0.682003936999934 ], [ 34.792918649000057, -0.685668997999926 ], [ 34.79538685700004, -0.687678201999915 ], [ 34.800739804000159, -0.68808464499989 ], [ 34.808565899000143, -0.685803936999832 ], [ 34.820381349000058, -0.69197945399992 ], [ 34.824265899000125, -0.702553936999891 ], [ 34.835015007000095, -0.706367428999954 ], [ 34.841958679000129, -0.714486171999965 ], [ 34.869109337, -0.733112716999869 ], [ 34.885367568000106, -0.740857398999935 ], [ 34.887610156000164, -0.743674793999901 ], [ 34.898693844000093, -0.746806014999891 ], [ 34.903465898999968, -0.750703936999912 ], [ 34.907965898999976, -0.75930393699997 ], [ 34.918775899000025, -0.758496702999878 ], [ 34.928965899000104, -0.764603936999833 ], [ 34.934215899000151, -0.764653936999878 ], [ 34.939265899000191, -0.769603936999886 ], [ 34.943365899000128, -0.771203936999939 ], [ 35.012825020000093, -0.887919667999881 ], [ 34.917165899000054, -0.910703936999937 ], [ 34.741765899000029, -0.955903936999903 ], [ 34.71546589899998, -0.961703936999925 ], [ 34.714765899000156, -0.960603936999973 ], [ 34.697665899000185, -0.966603936999888 ], [ 34.678765899000098, -0.971003936999978 ], [ 34.670565899000053, -0.969703936999906 ], [ 34.663365899000098, -0.970503936999933 ], [ 34.648965899000189, -0.963303936999978 ], [ 34.641465899000139, -0.966453936999926 ], [ 34.632665899000131, -0.963103936999971 ], [ 34.626765899000134, -0.953003936999949 ], [ 34.622565899000051, -0.941803936999975 ], [ 34.623310524000146, -0.922017747999973 ], [ 34.616965898999979, -0.892403936999926 ], [ 34.614465899000095, -0.888303936999876 ], [ 34.614465899000095, -0.880803936999826 ], [ 34.61694270400011, -0.871867372999816 ], [ 34.610865899000146, -0.857703936999883 ], [ 34.610465899000076, -0.84090393699995 ], [ 34.614865899000165, -0.839403936999872 ], [ 34.620765899000162, -0.840303936999931 ], [ 34.625065899000163, -0.827603936999935 ], [ 34.622565899000051, -0.822403936999933 ], [ 34.622665898999969, -0.790303936999976 ], [ 34.624265899000022, -0.784503936999954 ], [ 34.625865899000075, -0.754903936999881 ], [ 34.628065899000035, -0.751903936999838 ], [ 34.630165899000076, -0.738903936999975 ], [ 34.628365899000187, -0.734903936999956 ], [ 34.628465899000105, -0.728803936999896 ], [ 34.643030191000094, -0.704044513999975 ], [ 34.640215899000111, -0.700553936999881 ], [ 34.634668333000093, -0.660586086999899 ], [ 34.637165899000138, -0.658403936999889 ], [ 34.643115899000065, -0.632103936999954 ], [ 34.650608109000189, -0.621803197999952 ], [ 34.650565899000071, -0.615303936999908 ], [ 34.658565899000109, -0.603003936999869 ], [ 34.66026589900008, -0.603203936999932 ], [ 34.659365899000079, -0.601453936999974 ], [ 34.660965899000132, -0.602703936999944 ], [ 34.68516589900014, -0.600703936999935 ], [ 34.696285684000088, -0.588853430999961 ], [ 34.700808430000052, -0.576183585999956 ], [ 34.710415465000096, -0.565924760999962 ], [ 34.711165899000036, -0.558303936999948 ], [ 34.712865899000178, -0.557103936999965 ], [ 34.723665899000082, -0.559003936999943 ], [ 34.729065899000148, -0.555703936999919 ], [ 34.737916073000179, -0.557836889999919 ], [ 34.751083453000035, -0.55626606699991 ], [ 34.760387542000046, -0.547346020999953 ], [ 34.761383979000186, -0.542577227999971 ], [ 34.769015899000181, -0.532153936999975 ], [ 34.78076589900013, -0.533103936999964 ], [ 34.787650805000112, -0.531451106999896 ], [ 34.792065899000022, -0.527003936999904 ], [ 34.799665899000047, -0.525803936999921 ], [ 34.817519651000055, -0.517763940999941 ], [ 34.852265899000088, -0.508903936999957 ], [ 34.855775529000084, -0.503561528999967 ], [ 34.863865899000132, -0.501603936999913 ], [ 34.869849569000166, -0.505115037999929 ], [ 34.869065899000134, -0.517103936999945 ] ] ] } },
{ "type": "Feature", "properties": { "name": "Kisumu" }, "geometry": { "type": "Polygon", "coordinates": [ [ [ 34.806488176000073, -0.015917717999969 ], [ 34.808982986999979, -0.019834916999969 ], [ 34.827598629000192, -0.025760921999961 ], [ 34.880480666000039, -0.024328140999955 ], [ 34.891196912000112, -0.022753468999952 ], [ 34.908962721000023, -0.026049631999854 ], [ 34.920167708000179, -0.024015584999972 ], [ 34.921466482000142, -0.024431657999912 ], [ 34.919475676000104, -0.030865541999958 ], [ 34.923263952000184, -0.034154157999922 ], [ 34.933971405000193, -0.033702447999929 ], [ 34.954425812000181, -0.028328615999953 ], [ 34.952500915000144, -0.024780657999941 ], [ 34.956978798000193, -0.024107405999928 ], [ 34.964073181000174, -0.030280353999956 ], [ 34.978286743000069, -0.022150538999824 ], [ 34.988437653000119, -0.021592845999976 ], [ 34.98852539100011, -0.017143761999876 ], [ 35.00771904000004, -0.027479643999868 ], [ 35.007148743000187, -0.051738228999909 ], [ 35.059181212999988, -0.051806086999932 ], [ 35.060447693000185, -0.053832165999893 ], [ 35.059416453000097, -0.056743057999938 ], [ 35.061756134000177, -0.056544761999874 ], [ 35.065269470000089, -0.064634921999925 ], [ 35.074457169000084, -0.052755452999975 ], [ 35.08245658900006, -0.049626463999971 ], [ 35.083814621000158, -0.047022946999959 ], [ 35.086917877000076, -0.04724106599997 ], [ 35.08918476100007, -0.043487469999889 ], [ 35.092845917000091, -0.04194279799998 ], [ 35.096174717000054, -0.028023944999973 ], [ 35.101230621000184, -0.024889998999925 ], [ 35.103068352000093, -0.020989653999948 ], [ 35.101493835000156, -0.013363495999954 ], [ 35.102825165000127, -0.010543842999937 ], [ 35.100553513000136, -0.00552911699998 ], [ 35.102160136000123, -0.002150101999916 ], [ 35.147132874000079, -0.031241835999936 ], [ 35.151128769000024, -0.036319352999953 ], [ 35.155227661000026, -0.034130237999932 ], [ 35.158307393000143, -0.035010621999902 ], [ 35.16171646100014, -0.03004945899994 ], [ 35.161286163000057, -0.028350706999902 ], [ 35.166384888000096, -0.02983292599987 ], [ 35.173387527000159, -0.026337544999933 ], [ 35.177302467000061, -0.025730748999933 ], [ 35.179258728000036, -0.027653341999951 ], [ 35.181411743000069, -0.025008971999966 ], [ 35.182496071000116, -0.026747961999888 ], [ 35.187700272000029, -0.026706319999903 ], [ 35.194380760000115, -0.023601122999935 ], [ 35.199962616000107, -0.024342721999915 ], [ 35.202635447000034, -0.02686495099988 ], [ 35.206498146000172, -0.026242317999959 ], [ 35.210233053000024, -0.029783761999909 ], [ 35.215004921000116, -0.030668122999884 ], [ 35.216058095000051, -0.034196924999833 ], [ 35.218212128000175, -0.035129592999908 ], [ 35.2210909530001, -0.03398745699991 ], [ 35.221400261000099, -0.035153412999932 ], [ 35.226795197000058, -0.064920462999964 ], [ 35.22630214000003, -0.106924862999961 ], [ 35.234895581999979, -0.11792139399995 ], [ 35.253608757000165, -0.118323677999967 ], [ 35.270515442000033, -0.150020345999906 ], [ 35.272544729000174, -0.150538294999876 ], [ 35.278437042000178, -0.144112917999905 ], [ 35.296097084000166, -0.174087149999934 ], [ 35.330694828, -0.174708374999966 ], [ 35.331090538000069, -0.190417746999856 ], [ 35.34310802300007, -0.23556812299995 ], [ 35.341600165000045, -0.237915157999964 ], [ 35.324833455000089, -0.244050348999906 ], [ 35.321997366000176, -0.247106624999844 ], [ 35.324947366000174, -0.250556624999945 ], [ 35.320511178000118, -0.24622990499995 ], [ 35.313622156000122, -0.247082389999946 ], [ 35.306712455000138, -0.238624018999928 ], [ 35.302738569000155, -0.238694898999938 ], [ 35.299592972000028, -0.236207294999872 ], [ 35.286103783000101, -0.234599132999961 ], [ 35.269597578000116, -0.235482630999968 ], [ 35.262624363000043, -0.230643833999977 ], [ 35.260894775000111, -0.227851434999877 ], [ 35.263002396000161, -0.221722304999901 ], [ 35.254250844000069, -0.216997563999939 ], [ 35.247612953000043, -0.209059485999944 ], [ 35.248962651000113, -0.206828183999903 ], [ 35.245924667000111, -0.201541393999889 ], [ 35.242690086000096, -0.202146305999918 ], [ 35.240835939000078, -0.19851234999993 ], [ 35.23703255900017, -0.199275191999959 ], [ 35.235650106999969, -0.195021876999931 ], [ 35.232451038000079, -0.193278070999895 ], [ 35.226977010000098, -0.194833179999875 ], [ 35.219136361000039, -0.191771444999858 ], [ 35.21550464600017, -0.173450551999906 ], [ 35.204049773000179, -0.166985811999893 ], [ 35.203844377000053, -0.16415320599998 ], [ 35.197609075000173, -0.160770020999848 ], [ 35.19090374600006, -0.160803744999953 ], [ 35.186309497000138, -0.157627210999976 ], [ 35.184624990000088, -0.158574108999971 ], [ 35.18572389600007, -0.161244501999931 ], [ 35.182201251000038, -0.163132770999937 ], [ 35.170362473000125, -0.160968385999922 ], [ 35.166795095000055, -0.163527835999957 ], [ 35.167858124000134, -0.160316658999818 ], [ 35.164647103000107, -0.160290221999958 ], [ 35.156921555000054, -0.16401133099987 ], [ 35.145329211000103, -0.16014981099994 ], [ 35.140462875000026, -0.159384384999953 ], [ 35.13802892200016, -0.160819814999968 ], [ 35.133847824000043, -0.153807431999837 ], [ 35.127958298000181, -0.153779982999936 ], [ 35.10300148400006, -0.199720164999917 ], [ 35.07193374600007, -0.20724648199996 ], [ 35.063562663000141, -0.215565412999922 ], [ 35.057403170000043, -0.235290049999946 ], [ 35.055105380000043, -0.267807672999879 ], [ 35.052270164999982, -0.274959378999938 ], [ 35.04949330400018, -0.296411729999875 ], [ 35.046899534000147, -0.300599672999908 ], [ 35.023528468000166, -0.322202432999973 ], [ 35.007648048000192, -0.331386539999926 ], [ 35.005070278000062, -0.340256890999967 ], [ 35.006369273000189, -0.341846475999944 ], [ 35.004489708000165, -0.348637575999874 ], [ 35.005646393000063, -0.352435801999832 ], [ 35.00464478900011, -0.355734159999884 ], [ 35.006698608000136, -0.373370855999951 ], [ 35.010586251, -0.389253397999937 ], [ 35.00278397000011, -0.403321488999893 ], [ 34.997233620000031, -0.403591388999928 ], [ 34.989223032000154, -0.40677707499998 ], [ 34.986016083000152, -0.412038640999867 ], [ 34.983623813000065, -0.411274461999881 ], [ 34.982192993000183, -0.412598210999874 ], [ 34.974865275000127, -0.408124024999893 ], [ 34.967476270000134, -0.411399101999962 ], [ 34.964439291000076, -0.41002967799983 ], [ 34.964429215000166, -0.412190140999883 ], [ 34.959185121000019, -0.414030043999958 ], [ 34.957433779000098, -0.412960698999939 ], [ 34.950330274000066, -0.414271027999916 ], [ 34.939142516, -0.411379200999932 ], [ 34.935964029000047, -0.409146833999955 ], [ 34.930344236000167, -0.41003157699987 ], [ 34.929185486000051, -0.40080817199987 ], [ 34.914022064000051, -0.401251243999923 ], [ 34.913517331000151, -0.394340313999919 ], [ 34.915124061000029, -0.39334695499997 ], [ 34.916156956000123, -0.387226819999967 ], [ 34.914445073000138, -0.383798624999883 ], [ 34.900819605000038, -0.389412463999975 ], [ 34.897166780000077, -0.392478859999926 ], [ 34.89463688799998, -0.391793140999937 ], [ 34.888316078000173, -0.399095570999918 ], [ 34.885191743000178, -0.394175415999882 ], [ 34.878986629000167, -0.393911393999872 ], [ 34.877348871000152, -0.395620383999869 ], [ 34.866731006000123, -0.392384056999902 ], [ 34.862769338000078, -0.395207882999955 ], [ 34.85856899800018, -0.392757920999941 ], [ 34.859481812000013, -0.390537403999872 ], [ 34.839043874000083, -0.390797084999974 ], [ 34.83326262200012, -0.386371513999961 ], [ 34.823796045000108, -0.385747571999957 ], [ 34.822410779999984, -0.384525915999859 ], [ 34.824623112000097, -0.383590326999979 ], [ 34.825177132000078, -0.380645424999955 ], [ 34.821736125000029, -0.376949953999883 ], [ 34.822534563000033, -0.369513782999945 ], [ 34.820381148000138, -0.368843106999975 ], [ 34.817943970000101, -0.363126784999963 ], [ 34.810800985000128, -0.354378162999978 ], [ 34.810740702000032, -0.349827119999816 ], [ 34.807000536000032, -0.352699033999954 ], [ 34.799132831000179, -0.352531063999891 ], [ 34.796279790000085, -0.348488882999845 ], [ 34.790611137000099, -0.34602342099987 ], [ 34.793352637000112, -0.342178560999969 ], [ 34.792001805000098, -0.339646375999962 ], [ 34.788223002000166, -0.341329923999922 ], [ 34.785624906000123, -0.340065105999884 ], [ 34.785721766000108, -0.336404917999914 ], [ 34.783178778000035, -0.3315829309999 ], [ 34.785118532000126, -0.330009276999931 ], [ 34.790220533000138, -0.329678492999903 ], [ 34.784510943000043, -0.320517444999894 ], [ 34.781331060000127, -0.320247537999933 ], [ 34.779286149000086, -0.315640128999917 ], [ 34.775412279000022, -0.315698560999977 ], [ 34.768233144000135, -0.308646127999964 ], [ 34.765500574000157, -0.311162765999939 ], [ 34.762767029000031, -0.310138391999885 ], [ 34.760495322000111, -0.311791870999912 ], [ 34.757420284000034, -0.303962775999878 ], [ 34.758288303000029, -0.296921674999965 ], [ 34.755868784000086, -0.294533656999931 ], [ 34.755262461000143, -0.289846525999963 ], [ 34.705009459999985, -0.256758063999939 ], [ 34.530365293000102, -0.27063480399994 ], [ 34.483092932000034, -0.298631745999955 ], [ 34.431836673000021, -0.145042931999853 ], [ 34.425606173, -0.119899237999903 ], [ 34.415065899000126, -0.094003936999968 ], [ 34.416036418000033, -0.078581769999971 ], [ 34.424993515000153, -0.066860172999952 ], [ 34.43084318200016, -0.063579297999979 ], [ 34.431314656000097, -0.061520314999882 ], [ 34.445097647000182, -0.054477710999947 ], [ 34.454524642000081, -0.046446770999978 ], [ 34.470747016000132, -0.040008617999945 ], [ 34.484503028000177, -0.03113709299987 ], [ 34.529615410000133, -0.019240603999947 ], [ 34.533028252000065, -0.014140243999975 ], [ 34.537940166000055, -0.017414463999899 ], [ 34.541792791000034, -0.017582197999957 ], [ 34.547676650000085, -0.021849523999947 ], [ 34.551301539000065, -0.02096677399993 ], [ 34.554994405000059, -0.017275525999878 ], [ 34.563041498000018, -0.017353420999939 ], [ 34.564078872000096, -0.018041149999874 ], [ 34.561116006000077, -0.020512098999973 ], [ 34.564010722000091, -0.023200274999908 ], [ 34.563857679000137, -0.026357085999962 ], [ 34.560534916000108, -0.029320764999966 ], [ 34.560827979000123, -0.033672503999981 ], [ 34.564026580000188, -0.038471319999928 ], [ 34.565249747000053, -0.039850271999967 ], [ 34.570301800000152, -0.036317763999875 ], [ 34.576664990000154, -0.035654472999909 ], [ 34.583037221999973, -0.031297724999945 ], [ 34.582990915000153, -0.024279773999979 ], [ 34.586109723000106, -0.020546638999974 ], [ 34.589998614000081, -0.00677679599994 ], [ 34.591717242000186, -0.005087205999928 ], [ 34.58897964200014, 0.002511891999973 ], [ 34.602476497000168, 0.01334371400003 ], [ 34.608359656000118, 0.005366251000169 ], [ 34.613529331000052, 0.004816325000149 ], [ 34.613137944000073, 0.002023085000133 ], [ 34.627612020000072, 0.00486150200004 ], [ 34.633044132000066, 0.00213278800004 ], [ 34.637394831000108, 0.001857037999969 ], [ 34.639987603, -0.00064829899992 ], [ 34.671346401000108, -0.013436353999907 ], [ 34.688474892000102, -0.008972509999978 ], [ 34.693258667, -0.013040304999947 ], [ 34.687576267000054, -0.023288590999925 ], [ 34.688774706000174, -0.023656365999898 ], [ 34.695752267000103, -0.017725462999977 ], [ 34.70966474800008, -0.018697110999881 ], [ 34.71563270200005, -0.007692003999978 ], [ 34.725818613, -0.003605661999927 ], [ 34.731681354000102, -0.010067777999893 ], [ 34.739707816000191, -0.023329210999918 ], [ 34.741226036000057, -0.021756705999906 ], [ 34.747294984000177, -0.021680588999914 ], [ 34.750974875000111, -0.031777144999978 ], [ 34.761385598000061, -0.020839407999972 ], [ 34.764177323000183, -0.014587920999816 ], [ 34.770609101000161, -0.015571764999947 ], [ 34.774861960000067, -0.014123351999899 ], [ 34.780656802000124, -0.016271562999918 ], [ 34.78618807800018, -0.005472771999962 ], [ 34.801600220000125, 0.008860343000094 ], [ 34.809962699000039, 0.012603416000104 ], [ 34.81895382200014, 0.023160239000049 ], [ 34.830679846000123, 0.025650060999965 ], [ 34.809714079000116, -0.004323779999936 ], [ 34.808825348000028, -0.009254448999855 ], [ 34.809966602000145, -0.01244106099989 ], [ 34.806488176000073, -0.015917717999969 ] ] ] } },
{ "type": "Feature", "properties": { "name": "Kitui" }, "geometry": { "type": "Polygon", "coordinates": [ [ [ 38.329761505000079, -0.068381107999926 ], [ 38.333278657000108, -0.067340913999942 ], [ 38.338338852000049, -0.062556504999918 ], [ 38.345024109000121, -0.062391202999947 ], [ 38.367681504000132, -0.078863862999867 ], [ 38.376972198000033, -0.081425994999961 ], [ 38.382160187000181, -0.087327196999979 ], [ 38.385932922000165, -0.086351140999966 ], [ 38.39046573600001, -0.081112686999973 ], [ 38.39285278300008, -0.07356329199996 ], [ 38.40377044700017, -0.076367787999857 ], [ 38.415260315000126, -0.073883071999887 ], [ 38.419552872000111, -0.070364839999911 ], [ 38.677795396000079, -0.510352130999877 ], [ 38.806358328999977, -0.726329686999975 ], [ 38.96179246500003, -1.05276304299997 ], [ 38.999429977000034, -1.678628702999958 ], [ 38.996693414, -1.680341455999837 ], [ 38.99498303200005, -1.684657631999926 ], [ 38.988755536000156, -1.686076329999878 ], [ 38.987257006000107, -1.689866426999856 ], [ 38.979839322000146, -1.688911927999925 ], [ 38.978219416, -1.691893849999929 ], [ 38.972269035000181, -1.692637557999888 ], [ 38.963716028000135, -1.697562540999968 ], [ 38.957913467000083, -1.703159117999974 ], [ 39.013686317000122, -1.915024660999904 ], [ 38.999584196000114, -1.945804367999926 ], [ 38.796466403000068, -2.34074211099994 ], [ 38.78985372600016, -2.342524525999977 ], [ 38.78816604400015, -2.351000360999933 ], [ 38.783505757000114, -2.354851721999921 ], [ 38.770112272000119, -2.35285979299988 ], [ 38.762110460000088, -2.354792483999915 ], [ 38.756494149000162, -2.361443096999949 ], [ 38.753372734000095, -2.360932930999923 ], [ 38.751804953000146, -2.362852726999961 ], [ 38.745348670000169, -2.364882189999946 ], [ 38.738258356000074, -2.364381550999894 ], [ 38.733919157000116, -2.371758519999901 ], [ 38.733245669000041, -2.37841850999996 ], [ 38.723725640000055, -2.384550690999902 ], [ 38.722490201000085, -2.3884675299999 ], [ 38.717720043000099, -2.389438011999971 ], [ 38.715334326000118, -2.39213295199994 ], [ 38.715542029000176, -2.395269824999957 ], [ 38.70292588000018, -2.401031271999898 ], [ 38.703903816000093, -2.404203379999899 ], [ 38.695171357000106, -2.409659857999827 ], [ 38.661088797000048, -2.418000141999869 ], [ 38.643447252000101, -2.417988187999867 ], [ 38.63763236900013, -2.41546253599995 ], [ 38.633989897, -2.41648012099995 ], [ 38.63151104700006, -2.412211187999958 ], [ 38.626371395000092, -2.41109900299989 ], [ 38.623676301000046, -2.412497589999873 ], [ 39.075652634000051, -3.040864854999938 ], [ 39.062386345999982, -3.041031245999932 ], [ 39.053874609000161, -3.033293287999868 ], [ 39.045922907000033, -3.031287648999921 ], [ 39.044472208000172, -3.027661739999928 ], [ 39.045404151000071, -3.021099021999873 ], [ 39.036952657000143, -3.024996746999875 ], [ 39.025530269000058, -3.020646032999878 ], [ 39.014056149000169, -3.025309548999928 ], [ 38.992045089999976, -3.025709270999869 ], [ 38.98932959800004, -3.027175279999938 ], [ 38.98557624700004, -3.033615929999939 ], [ 38.976208693, -3.039315939999938 ], [ 38.952421567000044, -3.038460918999874 ], [ 38.937182649000022, -3.034402214999943 ], [ 38.931938775000106, -3.039944677999813 ], [ 38.925292416000104, -3.039752303999876 ], [ 38.912363894000066, -3.042985739999892 ], [ 38.902575647000162, -3.042153022999912 ], [ 38.898877569000035, -3.038184089999959 ], [ 38.89297275500013, -3.037816756999973 ], [ 38.862516706000065, -3.057386412999904 ], [ 38.847412467000083, -3.060770819999902 ], [ 38.845297975000108, -3.055463871999905 ], [ 38.84112167800015, -3.053505605999874 ], [ 38.835730566000109, -3.059480737999934 ], [ 38.826292474000127, -3.060637418999875 ], [ 38.819406871000126, -3.067196236999962 ], [ 38.803596716000015, -3.068238375999954 ], [ 38.798922461000075, -3.066271966999977 ], [ 38.798357571000054, -3.059750036999901 ], [ 38.80211512, -3.057747193999944 ], [ 38.808169944000042, -3.059148003999837 ], [ 38.809879833000025, -3.05592053099997 ], [ 38.809056127000133, -3.052923419999956 ], [ 38.797747864000144, -3.051507537999953 ], [ 38.78886974500017, -3.047627809999938 ], [ 38.778738465000174, -3.047766567999872 ], [ 38.774395447000188, -3.043517224999903 ], [ 38.768023816000152, -3.043237734999877 ], [ 38.757064061000051, -3.046672569999942 ], [ 38.732509259000039, -3.041990312999872 ], [ 38.724078494000139, -3.036885435999977 ], [ 38.706746535000036, -3.031484920999901 ], [ 38.694644483000047, -3.035520247999841 ], [ 38.682078848000117, -3.034988845999919 ], [ 38.665478328000063, -3.039317030999939 ], [ 38.662969802000191, -3.035933033999868 ], [ 38.660990868000056, -3.028619165999942 ], [ 38.653889516999982, -3.025111716999902 ], [ 38.650739515000168, -3.019998761999886 ], [ 38.643118952000123, -3.012911453999948 ], [ 38.635485759000119, -3.010816417999877 ], [ 38.629085378000184, -3.011871062999944 ], [ 38.625151433000042, -3.009950018999973 ], [ 38.617236851000143, -3.00978701199989 ], [ 38.613515274000122, -3.007220290999953 ], [ 38.608421713000155, -3.006514716999959 ], [ 38.606144353000161, -3.004026369999849 ], [ 38.609178531000055, -2.996502155999906 ], [ 38.608335646, -2.994704220999893 ], [ 38.602101428000083, -2.998557949999906 ], [ 38.59461165200014, -2.999172131999842 ], [ 38.583475743000065, -2.987327009999944 ], [ 38.558792730000107, -2.985818552999945 ], [ 38.550300803000141, -2.98051252199997 ], [ 38.543854715000066, -2.979600368999968 ], [ 38.538047790000178, -2.973508351999953 ], [ 38.530698133000044, -2.97592844299993 ], [ 38.52635123500005, -2.974144968999951 ], [ 38.516601562000119, -2.973893403999909 ], [ 38.510519664000128, -2.965602476999948 ], [ 38.508175532000166, -2.964549660999978 ], [ 38.504781087000026, -2.965694744999951 ], [ 38.497932010000113, -2.955742597999858 ], [ 38.492247963000068, -2.955646526999885 ], [ 38.493342590000168, -2.950048994999861 ], [ 38.488260142000115, -2.94340879899994 ], [ 38.487613106000026, -2.936692201999961 ], [ 38.475830555000073, -2.936083793999956 ], [ 38.474232992000168, -2.926170309999975 ], [ 38.466294765000157, -2.90879827699996 ], [ 38.460849762, -2.902494334999972 ], [ 38.461209107000172, -2.896727990999977 ], [ 38.450662401000102, -2.89312990499991 ], [ 38.451244736000035, -2.888769328999899 ], [ 38.455002308000076, -2.884026526999946 ], [ 38.454304695000189, -2.881163238999932 ], [ 38.451486799000065, -2.878962648999845 ], [ 38.445068359000174, -2.879976331999956 ], [ 38.443373108000117, -2.878852652999967 ], [ 38.445770264000032, -2.868915605999973 ], [ 38.438282967000077, -2.86394977599997 ], [ 38.438770930000032, -2.856269597999926 ], [ 38.432131631, -2.855086530999813 ], [ 38.427906990000167, -2.849547176999977 ], [ 38.431365172000085, -2.841361914999936 ], [ 38.426728948, -2.827432846999955 ], [ 38.426671709000175, -2.819394519999832 ], [ 38.425377846000117, -2.817009925999969 ], [ 38.419564056000127, -2.814554929999872 ], [ 38.418210166000051, -2.811409472999969 ], [ 38.421885490000193, -2.805288135999888 ], [ 38.423286438000105, -2.795601546999933 ], [ 38.431256612000027, -2.791529654999977 ], [ 38.431821442, -2.786817407999933 ], [ 38.426929855000026, -2.778310012999896 ], [ 38.420397186000173, -2.759664487999942 ], [ 38.413628578000043, -2.750014423999971 ], [ 38.40965557100003, -2.735222875999909 ], [ 38.404368718000171, -2.727112292999948 ], [ 38.396471500000132, -2.705839931999947 ], [ 38.392169953000064, -2.698422868999899 ], [ 38.385556115000156, -2.67679288599993 ], [ 38.381568909000123, -2.669714450999834 ], [ 38.382185618000051, -2.663236021999978 ], [ 38.367261887000097, -2.650348901999962 ], [ 38.36785278300016, -2.64265208199987 ], [ 38.362202454000112, -2.637104606999969 ], [ 38.362166882000167, -2.630826889999867 ], [ 38.35289818900003, -2.605227265999872 ], [ 38.349101257000143, -2.598957251999934 ], [ 38.347392559000127, -2.589420794999967 ], [ 38.338812510000139, -2.58511614799994 ], [ 38.334856669000146, -2.568936983999947 ], [ 38.331506457000046, -2.562426021999897 ], [ 38.337564468000096, -2.557965099999933 ], [ 38.33813018799998, -2.555240725999965 ], [ 38.331894684000076, -2.550540780999825 ], [ 38.322384198000123, -2.547346392999941 ], [ 38.323134286000027, -2.541111434999891 ], [ 38.319423676000156, -2.535443210999972 ], [ 38.321497599000054, -2.529474416999903 ], [ 38.317320688000052, -2.523909568999898 ], [ 38.317006683000102, -2.515707945999964 ], [ 38.312290955000151, -2.511978339999928 ], [ 38.311851501000035, -2.501761401999943 ], [ 38.302236175000075, -2.498256682999966 ], [ 38.298861980000083, -2.493859439999937 ], [ 38.296589661000098, -2.487113284999964 ], [ 38.288328171000046, -2.48273599099997 ], [ 38.282650948000082, -2.452129184999933 ], [ 38.280336952000141, -2.448035251999954 ], [ 38.274038315000041, -2.423974811999869 ], [ 38.259335995000015, -2.419893472999945 ], [ 38.251945496000076, -2.420315861999882 ], [ 38.247345924000172, -2.416898369999956 ], [ 38.244567235000034, -2.412240147999967 ], [ 38.236180623000109, -2.409394104999933 ], [ 38.231896082999981, -2.401854872999934 ], [ 38.222603934000063, -2.399277822999863 ], [ 38.211077372000091, -2.355266649999976 ], [ 38.197855949000086, -2.353220164999925 ], [ 38.196132660000046, -2.348745958999928 ], [ 38.188102722000053, -2.339648484999941 ], [ 38.183363342000121, -2.337821196999926 ], [ 38.173519135000163, -2.338016747999916 ], [ 38.15248584700015, -2.327824085999907 ], [ 38.146833420000064, -2.32091265899993 ], [ 38.137047359000121, -2.320521093999957 ], [ 38.127913157000194, -2.322101433999819 ], [ 38.117080687999987, -2.313785552999832 ], [ 38.115689595000106, -2.303291240999897 ], [ 38.109377543000107, -2.300618449999888 ], [ 38.111193657000058, -2.285834013999931 ], [ 38.101660728000127, -2.281813799999895 ], [ 38.097730001000059, -2.273136138999917 ], [ 38.091047287000094, -2.273452639999903 ], [ 38.087073008000175, -2.271633385999905 ], [ 38.08357238800005, -2.26176518199992 ], [ 38.080911255000046, -2.260549640999898 ], [ 38.075566610000067, -2.261365015999957 ], [ 38.076371892000054, -2.25517218899995 ], [ 38.072598775000074, -2.251254359999962 ], [ 38.069043159000046, -2.22504609799995 ], [ 38.064041138000164, -2.222762965999891 ], [ 38.063261032000071, -2.22097900499989 ], [ 38.06437397000019, -2.218217670999934 ], [ 38.070399390000091, -2.214425854999945 ], [ 38.063148499000135, -2.210650840999961 ], [ 38.060027652000088, -2.206448395999871 ], [ 38.055733272000055, -2.195458105999933 ], [ 38.054740701000071, -2.187051449999899 ], [ 38.048277664000068, -2.180230545999962 ], [ 38.050657272000137, -2.172854125999891 ], [ 38.048502604000021, -2.168593406999889 ], [ 38.043267886000194, -2.166237353999918 ], [ 38.036858368000082, -2.166529750999928 ], [ 38.027652741000054, -2.161918321999963 ], [ 38.024574280000138, -2.156949082999915 ], [ 38.02239227300015, -2.148142337999843 ], [ 38.020413717000054, -2.146743495999829 ], [ 38.00964202900019, -2.151687144999926 ], [ 37.991026878000127, -2.156675218999908 ], [ 37.981534322000073, -2.161578575999897 ], [ 37.974270629999978, -2.16325287799998 ], [ 37.97009531700013, -2.166791835999959 ], [ 37.967010498000036, -2.167061566999962 ], [ 37.964599609000174, -2.16452821099989 ], [ 37.965130329000033, -2.155487894999908 ], [ 37.963244302000192, -2.143166439999959 ], [ 37.958934784000121, -2.14022916599987 ], [ 37.953790937000065, -2.13284001999989 ], [ 37.957296371000041, -2.11266815699986 ], [ 37.956626224000104, -2.108007645999976 ], [ 37.959664277000172, -2.10193692799993 ], [ 37.957925796000154, -2.094436108999901 ], [ 37.96036148100012, -2.078957000999822 ], [ 37.959232330000077, -2.064166108999927 ], [ 37.954635620000033, -2.057726689999924 ], [ 37.955409241000041, -2.049469518999842 ], [ 37.951270421000061, -2.037445008999953 ], [ 37.94928169300016, -2.035864352999909 ], [ 37.944085757000153, -2.037326494999832 ], [ 37.939123154000129, -2.033114710999939 ], [ 37.942412059000048, -2.02928537799994 ], [ 37.943888187000141, -2.022834798999895 ], [ 37.939058304000071, -2.019539062999968 ], [ 37.941189448000046, -2.011299669999914 ], [ 37.936199888000033, -2.007897078999861 ], [ 37.937389851000148, -2.001597761999903 ], [ 37.928534699000068, -1.995432449999953 ], [ 37.930205854, -1.990911288999882 ], [ 37.925205231000064, -1.985591485999919 ], [ 37.916559855000116, -1.958796480999979 ], [ 37.914038386000129, -1.954853885999967 ], [ 37.916777039000124, -1.948281550999923 ], [ 37.914809545000026, -1.940284529999929 ], [ 37.909557978000123, -1.933795630999953 ], [ 37.912307738999971, -1.926124121999976 ], [ 37.910691155000166, -1.920390804999897 ], [ 37.913028172000168, -1.916628411999966 ], [ 37.913083757999971, -1.91308069199988 ], [ 37.918209924000109, -1.908950580999942 ], [ 37.918705940000109, -1.903009026999939 ], [ 37.915363312000125, -1.901772856999969 ], [ 37.907839639000144, -1.903580648999821 ], [ 37.905799866000052, -1.902196555999979 ], [ 37.907067776000133, -1.892735927999922 ], [ 37.899061584000094, -1.86847028699998 ], [ 37.901485443000183, -1.863321879999887 ], [ 37.893480301000068, -1.858650505999947 ], [ 37.888922010000101, -1.859515870999928 ], [ 37.887205442000038, -1.857998604999977 ], [ 37.884883118000062, -1.849843453999881 ], [ 37.887308757000142, -1.843677480999872 ], [ 37.892900213000019, -1.841469637999978 ], [ 37.892581940000071, -1.838373263999927 ], [ 37.887201309000147, -1.833115716999885 ], [ 37.880882422000184, -1.831584015999965 ], [ 37.867491913000038, -1.815698742999928 ], [ 37.848806381000145, -1.797805020999931 ], [ 37.839641571000186, -1.780321788999913 ], [ 37.840632545000119, -1.775795154999855 ], [ 37.83918507900006, -1.771541886999898 ], [ 37.841080802000135, -1.76691008499995 ], [ 37.846365792000086, -1.766591974999812 ], [ 37.850269953000122, -1.769240895999872 ], [ 37.85137049400015, -1.768536865999977 ], [ 37.852972665999971, -1.766173083999945 ], [ 37.852133857000126, -1.764519174999975 ], [ 37.85455491800019, -1.763423376999924 ], [ 37.853977585000109, -1.75755318399996 ], [ 37.855948925000121, -1.753974067999934 ], [ 37.854090118999977, -1.750936960999923 ], [ 37.85450659900016, -1.746173076999924 ], [ 37.850603739000178, -1.730228079999847 ], [ 37.845066547000158, -1.723305582999956 ], [ 37.845198198000105, -1.71231010799994 ], [ 37.84251499200019, -1.710015713999894 ], [ 37.834902082000156, -1.709268314999974 ], [ 37.838101196000025, -1.699120234999896 ], [ 37.836476803000153, -1.69430641799994 ], [ 37.837373098000171, -1.689539498999977 ], [ 37.832655668000086, -1.68884973999991 ], [ 37.830679576000193, -1.680760542999963 ], [ 37.825192769000182, -1.682360653999922 ], [ 37.81993420900011, -1.680036921999942 ], [ 37.822585042000128, -1.669820558999902 ], [ 37.821032333000176, -1.664868525999907 ], [ 37.813876343000175, -1.661359333999883 ], [ 37.808604922000029, -1.65432270499997 ], [ 37.805145688000152, -1.653240799999878 ], [ 37.806050777000166, -1.648751139999945 ], [ 37.801325162000069, -1.647562473999926 ], [ 37.803832054000168, -1.642187818999844 ], [ 37.800971985000047, -1.634739736999961 ], [ 37.797533417000125, -1.63156478399992 ], [ 37.796207809, -1.627226177999944 ], [ 37.792888006000055, -1.626291493999872 ], [ 37.791851997000037, -1.620177149999961 ], [ 37.787536621000015, -1.613032204999968 ], [ 37.78436686200007, -1.611325084999919 ], [ 37.783061028000191, -1.605036759999848 ], [ 37.775914192000187, -1.594122379999874 ], [ 37.776303291000147, -1.591063633999852 ], [ 37.772622681000087, -1.586570214999938 ], [ 37.772655487000122, -1.583588579999969 ], [ 37.766029357999969, -1.581512490999955 ], [ 37.760061264000171, -1.575985610999908 ], [ 37.757621765000067, -1.569973746999949 ], [ 37.751823425000111, -1.562312960999975 ], [ 37.750333786, -1.554355203999876 ], [ 37.742572784, -1.553288419999888 ], [ 37.734464645000173, -1.544213294999963 ], [ 37.724672318000046, -1.528653144999851 ], [ 37.724157969000032, -1.524235844999851 ], [ 37.720321655000077, -1.5223978759999 ], [ 37.713967006000189, -1.510002175999944 ], [ 37.706504822000056, -1.506831228999943 ], [ 37.701236725000172, -1.507806539999933 ], [ 37.695107894000103, -1.497570551999956 ], [ 37.701484680000135, -1.491017460999899 ], [ 37.707182566000142, -1.488815307999971 ], [ 37.712850571000104, -1.48851406599988 ], [ 37.718683243000044, -1.492773115999967 ], [ 37.727012634000062, -1.493423342999904 ], [ 37.732635498000093, -1.496076344999949 ], [ 37.761341095000148, -1.488124727999832 ], [ 37.773848216000147, -1.486322640999958 ], [ 37.779487610000103, -1.478469013999927 ], [ 37.780996323000124, -1.470913707999955 ], [ 37.78878402700002, -1.465306639999937 ], [ 37.797855377000076, -1.455510913999888 ], [ 37.808631897, -1.448020100999884 ], [ 37.818859100000054, -1.446568726999942 ], [ 37.816278458000056, -1.443551450999962 ], [ 37.818127768000124, -1.441822085999888 ], [ 37.812896728, -1.43859088399995 ], [ 37.81359100300017, -1.434112 ], [ 37.811776638000083, -1.429072781999878 ], [ 37.812774658000023, -1.426625767999951 ], [ 37.810258865000151, -1.424143492999974 ], [ 37.81034135800013, -1.420349761999887 ], [ 37.807704926000156, -1.418295680999904 ], [ 37.80471420300006, -1.394138216999977 ], [ 37.798372269000083, -1.395609020999814 ], [ 37.799174309000136, -1.392297178999968 ], [ 37.797252655000136, -1.38764584099988 ], [ 37.791686058000096, -1.381942539999955 ], [ 37.789831352000078, -1.375206696999953 ], [ 37.785643895000135, -1.375403125999981 ], [ 37.784084829000051, -1.371079750999911 ], [ 37.781326294000166, -1.371748685999933 ], [ 37.775673390000179, -1.36004012799998 ], [ 37.77340698200004, -1.360512494999966 ], [ 37.768302917000085, -1.357044696999935 ], [ 37.766119194000112, -1.357305812999869 ], [ 37.765660858000047, -1.354884701999936 ], [ 37.760045052000066, -1.354787259999966 ], [ 37.755724589000124, -1.357096721999881 ], [ 37.754065037000089, -1.354795828999954 ], [ 37.74939600600004, -1.357461978999936 ], [ 37.744781494000165, -1.35632881499987 ], [ 37.745878601000072, -1.353263329999891 ], [ 37.744281133000072, -1.349782059999882 ], [ 37.739881897000032, -1.347592138999971 ], [ 37.738001823000104, -1.342111090999879 ], [ 37.732601166000109, -1.34111344799993 ], [ 37.732500076000065, -1.335841178999885 ], [ 37.724056244000053, -1.322036861999891 ], [ 37.725538889000063, -1.319608131999928 ], [ 37.723944187000143, -1.316887795999946 ], [ 37.724997711000071, -1.313541173999965 ], [ 37.721632004000014, -1.31192576899997 ], [ 37.717138290000037, -1.302624905999949 ], [ 37.717350006000117, -1.299516935999918 ], [ 37.713664373000086, -1.298463423999976 ], [ 37.713612873999978, -1.29029063899992 ], [ 37.708554404000154, -1.288563404999934 ], [ 37.707400322000069, -1.281850665999968 ], [ 37.70244089800002, -1.274444659999858 ], [ 37.702612305000116, -1.271996378999972 ], [ 37.698636373000113, -1.270808497999894 ], [ 37.696896235, -1.268264352999893 ], [ 37.697787476000144, -1.265691732999926 ], [ 37.694081624000091, -1.257602591999955 ], [ 37.693560600000183, -1.249137997999924 ], [ 37.689130783, -1.248183210999969 ], [ 37.690751648000116, -1.246850847999951 ], [ 37.688123702999974, -1.244909971999959 ], [ 37.689439392000054, -1.241562103999968 ], [ 37.687840462000111, -1.238484233999941 ], [ 37.684284210000044, -1.234112500999913 ], [ 37.678325653000059, -1.233245610999859 ], [ 37.676053365000143, -1.231445709999946 ], [ 37.675401052000097, -1.229047456999979 ], [ 37.667568970000048, -1.221656536999944 ], [ 37.665652513000055, -1.218491896999922 ], [ 37.666495323000163, -1.216463401999874 ], [ 37.6638120020001, -1.21579652999992 ], [ 37.661324310000111, -1.210350655999832 ], [ 37.657034874000146, -1.206923841999981 ], [ 37.654763794000132, -1.200254082999948 ], [ 37.649923325000145, -1.197230696999895 ], [ 37.638513565000039, -1.168726324999909 ], [ 37.634473165000031, -1.16134297799988 ], [ 37.626241032000053, -1.152112695999904 ], [ 37.625830332000191, -1.14914325899997 ], [ 37.620814532000111, -1.14445675699983 ], [ 37.611017812000114, -1.140404991999958 ], [ 37.60610516100013, -1.142329510999957 ], [ 37.604106903000172, -1.140330850999931 ], [ 37.601776123000093, -1.132314999999835 ], [ 37.597708977000025, -1.130707518999941 ], [ 37.595709852000084, -1.086816011999929 ], [ 37.733562469000162, -1.080048202999876 ], [ 37.793742923000025, -1.125181779999821 ], [ 37.798874537000074, -1.117751160999887 ], [ 37.801586151000038, -1.117000460999975 ], [ 37.802629089, -1.110882639999943 ], [ 37.80774307300004, -1.099537878999968 ], [ 37.808202108000103, -1.092056532999948 ], [ 37.818902969000021, -1.079853892999949 ], [ 37.820575714000142, -1.07088515199996 ], [ 37.827669462000188, -1.070930321999867 ], [ 37.8310709000001, -1.068267404999915 ], [ 37.840363503000049, -1.052058249999902 ], [ 37.843446732000189, -1.05128610099996 ], [ 37.84592895500009, -1.047344332999955 ], [ 37.848229599000035, -1.041257059999907 ], [ 37.84633255, -1.029400586999884 ], [ 37.848740896000152, -1.026355981999927 ], [ 37.851048787000082, -1.003324845999941 ], [ 37.84687233000011, -0.999133780999898 ], [ 37.84617233299997, -0.995076179999899 ], [ 37.850255694000055, -0.994185583999922 ], [ 37.849825541000087, -0.990859150999938 ], [ 37.853928884000084, -0.986716786999978 ], [ 37.858476639, -0.985691626999881 ], [ 37.861112595000179, -0.982617049999931 ], [ 37.865520477000189, -0.982572912999956 ], [ 37.862324523999973, -0.980032073999951 ], [ 37.86257600800019, -0.978460847999941 ], [ 37.867948532000071, -0.977763697999933 ], [ 37.86804056200009, -0.974180519999948 ], [ 37.866001892000156, -0.972825037999939 ], [ 37.862472534000176, -0.97394666699995 ], [ 37.86369984900017, -0.969011312999953 ], [ 37.857531547000178, -0.965888107999945 ], [ 37.852813721000075, -0.966615219999937 ], [ 37.844506836000107, -0.963827001999903 ], [ 37.850694021000038, -0.960907240999916 ], [ 37.851312637000035, -0.959251217999963 ], [ 37.852361679000182, -0.962137817999974 ], [ 37.854059601000131, -0.962312018999967 ], [ 37.853818893000096, -0.958396642999958 ], [ 37.849122047000151, -0.952572553999971 ], [ 37.851283482000042, -0.950496213999941 ], [ 37.846316020000074, -0.947282095999924 ], [ 37.848310471000161, -0.943860500999961 ], [ 37.846316020000074, -0.941113074999862 ], [ 37.849920273000123, -0.941649212999891 ], [ 37.852237224000078, -0.938939026999833 ], [ 37.851725578000185, -0.935796498999878 ], [ 37.84878082299997, -0.936186444999976 ], [ 37.850874583000063, -0.932857672999887 ], [ 37.846223450000025, -0.928176021999946 ], [ 37.841680527000108, -0.927469923999979 ], [ 37.844295502000023, -0.924066821999872 ], [ 37.840526581000063, -0.923687383999834 ], [ 37.842695872000036, -0.919912893999879 ], [ 37.837861252000039, -0.920207982999955 ], [ 37.838460541000188, -0.909848963999877 ], [ 37.833237648000136, -0.912576220999938 ], [ 37.833242416000132, -0.907783537999933 ], [ 37.83692016599997, -0.907004689999894 ], [ 37.836931864000064, -0.905553539999914 ], [ 37.830619812000066, -0.905179857999883 ], [ 37.829893748000188, -0.902509510999948 ], [ 37.824718475000168, -0.900054692999959 ], [ 37.818681717000061, -0.900095760999875 ], [ 37.818599700999982, -0.89598289099996 ], [ 37.822519938000084, -0.895082214999945 ], [ 37.824164391000181, -0.890985063999949 ], [ 37.822233836000066, -0.89084324199996 ], [ 37.82160313900016, -0.885056375999966 ], [ 37.819905281000047, -0.883240870999941 ], [ 37.822019577000162, -0.882079123999972 ], [ 37.821635246000085, -0.87973320499998 ], [ 37.825691985999981, -0.87537223999982 ], [ 37.824180603000116, -0.872604558999967 ], [ 37.82723871900015, -0.872423509999976 ], [ 37.826033274000167, -0.866798559999893 ], [ 37.831507683000041, -0.864439829999981 ], [ 37.831001282000159, -0.862265705999846 ], [ 37.828446387999975, -0.86082383999991 ], [ 37.829619884000124, -0.857480160999842 ], [ 37.832642364000094, -0.857579540999893 ], [ 37.832941437000045, -0.854943310999886 ], [ 37.831004143000143, -0.854021339999917 ], [ 37.836279551000189, -0.851574748999894 ], [ 37.838172913000164, -0.848354517999894 ], [ 37.837014198000134, -0.845301120999977 ], [ 37.84173838300012, -0.844619631999876 ], [ 37.844631672000162, -0.841902426999923 ], [ 37.841486613000086, -0.840116341999931 ], [ 37.840994517000013, -0.83497282799982 ], [ 37.848970413000075, -0.832702487999882 ], [ 37.845621109000035, -0.827633350999974 ], [ 37.847601573000134, -0.824707527999919 ], [ 37.847188677000076, -0.820835964999958 ], [ 37.843377431000192, -0.818678845999898 ], [ 37.845902443000057, -0.813770442999953 ], [ 37.844915830000048, -0.811426547999872 ], [ 37.854799271000047, -0.809857159999979 ], [ 37.861033440000085, -0.811690627999894 ], [ 37.866277695000122, -0.80975422299997 ], [ 37.870802561000062, -0.810586829999977 ], [ 37.87783050500019, -0.806203066999956 ], [ 37.880571365000094, -0.807618349999927 ], [ 37.884288788000106, -0.807026475999976 ], [ 37.883518219000052, -0.801365136999891 ], [ 37.879825592000145, -0.797595172999877 ], [ 37.879675547000033, -0.791809498999896 ], [ 37.882861455000068, -0.789270450999879 ], [ 37.884296099000096, -0.781764859999896 ], [ 37.892910004000044, -0.779401689999929 ], [ 37.890757243000166, -0.767482856999891 ], [ 37.900888442999985, -0.760268896999889 ], [ 37.903988838000089, -0.753475293999884 ], [ 37.909084320000034, -0.74822568899998 ], [ 37.913729350000096, -0.739004571999942 ], [ 37.912789345000078, -0.735326855999858 ], [ 37.915917397000044, -0.728210835999846 ], [ 37.913738251000041, -0.724154650999878 ], [ 37.911666869999976, -0.707662909999954 ], [ 37.909996033000027, -0.707529410999825 ], [ 37.907231649000096, -0.71115932899994 ], [ 37.90477562000018, -0.709046551999961 ], [ 37.899593354000046, -0.708786769999961 ], [ 37.898620605000133, -0.703908085999956 ], [ 37.90383625100003, -0.685508869999921 ], [ 37.897949219000168, -0.684428055999945 ], [ 37.895339012000136, -0.681758388999924 ], [ 37.89523124699997, -0.674016326999833 ], [ 37.897098541000105, -0.669629430999919 ], [ 37.895205180000062, -0.66761193699989 ], [ 37.892807007000158, -0.652348845999938 ], [ 37.89375, -0.645361178999963 ], [ 37.907404581000037, -0.638986090999879 ], [ 37.92260170000003, -0.624446391999925 ], [ 37.901088714000139, -0.600950300999955 ], [ 37.902138710000145, -0.597486897999943 ], [ 37.883242925000161, -0.582787880999831 ], [ 37.887922923000133, -0.555415152999956 ], [ 37.885374069000136, -0.545593886999939 ], [ 37.882553101000099, -0.540980919999868 ], [ 37.882349014, -0.535074069999837 ], [ 37.892227173000151, -0.510664730999906 ], [ 37.897499084000117, -0.50331389899992 ], [ 37.913837433000083, -0.465578309999955 ], [ 37.918409348000068, -0.46166033999998 ], [ 37.930721283000139, -0.445258140999897 ], [ 37.935534159000099, -0.43460156499998 ], [ 37.934858322000025, -0.429377600999828 ], [ 37.940258344000085, -0.425170239999943 ], [ 37.945315043000051, -0.42746760499989 ], [ 37.947394689000191, -0.424761791999913 ], [ 37.951891899000145, -0.425789042999895 ], [ 37.959409714000174, -0.418666570999903 ], [ 37.961869558000103, -0.412649164999948 ], [ 37.964656830000024, -0.412070996999887 ], [ 37.965766907000102, -0.407559424999874 ], [ 37.964809418000186, -0.401060938999933 ], [ 37.969849904000171, -0.397460658999933 ], [ 37.969470978000061, -0.384426369999971 ], [ 37.970352173000038, -0.381023004999918 ], [ 37.974369049000074, -0.376680552999971 ], [ 37.973287582000182, -0.368188343999975 ], [ 37.96771812500009, -0.363473176999946 ], [ 37.978175354000143, -0.354879730999869 ], [ 37.971553803000177, -0.344157479999922 ], [ 37.980162303000156, -0.326191643999891 ], [ 37.985821088000193, -0.323585929999922 ], [ 37.985783577000177, -0.318325042999959 ], [ 37.980110741000146, -0.31347304999997 ], [ 37.979538918000173, -0.310942030999968 ], [ 37.982095083000161, -0.307277857999907 ], [ 37.983911133000163, -0.299087315999827 ], [ 37.992253622000021, -0.286962965999919 ], [ 37.993060303000107, -0.275191151999934 ], [ 37.996163368000055, -0.268302325999969 ], [ 37.999942017000137, -0.264095222999856 ], [ 38.021977425000102, -0.268006294999964 ], [ 38.02381420100005, -0.266759586999967 ], [ 38.027989706000085, -0.268639961999895 ], [ 38.032534281000153, -0.273310769999853 ], [ 38.046571096000093, -0.276184637999961 ], [ 38.072542191000025, -0.273621767999828 ], [ 38.090129853, -0.274554758999841 ], [ 38.103456879000134, -0.279914331999976 ], [ 38.105845133, -0.276011724999933 ], [ 38.114084244000082, -0.277042730999881 ], [ 38.11593914000008, -0.273967310999979 ], [ 38.12589073200013, -0.267466522999882 ], [ 38.130136490000041, -0.260257347999925 ], [ 38.13596153300017, -0.256827711999904 ], [ 38.139751434000118, -0.244959189999975 ], [ 38.143112183000142, -0.241162925999845 ], [ 38.146188736000056, -0.239045753999903 ], [ 38.151568095000073, -0.241316792999953 ], [ 38.153903961000083, -0.238963484999942 ], [ 38.15998967500019, -0.237638423999897 ], [ 38.163293839000175, -0.234347484999944 ], [ 38.16339874300013, -0.224102317999893 ], [ 38.182731629000159, -0.189319624999939 ], [ 38.186195374000135, -0.153281062999895 ], [ 38.18760299700017, -0.151850327999909 ], [ 38.193223, -0.151866230999872 ], [ 38.19646453900009, -0.146771225999942 ], [ 38.203601837000178, -0.146167143999946 ], [ 38.206211090000124, -0.144394620999947 ], [ 38.207624435000128, -0.127957105999883 ], [ 38.21176624300017, -0.126359443999945 ], [ 38.214000702000192, -0.114873844999977 ], [ 38.221820832000105, -0.104667953999922 ], [ 38.228736878000177, -0.101059327999963 ], [ 38.234285355000168, -0.094732313999941 ], [ 38.243122101000154, -0.091616495999972 ], [ 38.24738311700014, -0.088135044999945 ], [ 38.255249024000193, -0.089398651999943 ], [ 38.261970520000148, -0.094252749999953 ], [ 38.272603989000061, -0.096146690999888 ], [ 38.276137352000092, -0.088494542999854 ], [ 38.28130340600012, -0.085962702999893 ], [ 38.28713099100014, -0.086941107999905 ], [ 38.288966179000113, -0.079875558999902 ], [ 38.300725301000114, -0.070505603999948 ], [ 38.302272797000114, -0.064266122999868 ], [ 38.309360504000097, -0.055507392999857 ], [ 38.307781219000049, -0.054598203999944 ], [ 38.309412003000148, -0.05327965999993 ], [ 38.311836243000187, -0.053206625999906 ], [ 38.316093445000035, -0.056090659999882 ], [ 38.326831818000073, -0.067227564999939 ], [ 38.329761505000079, -0.068381107999926 ] ] ] } },
{ "type": "Feature", "properties": { "name": "Kwale" }, "geometry": { "type": "MultiPolygon", "coordinates": [ [ [ [ 39.318580206000149, -3.564260657999966 ], [ 39.320527562000166, -3.56736185699998 ], [ 39.318166424000026, -3.575031962999901 ], [ 39.322066980000159, -3.578710718999901 ], [ 39.324981111000113, -3.584524514999941 ], [ 39.329592652000031, -3.588664747999928 ], [ 39.332852873000036, -3.590345258999946 ], [ 39.335444094000138, -3.589769375999936 ], [ 39.345318790000022, -3.595499737999944 ], [ 39.347111695000137, -3.598533170999929 ], [ 39.347207226000137, -3.607260272999838 ], [ 39.345694959000184, -3.609585816999868 ], [ 39.34704716400006, -3.620942883999874 ], [ 39.343428125000173, -3.635074204999967 ], [ 39.351328445000149, -3.638790245999871 ], [ 39.356609094000191, -3.653737449999937 ], [ 39.353895199000078, -3.660540553999965 ], [ 39.355204722000167, -3.668679579999889 ], [ 39.352975847000039, -3.673724187999937 ], [ 39.353208312, -3.689178578999929 ], [ 39.351723124000046, -3.692091705999815 ], [ 39.347409265000067, -3.692496152999979 ], [ 39.346992164000142, -3.700471911999955 ], [ 39.348729117000062, -3.704642355999965 ], [ 39.353482242000098, -3.707998863999876 ], [ 39.353606414000069, -3.712206410999954 ], [ 39.357637711000109, -3.717486806999943 ], [ 39.35798024200011, -3.728196649999916 ], [ 39.362389034000046, -3.733391674999893 ], [ 39.369232521000072, -3.735506363999889 ], [ 39.3713260990001, -3.738412808999954 ], [ 39.375640846000124, -3.740413025999885 ], [ 39.389166061000026, -3.736751464999884 ], [ 39.391738926000187, -3.738961568999969 ], [ 39.391224745000045, -3.744713441999977 ], [ 39.395034633000137, -3.753275124999959 ], [ 39.391608969000174, -3.767572819999941 ], [ 39.385345611000105, -3.768828573999883 ], [ 39.383176240000125, -3.771045054999888 ], [ 39.384347074000175, -3.77462225499994 ], [ 39.389332564000028, -3.775313007999955 ], [ 39.389580302000127, -3.782194718999961 ], [ 39.387431585000058, -3.785056913999881 ], [ 39.384118404000105, -3.784580265999978 ], [ 39.376949316000037, -3.793153119999829 ], [ 39.381674835000183, -3.797181583999816 ], [ 39.379023806000077, -3.807531318999963 ], [ 39.383271219000108, -3.809072386999901 ], [ 39.389846432000127, -3.817138929999942 ], [ 39.393955703000188, -3.818142629999954 ], [ 39.398867213000131, -3.825609450999934 ], [ 39.401210789000061, -3.824996613999872 ], [ 39.403653463000069, -3.821002369999974 ], [ 39.409406890000128, -3.824245078999979 ], [ 39.412952445000087, -3.820155567999961 ], [ 39.419613367000011, -3.820462566999879 ], [ 39.421726621000062, -3.825857767999878 ], [ 39.433846242000186, -3.832119601999921 ], [ 39.435453032999987, -3.836533948999943 ], [ 39.448896883000032, -3.849637075999908 ], [ 39.450597056000106, -3.853348169999947 ], [ 39.459187026999984, -3.854819626999927 ], [ 39.466747258000169, -3.858817097999975 ], [ 39.48562951700012, -3.88096923899991 ], [ 39.496807101000172, -3.886603302999958 ], [ 39.500511657000118, -3.90296292599993 ], [ 39.506142584000145, -3.904912503999924 ], [ 39.512026806000108, -3.911471879999965 ], [ 39.519682793000015, -3.915034695999964 ], [ 39.521554570000092, -3.9282342489999 ], [ 39.527651779000166, -3.930393357999947 ], [ 39.530307757, -3.934635879999973 ], [ 39.527806424000119, -3.946873214999869 ], [ 39.531635258000165, -3.952324878999946 ], [ 39.540214507000087, -3.957578630999876 ], [ 39.544855594000126, -3.956827426999894 ], [ 39.547737117000111, -3.964692114999934 ], [ 39.546046235000176, -3.977455543999952 ], [ 39.539801450000141, -3.987206088999869 ], [ 39.540122024000027, -3.990117905999853 ], [ 39.544847205000053, -3.99134221099996 ], [ 39.544019701000025, -3.99326347799996 ], [ 39.545566087000054, -3.994929643999967 ], [ 39.546948614000144, -3.993727491999891 ], [ 39.545641875000115, -3.991305832999899 ], [ 39.550047722000045, -3.985941869999976 ], [ 39.555665342000168, -3.98398251499998 ], [ 39.564678672000014, -3.987672348999922 ], [ 39.569690696000123, -3.991550699999891 ], [ 39.567885724000178, -4.006758522999917 ], [ 39.56323625400006, -4.014205830999913 ], [ 39.562516151000068, -4.019942808999929 ], [ 39.577037758000131, -4.029708348999975 ], [ 39.580811696000126, -4.035753248999924 ], [ 39.578955176000193, -4.042549617999953 ], [ 39.578581821000114, -4.084828473999949 ], [ 39.584647180000047, -4.10131819299994 ], [ 39.582820946000083, -4.110248426999874 ], [ 39.575260086000128, -4.119893594999894 ], [ 39.579378962000078, -4.119411744999979 ], [ 39.582527449000054, -4.116318811999975 ], [ 39.585897576000093, -4.118288010999947 ], [ 39.591942083000106, -4.113661690999947 ], [ 39.597081151000054, -4.11251958899993 ], [ 39.600220289000106, -4.107949670999915 ], [ 39.598306583000181, -4.100959272999944 ], [ 39.600465713000119, -4.097368409999831 ], [ 39.606051918000048, -4.094536329999869 ], [ 39.606928043000153, -4.087612348999869 ], [ 39.608088446000181, -4.087385985999958 ], [ 39.610137561000158, -4.092089656999974 ], [ 39.613544787000137, -4.090993247999904 ], [ 39.612244861000079, -4.092252252999913 ], [ 39.628698154000119, -4.109874883999964 ], [ 39.632926464000036, -4.117497961999845 ], [ 39.637814608000156, -4.118281002999879 ], [ 39.636487787000078, -4.121952116999978 ], [ 39.632858748000103, -4.124082020999879 ], [ 39.630018392000125, -4.136504658999854 ], [ 39.626006921000112, -4.141515613999957 ], [ 39.642683729000055, -4.152442919999828 ], [ 39.629546051000034, -4.178003917999888 ], [ 39.621650958000032, -4.18776382599998 ], [ 39.613098535000177, -4.202818089999937 ], [ 39.607089690000123, -4.226574819999939 ], [ 39.603081412000108, -4.234991489999913 ], [ 39.600118670000143, -4.250420205999831 ], [ 39.59711981200013, -4.25487191499991 ], [ 39.598377299, -4.25973408699997 ], [ 39.597659497000109, -4.267802183999947 ], [ 39.571445359999984, -4.327494616999957 ], [ 39.564726731000178, -4.345066414999906 ], [ 39.560800353000047, -4.360728859999881 ], [ 39.549193491000153, -4.387703866999971 ], [ 39.543041926000171, -4.415303362999907 ], [ 39.542923489000088, -4.423737538999887 ], [ 39.538897814000165, -4.434483037999939 ], [ 39.535969780000187, -4.43630266699995 ], [ 39.53303145600006, -4.435789437999915 ], [ 39.536115134000113, -4.419976254999938 ], [ 39.535038431000089, -4.41462145099996 ], [ 39.532615849000024, -4.413063819999877 ], [ 39.533961728000122, -4.409874982999895 ], [ 39.532109798000192, -4.406001841999966 ], [ 39.530229156000189, -4.404572218999931 ], [ 39.527534407000076, -4.406221369999855 ], [ 39.525989816000049, -4.404428658999961 ], [ 39.522466125000108, -4.407579810999891 ], [ 39.519946639000182, -4.407543920999956 ], [ 39.519773854, -4.400275659999977 ], [ 39.517098161000035, -4.402107764999926 ], [ 39.515169666000077, -4.400911427999972 ], [ 39.514130288000047, -4.402682963999894 ], [ 39.510982486000046, -4.400226165999925 ], [ 39.511201245000109, -4.398144812999931 ], [ 39.508370643000035, -4.398160809999922 ], [ 39.506832762000045, -4.399934228999939 ], [ 39.509277344000168, -4.402393212999925 ], [ 39.508483887000182, -4.405200829999956 ], [ 39.509887695000145, -4.406787743999928 ], [ 39.510070800999983, -4.412341942999944 ], [ 39.505920410000044, -4.418201317999944 ], [ 39.510628094000026, -4.428711269999951 ], [ 39.507080078000115, -4.437915673999896 ], [ 39.508605957000157, -4.437793602999932 ], [ 39.509094238000102, -4.440112938999903 ], [ 39.508178711000141, -4.4396246579999 ], [ 39.507598877000135, -4.442737450999971 ], [ 39.506713867000087, -4.441211571999929 ], [ 39.503997803000061, -4.450092186999939 ], [ 39.501281738000102, -4.451099266999961 ], [ 39.503204346000018, -4.456256737999979 ], [ 39.500122070000089, -4.451587548999953 ], [ 39.501525879000155, -4.448779931999979 ], [ 39.500122070000089, -4.441089501999954 ], [ 39.496887207000043, -4.441699852999932 ], [ 39.495300293000184, -4.437000145999832 ], [ 39.492980957000157, -4.439014306999923 ], [ 39.489685059000124, -4.438892235999958 ], [ 39.484680176000154, -4.443286766999961 ], [ 39.487209972000073, -4.443717084999946 ], [ 39.49397876400019, -4.439975729999901 ], [ 39.499672197000109, -4.443549806999954 ], [ 39.496290788000181, -4.452923359999886 ], [ 39.497924737000119, -4.461965342999974 ], [ 39.494797233000156, -4.468372693999925 ], [ 39.490645149000159, -4.469908068999928 ], [ 39.477651219000052, -4.484712187999946 ], [ 39.471573693000096, -4.498101014999918 ], [ 39.462890625, -4.530090331999929 ], [ 39.459472656000116, -4.531188964999899 ], [ 39.457092285000044, -4.523620604999962 ], [ 39.459716797000169, -4.523071288999972 ], [ 39.457702637000125, -4.520080565999876 ], [ 39.45031738300014, -4.518127440999933 ], [ 39.450683594000111, -4.512695312999881 ], [ 39.449096680000082, -4.509277343999941 ], [ 39.445312500000171, -4.50646972699991 ], [ 39.445312500000171, -4.51037597699991 ], [ 39.442321777000075, -4.511474608999947 ], [ 39.439880371000072, -4.518798827999944 ], [ 39.43188476600011, -4.512390136999954 ], [ 39.429870605000133, -4.515686034999874 ], [ 39.427490234000118, -4.515502929999911 ], [ 39.427490234000118, -4.512390136999954 ], [ 39.424682617000087, -4.513000487999932 ], [ 39.423889160000044, -4.514709472999925 ], [ 39.428527832000157, -4.524169921999942 ], [ 39.426696777000075, -4.526672362999932 ], [ 39.42687988300014, -4.536376952999888 ], [ 39.424682617000087, -4.536926269999981 ], [ 39.417724609000061, -4.531372069999975 ], [ 39.413696289000029, -4.534423827999944 ], [ 39.413330078000172, -4.541320800999927 ], [ 39.41491699200003, -4.543090819999918 ], [ 39.408081055000082, -4.550292968999884 ], [ 39.406311035000044, -4.547607421999885 ], [ 39.401123047000112, -4.548278808999953 ], [ 39.397277831999986, -4.551574706999872 ], [ 39.394470215000126, -4.550292968999884 ], [ 39.391906738000046, -4.551269530999946 ], [ 39.387512207000157, -4.547790526999961 ], [ 39.39147949200003, -4.544921874999943 ], [ 39.384521484000061, -4.544311522999976 ], [ 39.380493163999972, -4.54077148399989 ], [ 39.380493163999972, -4.537902831999929 ], [ 39.375915527000075, -4.537780761999954 ], [ 39.375671387000125, -4.542602538999972 ], [ 39.379699707000157, -4.544372558999953 ], [ 39.380493163999972, -4.547607421999885 ], [ 39.377502441000104, -4.546691894999981 ], [ 39.374877930000082, -4.552978515999939 ], [ 39.384521484000061, -4.557495116999917 ], [ 39.388671875000171, -4.569824218999941 ], [ 39.38952636700003, -4.579711913999972 ], [ 39.387512207000157, -4.580993651999961 ], [ 39.387329102000194, -4.584899901999961 ], [ 39.38952636700003, -4.588012694999861 ], [ 39.394287109000118, -4.57922363299997 ], [ 39.398925781, -4.584228515999939 ], [ 39.403930664000143, -4.586914061999892 ], [ 39.400329590000069, -4.58758544899996 ], [ 39.404479980000133, -4.591003417999957 ], [ 39.402709961000141, -4.594970702999944 ], [ 39.392089844000111, -4.596923827999888 ], [ 39.39147949200003, -4.599975585999971 ], [ 39.392700195000089, -4.606079101999967 ], [ 39.396301270000038, -4.611999511999898 ], [ 39.398315430000082, -4.623229979999905 ], [ 39.406677246000015, -4.640869140999939 ], [ 39.40148925800014, -4.644409179999968 ], [ 39.385314941000047, -4.646484374999829 ], [ 39.370117188000165, -4.642883300999927 ], [ 39.354125977000194, -4.636779784999874 ], [ 39.346923828000172, -4.635803222999868 ], [ 39.327270508000083, -4.639587401999904 ], [ 39.323120117000144, -4.637695312999938 ], [ 39.320129395000151, -4.633789061999948 ], [ 39.312683105000076, -4.633789061999948 ], [ 39.308288574000187, -4.629516601999853 ], [ 39.309875488000046, -4.619323729999905 ], [ 39.312316895000151, -4.615905761999898 ], [ 39.316528319999975, -4.614074706999929 ], [ 39.318481445000032, -4.61688232399996 ], [ 39.322326660000158, -4.609191894999924 ], [ 39.319274902000075, -4.606506347999868 ], [ 39.318115234, -4.602905272999976 ], [ 39.310729980000019, -4.604919433999953 ], [ 39.317077637000068, -4.593688964999956 ], [ 39.314270020000038, -4.587890624999886 ], [ 39.314880371000186, -4.581420897999976 ], [ 39.320678711000141, -4.567871093999827 ], [ 39.316528319999975, -4.567321776999847 ], [ 39.308105469000054, -4.569274901999961 ], [ 39.296081543000128, -4.567382811999835 ], [ 39.283325195000145, -4.576599120999958 ], [ 39.279479980000076, -4.582885741999917 ], [ 39.276489258000083, -4.581298827999888 ], [ 39.273071289000143, -4.583190917999957 ], [ 39.272521973000153, -4.579406737999932 ], [ 39.268493652000188, -4.578002929999968 ], [ 39.261474609000061, -4.580627440999933 ], [ 39.258483887000011, -4.577392577999888 ], [ 39.252319336000028, -4.574584960999971 ], [ 39.248718262000182, -4.569396972999868 ], [ 39.243286133000026, -4.565795897999976 ], [ 39.2390747070001, -4.568481444999975 ], [ 39.245483398000033, -4.581970214999956 ], [ 39.249511719000168, -4.583190917999957 ], [ 39.251892090000069, -4.585876464999956 ], [ 39.252075195000032, -4.592102050999927 ], [ 39.257080078000115, -4.592773437999938 ], [ 39.26788330100004, -4.599975585999971 ], [ 39.263305664000086, -4.603210448999846 ], [ 39.257873535000158, -4.597778319999975 ], [ 39.255493164000086, -4.599426269999981 ], [ 39.255493164000086, -4.602294921999942 ], [ 39.252929688000108, -4.603271483999833 ], [ 39.252075195000032, -4.610107421999942 ], [ 39.24749755900018, -4.598693847999868 ], [ 39.242675781000173, -4.599487304999968 ], [ 39.240722656000116, -4.601928710999914 ], [ 39.23651123000019, -4.602172851999967 ], [ 39.237121582000043, -4.606201171999942 ], [ 39.225280762000182, -4.611206054999968 ], [ 39.225097656000116, -4.617919921999942 ], [ 39.221923828000058, -4.619873046999885 ], [ 39.223510742000087, -4.625305175999927 ], [ 39.219116211000028, -4.632690429999911 ], [ 39.215881348000153, -4.634216308999953 ], [ 39.214111328000115, -4.642578124999943 ], [ 39.209716797, -4.646423339999842 ], [ 39.212097168000071, -4.652587890999882 ], [ 39.210876465000069, -4.661499022999919 ], [ 39.218505859000174, -4.673583983999947 ], [ 39.220275879000042, -4.671813964999956 ], [ 39.219909668000071, -4.676391601999967 ], [ 39.211914063000108, -4.674926757999913 ], [ 39.2058715820001, -4.675903319999975 ], [ 39.201293945000145, -4.666015624999886 ], [ 39.192687988000159, -4.666320800999927 ], [ 39.190673828000115, -4.65930175799997 ], [ 39.167724609000118, -4.641296386999898 ], [ 39.121887207000043, -4.610717772999976 ], [ 38.445745460000126, -4.137970692999829 ], [ 38.946018195000136, -3.959537004999902 ], [ 39.035120007000046, -3.758305909999933 ], [ 38.930492383000171, -3.695812941999975 ], [ 38.968475319000163, -3.633464316999948 ], [ 39.056056946000126, -3.684526442999925 ], [ 39.0871963190001, -3.569599130999904 ], [ 39.295246102000192, -3.569462035999948 ], [ 39.301938518000043, -3.569159499999955 ], [ 39.305722472000127, -3.566311734999942 ], [ 39.312874794000038, -3.566604025999879 ], [ 39.318580206000149, -3.564260657999966 ] ] ], [ [ [ 39.460876465000183, -4.55139160199991 ], [ 39.453674316000161, -4.559326171999885 ], [ 39.454528809000067, -4.570312499999943 ], [ 39.449523926000097, -4.581909179999968 ], [ 39.443481445000089, -4.58367919899996 ], [ 39.441711426000097, -4.588684081999872 ], [ 39.438903809000067, -4.588928222999925 ], [ 39.436523437000119, -4.587524413999972 ], [ 39.434509277000075, -4.582702636999954 ], [ 39.43249511700003, -4.563171386999898 ], [ 39.426330566000104, -4.556579589999899 ], [ 39.427490234000118, -4.554687499999943 ], [ 39.429687500000171, -4.556518554999911 ], [ 39.43249511700003, -4.551818847999925 ], [ 39.435119629000155, -4.55529785199991 ], [ 39.445129395000038, -4.558105468999941 ], [ 39.449279785000044, -4.54748535199991 ], [ 39.446899414000029, -4.542602538999972 ], [ 39.453308105000133, -4.531616210999971 ], [ 39.461914063000052, -4.536010741999974 ], [ 39.460876465000183, -4.55139160199991 ] ] ], [ [ [ 39.352722168000128, -4.660522460999971 ], [ 39.359680176000097, -4.652282714999956 ], [ 39.364318848000039, -4.655212401999904 ], [ 39.390930176000097, -4.65930175799997 ], [ 39.394104004000155, -4.658813476999967 ], [ 39.396728516000053, -4.656188964999956 ], [ 39.399902344000111, -4.656311034999931 ], [ 39.403930664000143, -4.667602538999915 ], [ 39.399902344000111, -4.670898436999948 ], [ 39.397705078000172, -4.668518065999933 ], [ 39.386291504000155, -4.666687011999954 ], [ 39.368713379000098, -4.669311522999919 ], [ 39.355102539000143, -4.668395995999958 ], [ 39.352294922000112, -4.667175292999843 ], [ 39.351501465000069, -4.664001464999956 ], [ 39.352722168000128, -4.660522460999971 ] ] ], [ [ [ 39.312316895000151, -4.578002929999968 ], [ 39.301879883000083, -4.589416503999928 ], [ 39.296081543000128, -4.57922363299997 ], [ 39.296875000000114, -4.574890136999954 ], [ 39.308121171000096, -4.569422309999936 ], [ 39.311706543000128, -4.571105956999872 ], [ 39.312316895000151, -4.578002929999968 ] ] ], [ [ [ 39.285278320000032, -4.665893554999911 ], [ 39.278320313000108, -4.668395995999958 ], [ 39.274108887000182, -4.666625976999967 ], [ 39.270874023000033, -4.663085937999881 ], [ 39.270507813000108, -4.654479979999962 ], [ 39.275085449000187, -4.654418944999975 ], [ 39.287292480000076, -4.662780761999954 ], [ 39.285278320000032, -4.665893554999911 ] ] ], [ [ [ 39.397521973000039, -4.572998046999942 ], [ 39.400085449000073, -4.567626952999944 ], [ 39.407470703000058, -4.565429687999881 ], [ 39.408081055000082, -4.567871093999827 ], [ 39.415100098000096, -4.56701660199991 ], [ 39.416076660000044, -4.569091796999942 ], [ 39.41149902300009, -4.572509765999939 ], [ 39.409729004000098, -4.576416015999939 ], [ 39.407287598000096, -4.576904296999942 ], [ 39.401916504000098, -4.576904296999942 ], [ 39.400085449000073, -4.573669433999953 ], [ 39.397521973000039, -4.572998046999942 ] ] ], [ [ [ 39.216674805000025, -4.660705565999933 ], [ 39.215270996000129, -4.653869628999928 ], [ 39.219116211000028, -4.650878905999889 ], [ 39.219909668000071, -4.656311034999931 ], [ 39.216674805000025, -4.660705565999933 ] ] ], [ [ [ 39.425109863000046, -4.577697753999928 ], [ 39.426696777000075, -4.57531738299997 ], [ 39.429687500000171, -4.577575683999953 ], [ 39.430114746000186, -4.581909179999968 ], [ 39.427673340000183, -4.583190917999957 ], [ 39.425109863000046, -4.577697753999928 ] ] ], [ [ [ 39.390075684000067, -4.554626464999956 ], [ 39.39367675800014, -4.554504394999981 ], [ 39.397261176000029, -4.559384383999827 ], [ 39.39367675800014, -4.558776854999905 ], [ 39.390075684000067, -4.554626464999956 ] ] ], [ [ [ 39.286499023000033, -4.596069335999971 ], [ 39.2879028320001, -4.592895507999913 ], [ 39.29187011700003, -4.596069335999971 ], [ 39.29132080100004, -4.599792479999905 ], [ 39.286499023000033, -4.596069335999971 ] ] ], [ [ [ 39.397277831999986, -4.559387206999872 ], [ 39.399719238000046, -4.557373046999942 ], [ 39.401916504000098, -4.563720702999944 ], [ 39.399108887000068, -4.563903808999839 ], [ 39.397277831999986, -4.559387206999872 ] ] ], [ [ [ 39.222693835000086, -4.659716844999934 ], [ 39.226733643000046, -4.659542852999891 ], [ 39.22745235900004, -4.661319017999972 ], [ 39.225270713000157, -4.661151275999941 ], [ 39.221960537000029, -4.665235915999972 ], [ 39.222693835000086, -4.659716844999934 ] ] ], [ [ [ 39.224487305000025, -4.666320800999927 ], [ 39.220344103, -4.671690682999952 ], [ 39.221313477000137, -4.66772460899989 ], [ 39.224487305000025, -4.666320800999927 ] ] ], [ [ [ 39.386291504000155, -4.553405761999954 ], [ 39.387084961000141, -4.550903319999918 ], [ 39.39005403200008, -4.554585440999972 ], [ 39.387878418000184, -4.554199218999884 ], [ 39.386291504000155, -4.553405761999954 ] ] ], [ [ [ 39.232299804999968, -4.650024413999972 ], [ 39.232299804999968, -4.647094726999967 ], [ 39.234130859000174, -4.647277831999929 ], [ 39.232299804999968, -4.650024413999972 ] ] ], [ [ [ 39.242309570000145, -4.620300292999957 ], [ 39.244873047000056, -4.619201659999931 ], [ 39.24432373000019, -4.621520995999902 ], [ 39.242309570000145, -4.620300292999957 ] ] ], [ [ [ 39.214721680000139, -4.660278319999918 ], [ 39.216674805000025, -4.660705565999933 ], [ 39.214721680000139, -4.662902831999929 ], [ 39.214721680000139, -4.660278319999918 ] ] ], [ [ [ 39.502288818000125, -4.457935204999956 ], [ 39.503204647000132, -4.456257385999947 ], [ 39.503906250000057, -4.456775536999942 ], [ 39.503692627000191, -4.458087792999891 ], [ 39.502288818000125, -4.457935204999956 ] ] ] ] } },
{ "type": "Feature", "properties": { "name": "Laikipia" }, "geometry": { "type": "Polygon", "coordinates": [ [ [ 36.819291018000115, 0.842796931 ], [ 36.833022323000193, 0.815255527000147 ], [ 36.834353665000037, 0.802945400000056 ], [ 36.843381695000062, 0.79665483500014 ], [ 36.842362844000036, 0.789493549000042 ], [ 36.850547810000137, 0.774472817000117 ], [ 36.864990190000128, 0.739374366000163 ], [ 36.886834145000137, 0.736162047 ], [ 36.89302747500011, 0.740017836000106 ], [ 36.902490025000191, 0.74121684500011 ], [ 36.904479351000134, 0.738527653000176 ], [ 36.908127785000033, 0.737387419000129 ], [ 36.908355539000013, 0.731459738000069 ], [ 36.915100767000183, 0.729133303000026 ], [ 36.920320479000054, 0.739333669000075 ], [ 36.928520463000154, 0.741573221000067 ], [ 36.93079515900007, 0.744529334000163 ], [ 36.931518555000025, 0.742144077999967 ], [ 36.931126912000082, 0.734989067000129 ], [ 36.927195549000089, 0.73087583500012 ], [ 36.926227570000037, 0.725240379000184 ], [ 36.925182343000188, 0.687283218000061 ], [ 36.926612854000155, 0.675968397000133 ], [ 36.923725128000115, 0.672123040000031 ], [ 36.922067643000048, 0.661994309000136 ], [ 36.913331986000117, 0.662336946000153 ], [ 36.911368052000171, 0.657086273000118 ], [ 36.912206014000049, 0.650609573000168 ], [ 36.909102122000093, 0.648587624000072 ], [ 36.908285141000079, 0.6456045810001 ], [ 36.909305573000154, 0.63582497800013 ], [ 36.907597542000133, 0.632379532000186 ], [ 36.897226334000152, 0.631146967000063 ], [ 36.893819809000092, 0.622742683000126 ], [ 36.890365601000155, 0.623313785000164 ], [ 36.88804245, 0.610453586000062 ], [ 36.883467992000078, 0.613433957000154 ], [ 36.879169464000029, 0.605825166000045 ], [ 36.875099659000171, 0.605540447000067 ], [ 36.871508026000129, 0.59900182500013 ], [ 36.867586771000106, 0.597864628000082 ], [ 36.865888214000165, 0.592041636000033 ], [ 36.868041039000047, 0.587276042000099 ], [ 36.86749267600004, 0.578264574000173 ], [ 36.863765717000149, 0.572018921000051 ], [ 37.258071899000072, 0.524415493000049 ], [ 37.368855476000078, 0.512456714999985 ], [ 37.367200851000064, 0.50766787900011 ], [ 37.359621048000065, 0.502207905000034 ], [ 37.360731125000143, 0.499154284999975 ], [ 37.358833313000162, 0.495835384000088 ], [ 37.362175941000146, 0.488375776000169 ], [ 37.359781265000095, 0.484899744000131 ], [ 37.360190582000087, 0.477544493000096 ], [ 37.357588768000141, 0.474015996000048 ], [ 37.357113838000089, 0.468488261 ], [ 37.349155426000095, 0.46059555800008 ], [ 37.350443522000091, 0.456184402000133 ], [ 37.347901662000083, 0.450873097000056 ], [ 37.348643112000161, 0.443716285000107 ], [ 37.351665497000056, 0.436036348000187 ], [ 37.353278024000133, 0.414452374000064 ], [ 37.362066841000171, 0.410759429000166 ], [ 37.366453170999989, 0.40437841500011 ], [ 37.369421006000152, 0.397468463 ], [ 37.370062637000046, 0.384807274000025 ], [ 37.376446724000061, 0.382395774000145 ], [ 37.379501343000129, 0.37953048900016 ], [ 37.377645874000166, 0.370065630000113 ], [ 37.379089356000065, 0.364674210999965 ], [ 37.382374446000085, 0.363645757000143 ], [ 37.383816719000151, 0.358342968000045 ], [ 37.390090943000018, 0.357529208000074 ], [ 37.392127991, 0.35460080200005 ], [ 37.391250610000156, 0.348038256000109 ], [ 37.393235016000062, 0.336522156000115 ], [ 37.391470623000146, 0.327189676000103 ], [ 37.393929005000189, 0.31836488800019 ], [ 37.39163589500015, 0.313443264000114 ], [ 37.393755595000016, 0.313111757000115 ], [ 37.394629342000144, 0.309064375000105 ], [ 37.39327926600015, 0.30708725400001 ], [ 37.395562172000041, 0.302358531000039 ], [ 37.392035166000085, 0.298106635000124 ], [ 37.394718933000149, 0.295174730000099 ], [ 37.394101461000048, 0.292882214000088 ], [ 37.387512207000043, 0.287404448000018 ], [ 37.386203257000091, 0.28327579400019 ], [ 37.388073604, 0.28106029300011 ], [ 37.385345936000078, 0.276897226000187 ], [ 37.38207817100016, 0.275670916000138 ], [ 37.379086113000085, 0.276543776999972 ], [ 37.375568390000069, 0.27441470600013 ], [ 37.373013815000149, 0.271882877000166 ], [ 37.372543335000159, 0.265609786000084 ], [ 37.364877064999973, 0.260960062000152 ], [ 37.363321622000171, 0.25693556900012 ], [ 37.360181809000153, 0.25554803000017 ], [ 37.359958649000191, 0.252988823000067 ], [ 37.362151464000135, 0.251058092000108 ], [ 37.366136424, 0.250409055000148 ], [ 37.366048813000134, 0.247495405999985 ], [ 37.362976837000133, 0.244624701000077 ], [ 37.363320351000141, 0.240139421000038 ], [ 37.356452942000089, 0.237886029000094 ], [ 37.357876778000161, 0.232742515000155 ], [ 37.354808808000143, 0.227249407000045 ], [ 37.355213165000123, 0.221088782000038 ], [ 37.351359049000052, 0.215343897000139 ], [ 37.351201375000187, 0.211906125000098 ], [ 37.348155022000071, 0.210258234000094 ], [ 37.348189545000025, 0.195411348000164 ], [ 37.342018127000074, 0.193557128000066 ], [ 37.336253357000089, 0.193916589000025 ], [ 37.340187836000098, 0.189234811000119 ], [ 37.339958191, 0.183598876000133 ], [ 37.335726420000071, 0.183211625000183 ], [ 37.332330704000128, 0.180698343000074 ], [ 37.320304871000133, 0.18315324200006 ], [ 37.308050156000036, 0.178407829000093 ], [ 37.304758708000179, 0.173241228000052 ], [ 37.291137695000032, 0.161819309000123 ], [ 37.282489777000194, 0.152153283000075 ], [ 37.282604218000131, 0.146169558000167 ], [ 37.280564308000123, 0.139404096000078 ], [ 37.281263351000121, 0.130176492000089 ], [ 37.26198387200003, 0.111507312000128 ], [ 37.252338409000174, 0.096978374000059 ], [ 37.24633566600005, 0.108868329000131 ], [ 37.234264374000134, 0.104494750000015 ], [ 37.232156118000148, 0.080677206000075 ], [ 37.229576111000085, 0.078739934000168 ], [ 37.220488548000048, 0.073289564000049 ], [ 37.215355873000192, 0.073414935000017 ], [ 37.208133698000097, 0.070559210000113 ], [ 37.207581838000067, 0.068375103000108 ], [ 37.202079773000037, 0.067640029000074 ], [ 37.201661682000179, 0.06166156200004 ], [ 37.19883696200003, 0.063861402000157 ], [ 37.186855316000049, 0.057053915000097 ], [ 37.171129227000108, 0.056147123000187 ], [ 37.167022705000193, 0.053379748999987 ], [ 37.153020859000037, 0.050938752000093 ], [ 37.14802551300005, 0.044688390000033 ], [ 37.142314911000085, 0.043989561000046 ], [ 37.13961029100011, 0.041427904999978 ], [ 37.129503251000187, 0.038386935000119 ], [ 37.108912604000125, 0.03847548900012 ], [ 37.088079981000078, 0.022774041000048 ], [ 37.09304122900005, 0.0208445990001 ], [ 37.093443553000156, 0.017394373000116 ], [ 37.096938134000027, 0.015526513999987 ], [ 37.097601209000061, 0.012878158999968 ], [ 37.10128657000007, 0.011338655000145 ], [ 37.100904465000156, 0.009019875000149 ], [ 37.103172302000132, 0.007161724000127 ], [ 37.103745937000099, 0.003294897000046 ], [ 37.106697083000029, 0.001870765000149 ], [ 37.111270905000083, -0.010064500999931 ], [ 37.120634370000062, -0.018374702999949 ], [ 37.112651825000114, -0.035453315999973 ], [ 37.105583191000051, -0.027743876999978 ], [ 37.100635529000101, -0.026006873999961 ], [ 37.099681853999982, -0.02210456499995 ], [ 37.0927581790001, -0.014918561999878 ], [ 37.088269552000042, -0.013927145999958 ], [ 37.079421997000111, -0.00265246999993 ], [ 37.077541352000026, 0.000952438000127 ], [ 37.078910828, 0.004563266000105 ], [ 37.077341080000167, 0.008304966000026 ], [ 37.078596622000134, 0.015436302000182 ], [ 37.071365356000115, 0.005711374000043 ], [ 37.068889618000071, -0.00082718699997 ], [ 37.061203003000116, 0.001615186000038 ], [ 37.052227020000032, -0.00666350299997 ], [ 37.051273346000187, -0.012635939999939 ], [ 37.027030945000092, -0.042913812999871 ], [ 37.025302887000123, -0.046947750999948 ], [ 36.997585297000057, -0.062507216999848 ], [ 36.990280152000025, -0.063641186999973 ], [ 36.986339569000052, -0.066745623999964 ], [ 36.980224609000174, -0.066745623999964 ], [ 36.978029251000066, -0.068623158999969 ], [ 36.97817993200016, -0.075817316999974 ], [ 36.982120514000087, -0.093179940999903 ], [ 36.985706330000141, -0.132719873999974 ], [ 36.995782852000048, -0.142646684999931 ], [ 37.007885933000011, -0.147021948999907 ], [ 37.007617951000043, -0.151489405999882 ], [ 37.014827728000171, -0.16029336999992 ], [ 37.016738892000035, -0.169758811999827 ], [ 37.019378662000122, -0.173661126999946 ], [ 37.008216858000139, -0.219665243999941 ], [ 37.013267517000145, -0.228976875999933 ], [ 37.010202134999986, -0.24007112399994 ], [ 37.006813049000073, -0.240540402999954 ], [ 36.997946421000108, -0.25089369199992 ], [ 36.988590240000178, -0.25433438999994 ], [ 36.998298645000091, -0.269039451999845 ], [ 36.987442017000092, -0.293131469999878 ], [ 36.958028794000143, -0.279971762999935 ], [ 36.879489899000191, -0.256104677999872 ], [ 36.872863770000038, -0.250394016999962 ], [ 36.871468882000045, -0.245027596999932 ], [ 36.85657119800004, -0.252555936999954 ], [ 36.841175079000095, -0.211606814999868 ], [ 36.844833374000189, -0.210000499999921 ], [ 36.839671665000026, -0.195389129999967 ], [ 36.842205456000158, -0.195656084999939 ], [ 36.845942179000133, -0.193375020999952 ], [ 36.850734075000162, -0.195178677999934 ], [ 36.853170077000073, -0.194307777999938 ], [ 36.852642059000118, -0.193361948999893 ], [ 36.85497284000013, -0.192839998999887 ], [ 36.854512596000063, -0.190358935999939 ], [ 36.859796143000153, -0.186074861999941 ], [ 36.865862846000027, -0.184464437999964 ], [ 36.865921021000133, -0.178346355999906 ], [ 36.869088173000193, -0.178956085999971 ], [ 36.871606445000168, -0.174019535999946 ], [ 36.870173772000044, -0.16975296399994 ], [ 36.865429560000052, -0.165465122999933 ], [ 36.862947941000186, -0.15493008899989 ], [ 36.858768463000047, -0.15051141399988 ], [ 36.859268188000101, -0.146356870999966 ], [ 36.861789704000159, -0.143544375999852 ], [ 36.860737324000127, -0.140872814999966 ], [ 36.848433177, -0.13492595699995 ], [ 36.831542969000168, -0.132294252999827 ], [ 36.830997467000145, -0.10164456799987 ], [ 36.791607857000145, -0.105190045999962 ], [ 36.768394470000146, -0.111768185999949 ], [ 36.765357971000128, -0.10675275299991 ], [ 36.752201081000067, -0.118043656999873 ], [ 36.716819763000046, -0.126390054999888 ], [ 36.711452484000176, -0.133014499999888 ], [ 36.656337738000047, -0.150761663999958 ], [ 36.635044098000151, -0.104246913999873 ], [ 36.592414856000119, -0.099924161999979 ], [ 36.572540283000137, -0.101256668999952 ], [ 36.56587982200017, -0.0942896009999 ], [ 36.561843872, -0.086484975999952 ], [ 36.555103302000077, -0.087874568999894 ], [ 36.560585022000112, -0.073902226999962 ], [ 36.551315308000028, -0.067144728999949 ], [ 36.555692673000067, -0.05682700899996 ], [ 36.555663109000136, -0.052532079999878 ], [ 36.560088158000042, -0.047942696999939 ], [ 36.561213902000134, -0.04094748599988 ], [ 36.565774917000113, -0.039578851999977 ], [ 36.576664395000137, -0.030280145999939 ], [ 36.582285563000028, -0.019136370999831 ], [ 36.586156028000062, -0.017662798999936 ], [ 36.650539398000035, -0.013711100999899 ], [ 36.637138367000148, 0.016927186000089 ], [ 36.608538310000142, 0.00586018600012 ], [ 36.603370667000036, 0.005459962000032 ], [ 36.593597412000065, 0.025815647000172 ], [ 36.591270447, 0.045103587000028 ], [ 36.577232361000085, 0.070330001000059 ], [ 36.52349090600012, 0.050442901 ], [ 36.511505127000078, 0.089085028000113 ], [ 36.465232849000074, 0.140240267000081 ], [ 36.445915222, 0.09520515100013 ], [ 36.443096161000085, 0.097215772000141 ], [ 36.443464660000132, 0.092849535000084 ], [ 36.423049927000022, 0.085223332000169 ], [ 36.401423454000053, 0.057871414000147 ], [ 36.426352967000128, 0.04648296300013 ], [ 36.424739838000164, 0.044701073000113 ], [ 36.418839455000182, 0.041272304000188 ], [ 36.406880951000176, 0.041767192000123 ], [ 36.403465271000186, 0.040144429 ], [ 36.400352478000116, 0.038243803000171 ], [ 36.401775360000045, 0.031126272000051 ], [ 36.399629593000043, 0.030412429000023 ], [ 36.394525528000088, 0.032601554000053 ], [ 36.390544891000161, 0.036372960000165 ], [ 36.389664014000175, 0.029698636000035 ], [ 36.352829934000056, 0.018258311000181 ], [ 36.347537995000152, 0.033832897000082 ], [ 36.327930450000053, 0.026997900000026 ], [ 36.329074860000048, 0.021859087 ], [ 36.304496765000124, 0.018090211000128 ], [ 36.300903321000192, 0.005401585000072 ], [ 36.295255661000056, 0.004567648000091 ], [ 36.29255676300005, 0.013622147999968 ], [ 36.279316902000119, 0.004210023000098 ], [ 36.273769378000168, 0.002858211000159 ], [ 36.267330170000093, -0.018055477999837 ], [ 36.256988912000111, -0.019521450999889 ], [ 36.265376421000155, 0.021171163000133 ], [ 36.268982680000022, 0.021942133000152 ], [ 36.262142504000053, 0.035691118000045 ], [ 36.256612578000045, 0.05860849700008 ], [ 36.261535692000109, 0.065592311000103 ], [ 36.271212124000101, 0.089989602000173 ], [ 36.288998168000035, 0.113469942000108 ], [ 36.285666906000074, 0.12841063999997 ], [ 36.277331220000178, 0.149787073000027 ], [ 36.26035299900019, 0.177273440000079 ], [ 36.254103494000105, 0.183926818000089 ], [ 36.263882691000049, 0.186852814000076 ], [ 36.267316864000065, 0.19211642300013 ], [ 36.287988189000032, 0.20727861600011 ], [ 36.291485550000118, 0.21273203100003 ], [ 36.291888173000132, 0.218245293000052 ], [ 36.296124211000176, 0.229938483000126 ], [ 36.296414988000151, 0.236696275000099 ], [ 36.291755676000093, 0.25451514100007 ], [ 36.279263143000037, 0.257890155000041 ], [ 36.281768799000076, 0.267349958000182 ], [ 36.279662237000025, 0.274052895000125 ], [ 36.265058828000122, 0.277932586000077 ], [ 36.259701952000057, 0.291348214000038 ], [ 36.250564713000131, 0.299042587000088 ], [ 36.23999636700006, 0.315428096000062 ], [ 36.230886224000074, 0.318759607000061 ], [ 36.226032782000118, 0.322514746000024 ], [ 36.23089790400013, 0.335754469999983 ], [ 36.247754934000113, 0.343046508999976 ], [ 36.245592540000075, 0.329644369000107 ], [ 36.25015250000007, 0.332181586000161 ], [ 36.261000833000139, 0.34290011700017 ], [ 36.259432564000178, 0.376048675000163 ], [ 36.254362125000114, 0.381431535000047 ], [ 36.22745402400011, 0.398567043000128 ], [ 36.229220344000055, 0.421904725000047 ], [ 36.265926719000049, 0.500971278000122 ], [ 36.294124603000114, 0.566389322000134 ], [ 36.277959665000026, 0.632964817000016 ], [ 36.289100647000055, 0.646683216000099 ], [ 36.347453490000134, 0.661957441000084 ], [ 36.404959886000086, 0.71914079000004 ], [ 36.468967803000055, 0.822355848000086 ], [ 36.47562962000012, 0.838963957000146 ], [ 36.489664689999984, 0.84783782300002 ], [ 36.483853869000143, 0.824365949000025 ], [ 36.482897334000143, 0.81641483500016 ], [ 36.484886706000111, 0.8148278970001 ], [ 36.674775820000036, 0.814953238000101 ], [ 36.675443098000187, 0.818214036000029 ], [ 36.679155845000025, 0.81831456700013 ], [ 36.680557251000153, 0.82068982800007 ], [ 36.702191914000082, 0.823161029000175 ], [ 36.713113166000085, 0.819899251000152 ], [ 36.735294607000128, 0.829330620000064 ], [ 36.738624409000124, 0.831808577000174 ], [ 36.756871126000021, 0.86055201400012 ], [ 36.781435513000076, 0.869422993000057 ], [ 36.793138499000122, 0.871326993000025 ], [ 36.81918335000006, 0.855947673000117 ], [ 36.819291018000115, 0.842796931 ] ] ] } },
{ "type": "Feature", "properties": { "name": "Lamu" }, "geometry": { "type": "MultiPolygon", "coordinates": [ [ [ [ 41.370910645000151, -1.853820800999927 ], [ 41.363196276, -1.865138994999882 ], [ 41.359924316, -1.864074706999929 ], [ 41.356506347999982, -1.857727050999927 ], [ 41.352722168000071, -1.856994628999871 ], [ 41.348876953000172, -1.8585815429999 ], [ 41.347290039000143, -1.861511229999905 ], [ 41.351074219000054, -1.862426757999913 ], [ 41.355285645000151, -1.86688232399996 ], [ 41.359313965000069, -1.867492675999927 ], [ 41.36267089800009, -1.865905761999898 ], [ 41.365295410000158, -1.867309569999975 ], [ 41.363525391000167, -1.872009276999904 ], [ 41.353698730000019, -1.878112792999957 ], [ 41.338073730000076, -1.893005370999958 ], [ 41.333496094, -1.898681640999939 ], [ 41.326721191000161, -1.911987304999855 ], [ 41.319091797000056, -1.913024901999904 ], [ 41.3132934570001, -1.918823241999974 ], [ 41.310913086000028, -1.924987792999957 ], [ 41.301513672, -1.9367065429999 ], [ 41.300109863000159, -1.939880370999958 ], [ 41.301330566000161, -1.943420409999874 ], [ 41.299499512000182, -1.946716308999896 ], [ 41.292480469, -1.95031738299997 ], [ 41.290283203000115, -1.954711913999972 ], [ 41.283081054999968, -1.954711913999972 ], [ 41.27947998000019, -1.956909179999968 ], [ 41.276672363000159, -1.95959472699991 ], [ 41.272521973000096, -1.969177245999902 ], [ 41.266113281000116, -1.973083495999902 ], [ 41.26007080100004, -1.979797362999932 ], [ 41.256286621000072, -1.981384276999961 ], [ 41.254882813000108, -1.963684081999872 ], [ 41.260498047, -1.956481933999953 ], [ 41.260314941000161, -1.953125 ], [ 41.256530762000125, -1.955993651999961 ], [ 41.253723145000095, -1.953002929999968 ], [ 41.253906250000057, -1.950012206999929 ], [ 41.256896973000153, -1.947998046999828 ], [ 41.260314941000161, -1.949584960999857 ], [ 41.259094238000102, -1.939819335999971 ], [ 41.253295898000147, -1.939880370999958 ], [ 41.24627685500019, -1.9375 ], [ 41.243713378999985, -1.939392089999899 ], [ 41.24047851600011, -1.934814452999944 ], [ 41.237915039000029, -1.935791015999939 ], [ 41.236694336000028, -1.939086913999972 ], [ 41.232299805000139, -1.940673827999888 ], [ 41.231506348000096, -1.944702147999976 ], [ 41.227722168000184, -1.948486327999888 ], [ 41.228088379000042, -1.952514647999976 ], [ 41.218078613000102, -1.949401854999962 ], [ 41.220520020000038, -1.945495604999962 ], [ 41.217285156000116, -1.943908690999933 ], [ 41.216491699000073, -1.940185546999942 ], [ 41.219909668000184, -1.9375 ], [ 41.223327637000125, -1.937683104999905 ], [ 41.224914551000154, -1.932983397999976 ], [ 41.230895996000072, -1.929077147999976 ], [ 41.232299805000139, -1.926208495999958 ], [ 41.230895996000072, -1.915283202999888 ], [ 41.228881836000028, -1.913024901999904 ], [ 41.224121094000111, -1.913879394999981 ], [ 41.225097656000116, -1.917297362999932 ], [ 41.21789550800014, -1.917907714999956 ], [ 41.219726563000052, -1.910278319999918 ], [ 41.217102051000154, -1.911682128999928 ], [ 41.215698242000087, -1.902099608999947 ], [ 41.207885742000087, -1.903198241999974 ], [ 41.20031738300014, -1.90930175799997 ], [ 41.20031738300014, -1.905700683999896 ], [ 41.205078125000057, -1.898803710999971 ], [ 41.201904297000169, -1.897216796999942 ], [ 41.201721191000104, -1.893920897999919 ], [ 41.197875977000081, -1.894287108999947 ], [ 41.190124512000068, -1.899291991999974 ], [ 41.183288574000073, -1.900329589999956 ], [ 41.178527832000157, -1.909912108999947 ], [ 41.174682617000087, -1.910522460999971 ], [ 41.170288085999971, -1.916015624999829 ], [ 41.162109375000171, -1.920227050999927 ], [ 41.159912109000061, -1.92492675799997 ], [ 41.155700684000067, -1.923889159999874 ], [ 41.154724121000186, -1.927185058999839 ], [ 41.151672363000102, -1.92999267599987 ], [ 41.144714355000076, -1.931884765999939 ], [ 41.14367675800014, -1.935424804999911 ], [ 41.146728516000053, -1.937622069999918 ], [ 41.135498047000112, -1.949584960999857 ], [ 41.129089355000133, -1.951599120999958 ], [ 41.127929688000165, -1.94897460899989 ], [ 41.126525879000098, -1.953613280999889 ], [ 41.123291016000053, -1.957397460999914 ], [ 41.11853027300009, -1.961120604999962 ], [ 41.114074706999986, -1.960998534999817 ], [ 41.11047363300014, -1.965087890999939 ], [ 41.107482910000044, -1.961975097999868 ], [ 41.104675293000184, -1.964172362999875 ], [ 41.102111816000047, -1.971618651999961 ], [ 41.099670410000044, -1.969116210999914 ], [ 41.097900391000053, -1.962524413999859 ], [ 41.089477538999972, -1.963928222999925 ], [ 41.088073730000133, -1.967285155999946 ], [ 41.080871582000157, -1.968322753999928 ], [ 41.077697754000098, -1.967285155999946 ], [ 41.074279784999987, -1.968994140999939 ], [ 41.068725586000085, -1.974426269999981 ], [ 41.054504395000151, -1.981872558999953 ], [ 41.052124023000033, -1.986328124999943 ], [ 41.053283691000047, -1.997192382999913 ], [ 41.063720703000115, -2.001892089999956 ], [ 41.058471680000082, -2.006408690999876 ], [ 41.054687500000114, -2.005676269999981 ], [ 41.051879883000083, -2.007202147999976 ], [ 41.052124023000033, -2.010375976999967 ], [ 41.049499512000068, -2.013793944999975 ], [ 41.042480469000054, -2.017211913999972 ], [ 41.044128418000071, -2.023803710999971 ], [ 41.036682129000098, -2.027709960999971 ], [ 41.036499023000033, -2.031921386999898 ], [ 41.029724121000129, -2.042419433999953 ], [ 41.02288818400018, -2.037902831999929 ], [ 41.0203247070001, -2.043395995999845 ], [ 41.014526367000144, -2.047790526999904 ], [ 41.010925293000071, -2.046813964999956 ], [ 41.006896972999982, -2.042297362999875 ], [ 41.009704590000069, -2.034729003999928 ], [ 41.007324219000168, -2.03100585899989 ], [ 40.99249267600004, -2.035400390999882 ], [ 40.988891602000137, -2.027587890999882 ], [ 40.988891602000137, -2.023803710999971 ], [ 40.983093262000182, -2.018615722999868 ], [ 40.983703613000159, -2.014282226999967 ], [ 40.988098145000151, -2.013122558999953 ], [ 40.9890747070001, -2.010070800999927 ], [ 40.974670410000158, -2.000305175999927 ], [ 40.971679687000062, -1.996398925999927 ], [ 40.9714965820001, -1.993408202999888 ], [ 40.977478027000188, -1.982299804999968 ], [ 40.977905273000033, -1.963012694999918 ], [ 40.979492188000108, -1.959228515999826 ], [ 40.972473145000151, -1.952209472999925 ], [ 40.9714965820001, -1.947326659999874 ], [ 40.975097656000173, -1.94561767599987 ], [ 40.975891113000159, -1.94171142599987 ], [ 40.986083984, -1.92999267599987 ], [ 40.98968505900018, -1.921997069999918 ], [ 40.997680664000143, -1.916503905999889 ], [ 41.000671387000068, -1.908081054999968 ], [ 41.010925293000071, -1.906005858999947 ], [ 41.028503418000071, -1.891296386999954 ], [ 41.032897949000187, -1.889709472999925 ], [ 41.037475586000141, -1.88061523399989 ], [ 41.032470703000172, -1.868896483999833 ], [ 41.029479980000076, -1.867004394999867 ], [ 41.024902344000054, -1.870422362999875 ], [ 41.023498535000158, -1.878417968999827 ], [ 41.012695312000062, -1.886108397999919 ], [ 41.009277344000054, -1.891723632999913 ], [ 41.003112793000071, -1.894287108999947 ], [ 40.999084473000039, -1.893493651999904 ], [ 40.9968872070001, -1.896606444999975 ], [ 40.993286133000026, -1.893310546999942 ], [ 40.983703613000159, -1.909118651999904 ], [ 40.975524902000132, -1.91320800799997 ], [ 40.971679687000062, -1.911193847999925 ], [ 40.978271484, -1.920593261999954 ], [ 40.976318359000174, -1.925415038999915 ], [ 40.973083496000129, -1.927978515999939 ], [ 40.967529297, -1.92492675799997 ], [ 40.966918945000145, -1.927978515999939 ], [ 40.95867919900013, -1.932922362999818 ], [ 40.951721191000161, -1.943115233999947 ], [ 40.953491211000085, -1.957702636999954 ], [ 40.958312988000159, -1.958496093999884 ], [ 40.960876465000069, -1.961791991999917 ], [ 40.954711914000086, -1.971191405999946 ], [ 40.954284668000071, -1.974304198999903 ], [ 40.95867919900013, -1.984313964999899 ], [ 40.947875977000137, -1.995178222999812 ], [ 40.946289063000108, -1.998718261999954 ], [ 40.933105469000168, -2.002624511999954 ], [ 40.929321289000029, -2.005798339999956 ], [ 40.928710938000108, -2.011169433999896 ], [ 40.92547607400013, -2.012207030999946 ], [ 40.921325684000124, -2.010498046999942 ], [ 40.905273438000108, -1.993286132999913 ], [ 40.897888184000124, -1.990173339999956 ], [ 40.890075684000124, -1.989318847999925 ], [ 40.892517090000183, -1.984802245999902 ], [ 40.887695313000108, -1.98608398399989 ], [ 40.886474609000174, -1.989807128999928 ], [ 40.875671387000182, -1.991210936999892 ], [ 40.868896484000118, -1.989074706999929 ], [ 40.865112305000082, -1.977905272999976 ], [ 40.869689941000161, -1.970886229999905 ], [ 40.866088867000087, -1.97131347699991 ], [ 40.865905762000125, -1.964721679999855 ], [ 40.862487793000184, -1.959106444999918 ], [ 40.859497070000089, -1.959228515999826 ], [ 40.859130859000118, -1.966796874999943 ], [ 40.856689453000058, -1.968322753999928 ], [ 40.856506348000096, -1.971191405999946 ], [ 40.84790039100011, -1.969604491999917 ], [ 40.845275878999985, -1.967285155999946 ], [ 40.847290039000029, -1.962585448999846 ], [ 40.846313477000081, -1.957824706999929 ], [ 40.84289550800014, -1.953308104999962 ], [ 40.842102051000154, -1.947875976999853 ], [ 40.836120605000133, -1.945007323999903 ], [ 40.834472656000116, -1.94171142599987 ], [ 40.831298828000058, -1.94171142599987 ], [ 40.834716797000112, -1.948120116999974 ], [ 40.836914063000052, -1.958618163999972 ], [ 40.833129883000083, -1.960021972999925 ], [ 40.829528809000067, -1.959777831999872 ], [ 40.824523926000097, -1.956176757999913 ], [ 40.814514160000044, -1.956420897999976 ], [ 40.806701660000044, -1.951599120999958 ], [ 40.802490234000118, -1.953186034999931 ], [ 40.797119141000053, -1.949890136999954 ], [ 40.797302246000186, -1.94641113299997 ], [ 40.783691406000059, -1.945007323999903 ], [ 40.780090332000157, -1.943725585999971 ], [ 40.779724121000186, -1.9406127929999 ], [ 40.775512695000032, -1.943176269999924 ], [ 40.768127441000047, -1.941101073999903 ], [ 40.766296387000068, -1.93859863299997 ], [ 40.764526366999974, -1.941528319999975 ], [ 40.76110839800009, -1.941864013999975 ], [ 40.778503418000128, -1.948181151999961 ], [ 40.784484863000046, -1.952392577999888 ], [ 40.784729004000098, -1.955810546999885 ], [ 40.787719727000194, -1.956298827999888 ], [ 40.789123534999987, -1.959716796999885 ], [ 40.794494629000155, -1.963806151999961 ], [ 40.811279297000169, -1.969299315999876 ], [ 40.806274414000029, -1.974609374999943 ], [ 40.813903809000067, -1.975280761999898 ], [ 40.823486328000058, -1.980224608999947 ], [ 40.826721191000104, -1.980590819999975 ], [ 40.830078125, -1.978576659999931 ], [ 40.835693359000118, -1.979309081999872 ], [ 40.848327637000068, -1.988098144999924 ], [ 40.846679688000052, -1.990600585999971 ], [ 40.854309082000043, -1.992370604999962 ], [ 40.863098145000095, -1.999328612999932 ], [ 40.870483398000147, -2.000488280999946 ], [ 40.872924805000082, -2.002685546999942 ], [ 40.87329101600011, -2.005615233999947 ], [ 40.869689941000161, -2.007324218999884 ], [ 40.865905762000125, -2.005981444999975 ], [ 40.858886719000168, -2.010986327999944 ], [ 40.846130371000186, -2.011596679999968 ], [ 40.838928223000096, -2.015380858999833 ], [ 40.833496094000111, -2.015319823999846 ], [ 40.829895020000038, -2.018615722999868 ], [ 40.838684082000043, -2.018493651999904 ], [ 40.841674805000139, -2.020080565999933 ], [ 40.84851074200003, -2.016723632999913 ], [ 40.856872559000124, -2.019592284999931 ], [ 40.859497070000089, -2.022399901999961 ], [ 40.862915039000029, -2.020812987999932 ], [ 40.865722656000059, -2.015319823999846 ], [ 40.870117187000119, -2.013610839999842 ], [ 40.874511719000111, -2.015014647999976 ], [ 40.878112793000184, -2.018310546999942 ], [ 40.882690430000139, -2.017822265999939 ], [ 40.886474609000174, -2.015319823999846 ], [ 40.889526367000087, -2.015625 ], [ 40.89227294900013, -2.011291503999871 ], [ 40.897705078000058, -2.010620116999917 ], [ 40.902893066000161, -2.0167846679999 ], [ 40.900329590000126, -2.028808593999827 ], [ 40.900878906000116, -2.044128417999957 ], [ 40.899108887000125, -2.046875 ], [ 40.885681152000132, -2.036010741999917 ], [ 40.881896973000096, -2.035217284999931 ], [ 40.882690430000139, -2.041992186999948 ], [ 40.879272461000028, -2.041809081999816 ], [ 40.874328613000102, -2.046691894999981 ], [ 40.889282227000137, -2.051513671999942 ], [ 40.893493652000132, -2.059020995999902 ], [ 40.891906738000102, -2.062622069999975 ], [ 40.885070800999983, -2.056213378999871 ], [ 40.880493164000029, -2.056213378999871 ], [ 40.873718262000125, -2.065124511999898 ], [ 40.854309082000043, -2.071105956999929 ], [ 40.856079102000081, -2.073425292999957 ], [ 40.867492676000154, -2.072998046999885 ], [ 40.869689941000161, -2.076721190999933 ], [ 40.872680664000086, -2.07257080099987 ], [ 40.883300781000116, -2.064208983999833 ], [ 40.885070800999983, -2.065979003999928 ], [ 40.883483887000125, -2.070678710999914 ], [ 40.877075195000145, -2.074401854999962 ], [ 40.879516602000081, -2.077087401999847 ], [ 40.883117676000154, -2.076904296999885 ], [ 40.888671875000057, -2.072387694999918 ], [ 40.893310547000169, -2.073181151999961 ], [ 40.896911621000072, -2.071899413999915 ], [ 40.899475098000153, -2.073486327999944 ], [ 40.898315430000139, -2.082214354999962 ], [ 40.904296875000057, -2.079223632999856 ], [ 40.911682129000042, -2.091186522999976 ], [ 40.910888672, -2.12951660199991 ], [ 40.912719727000081, -2.143493651999961 ], [ 40.916870117000144, -2.149902343999884 ], [ 40.916076660000101, -2.157226561999892 ], [ 40.918090820000145, -2.160400390999939 ], [ 40.915893555000139, -2.184509276999961 ], [ 40.920288086000028, -2.213378905999889 ], [ 40.926330566000161, -2.221313476999967 ], [ 40.923095703000115, -2.22241210899989 ], [ 40.918884277000132, -2.221008300999927 ], [ 40.90447998000019, -2.213317870999902 ], [ 40.901489258000026, -2.210510253999871 ], [ 40.902282715000183, -2.203186034999931 ], [ 40.898925781000059, -2.200500487999875 ], [ 40.895324707000043, -2.202697753999871 ], [ 40.891296387000125, -2.200927733999947 ], [ 40.887695313000108, -2.203613280999946 ], [ 40.885681152000132, -2.2003784179999 ], [ 40.887878418000071, -2.198120116999917 ], [ 40.888488770000095, -2.189880370999845 ], [ 40.886291504000042, -2.187622069999975 ], [ 40.882690430000139, -2.188476561999948 ], [ 40.882507324000073, -2.195129394999924 ], [ 40.872070313000108, -2.199890136999898 ], [ 40.869689941000161, -2.202392577999944 ], [ 40.874084473000153, -2.2042846679999 ], [ 40.878295898000147, -2.203918456999872 ], [ 40.879516602000081, -2.213317870999902 ], [ 40.860107422000169, -2.213012694999975 ], [ 40.878112793000184, -2.222290038999915 ], [ 40.870910645000095, -2.225891112999818 ], [ 40.867675781000116, -2.224975585999914 ], [ 40.866699219000111, -2.228027343999884 ], [ 40.861083984000118, -2.232910155999946 ], [ 40.868103027000132, -2.234313964999956 ], [ 40.858703613000102, -2.237182616999974 ], [ 40.852111816000104, -2.234008788999915 ], [ 40.831115723000096, -2.243408202999944 ], [ 40.840270996000072, -2.232299804999911 ], [ 40.828918457000157, -2.22821044899996 ], [ 40.824890137000125, -2.229980468999941 ], [ 40.816711426000097, -2.230285644999981 ], [ 40.804077148000147, -2.237609862999875 ], [ 40.801330566000047, -2.237609862999875 ], [ 40.800109863000046, -2.233520507999913 ], [ 40.796508788999972, -2.233520507999913 ], [ 40.793090820000089, -2.235778808999896 ], [ 40.791320801000097, -2.240112304999911 ], [ 40.795715332000157, -2.240112304999911 ], [ 40.79968261700003, -2.246215819999975 ], [ 40.783874512000125, -2.26141357399996 ], [ 40.780700684000067, -2.260314940999933 ], [ 40.780517578000172, -2.252197265999826 ], [ 40.778320312000119, -2.247619628999871 ], [ 40.775695801000097, -2.247497558999896 ], [ 40.775695801000097, -2.251403808999896 ], [ 40.772521973000039, -2.250793456999929 ], [ 40.770080566000104, -2.242187499999943 ], [ 40.767883301000097, -2.245910644999981 ], [ 40.764709473000039, -2.247680663999972 ], [ 40.765075684000067, -2.251892089999956 ], [ 40.762084961000141, -2.255310058999896 ], [ 40.75329589800009, -2.252075194999918 ], [ 40.752319336000085, -2.248474120999958 ], [ 40.749694824000187, -2.248901366999974 ], [ 40.74749755900001, -2.231872558999896 ], [ 40.745727539000143, -2.234619140999882 ], [ 40.746276855000133, -2.245117187999938 ], [ 40.742919922000112, -2.245117187999938 ], [ 40.736083984000061, -2.239685058999896 ], [ 40.731872559000067, -2.239196776999904 ], [ 40.729309082000157, -2.232482909999874 ], [ 40.730285645000038, -2.226684569999918 ], [ 40.728088379000098, -2.225708007999856 ], [ 40.726501465000069, -2.229125976999967 ], [ 40.719116211000085, -2.219177245999958 ], [ 40.715270996000186, -2.218017577999944 ], [ 40.726501465000069, -2.238403319999975 ], [ 40.727478027000075, -2.242980956999929 ], [ 40.726318359000061, -2.251708983999947 ], [ 40.723327637000011, -2.25109863299997 ], [ 40.721130371000129, -2.255920409999931 ], [ 40.71710205100004, -2.259094237999932 ], [ 40.704101563000165, -2.258422851999967 ], [ 40.705505371000129, -2.262084960999914 ], [ 40.708496094000054, -2.264099120999958 ], [ 40.715270996000186, -2.262390136999954 ], [ 40.721313477000194, -2.263305663999915 ], [ 40.723876953000172, -2.267211913999915 ], [ 40.728088379000098, -2.26672363299997 ], [ 40.735290527000075, -2.25891113299997 ], [ 40.739501953000172, -2.26788330099987 ], [ 40.736083984000061, -2.273193358999947 ], [ 40.730712891, -2.277221679999911 ], [ 40.727111816000047, -2.275207519999981 ], [ 40.722290039000143, -2.278381347999925 ], [ 40.716918945000032, -2.277709960999914 ], [ 40.713317871000129, -2.272521972999925 ], [ 40.707702637000068, -2.274719237999818 ], [ 40.71228027300009, -2.285583495999958 ], [ 40.705505371000129, -2.282287597999925 ], [ 40.701904297000056, -2.283325194999975 ], [ 40.695922852000137, -2.289184569999861 ], [ 40.691284180000025, -2.2902221679999 ], [ 40.694702148000033, -2.293029784999874 ], [ 40.705078125000114, -2.295715331999929 ], [ 40.706298828000172, -2.299011229999962 ], [ 40.703125000000114, -2.306823729999962 ], [ 40.706909180000025, -2.309997558999953 ], [ 40.7117309570001, -2.307495116999917 ], [ 40.713317871000129, -2.309875487999875 ], [ 40.724304199000187, -2.312194823999903 ], [ 40.72790527300009, -2.311828612999932 ], [ 40.725891113000046, -2.308715819999918 ], [ 40.728088379000098, -2.306274413999972 ], [ 40.738891602000194, -2.312011718999941 ], [ 40.759521484000061, -2.318908690999876 ], [ 40.760070801000097, -2.330078124999886 ], [ 40.766113281, -2.344726561999892 ], [ 40.764709473000039, -2.348083495999902 ], [ 40.766113281, -2.351501464999842 ], [ 40.771911621000186, -2.351196288999972 ], [ 40.77429199200003, -2.354309081999872 ], [ 40.772277831999986, -2.358825683999953 ], [ 40.774475098000096, -2.361877440999933 ], [ 40.777526855000076, -2.359680175999927 ], [ 40.778930664000143, -2.366027831999872 ], [ 40.775329590000069, -2.369812011999898 ], [ 40.768493652000075, -2.372009276999961 ], [ 40.769897461000141, -2.376098632999913 ], [ 40.778503418000128, -2.375915526999961 ], [ 40.770690918000128, -2.380187987999875 ], [ 40.769287109000061, -2.382690429999911 ], [ 40.77087402300009, -2.385925292999957 ], [ 40.772521973000039, -2.382690429999911 ], [ 40.775878906000059, -2.384826659999931 ], [ 40.780090332000157, -2.383605956999816 ], [ 40.788513184000067, -2.371215819999975 ], [ 40.789489746000186, -2.362609862999932 ], [ 40.791687012000125, -2.360778808999953 ], [ 40.789489746000186, -2.346984862999875 ], [ 40.791076660000044, -2.344421386999954 ], [ 40.79431152300009, -2.344116210999914 ], [ 40.797302246000186, -2.345825194999918 ], [ 40.806518555000082, -2.355285644999867 ], [ 40.817321777000075, -2.357421874999943 ], [ 40.821289062000119, -2.361511229999905 ], [ 40.824890137000125, -2.371582030999889 ], [ 40.824523926000097, -2.388610839999956 ], [ 40.821105956999986, -2.393005370999902 ], [ 40.811889648000147, -2.398620604999905 ], [ 40.780517578000172, -2.424682616999974 ], [ 40.771484375000171, -2.4375 ], [ 40.770324707000157, -2.44891357399996 ], [ 40.767517090000069, -2.451477050999813 ], [ 40.750671387000068, -2.450195311999892 ], [ 40.747070312000119, -2.452697753999928 ], [ 40.736313199000108, -2.455831259999911 ], [ 40.66422919200005, -2.466511981999929 ], [ 40.44368550900009, -2.399387253999919 ], [ 40.442173322000144, -2.39943703299997 ], [ 40.445543695000026, -2.40264207599995 ], [ 40.445116045000134, -2.406256761999884 ], [ 40.442718988000138, -2.40932095699992 ], [ 40.435275405000027, -2.413303492999944 ], [ 40.432556775000137, -2.416950774999918 ], [ 40.425939238000183, -2.417904656999951 ], [ 40.425333633999969, -2.421841461999918 ], [ 40.412772343000086, -2.423875012999872 ], [ 40.407206540000118, -2.430160346999969 ], [ 40.40275834900001, -2.428878210999926 ], [ 40.399036955000156, -2.431072378999943 ], [ 40.390112682999984, -2.426765531999934 ], [ 40.385224723000022, -2.427154811999969 ], [ 40.38162086, -2.421952508999937 ], [ 40.371048172000087, -2.422447144999921 ], [ 40.367279087000099, -2.417494003999934 ], [ 40.357224147000181, -2.414605314999903 ], [ 40.34888778800007, -2.405629398999963 ], [ 40.34882058200003, -2.400783425999975 ], [ 40.346494266000093, -2.398634976999972 ], [ 40.25392341100013, -2.398023378999881 ], [ 40.25042458300004, -2.396689718999937 ], [ 40.25034744300001, -2.248181860999921 ], [ 40.212176223000085, -2.035650818999898 ], [ 40.217626064000115, -2.034310905999973 ], [ 40.403330019000066, -1.947262321999972 ], [ 40.500272451000171, -1.906698649999953 ], [ 40.714405468000166, -1.802944496999885 ], [ 40.735717773000033, -1.794799804999968 ], [ 40.740708482000059, -1.790498234999916 ], [ 40.89270402600016, -1.716317020999895 ], [ 41.509703655000123, -1.661916288999976 ], [ 41.531311035000044, -1.661315917999957 ], [ 41.524291992000087, -1.671691894999867 ], [ 41.492126465000126, -1.700683593999941 ], [ 41.462890625000171, -1.744201659999874 ], [ 41.451477051000097, -1.752685546999828 ], [ 41.446899414000143, -1.760009765999939 ], [ 41.413696289000143, -1.797180175999927 ], [ 41.400329590000069, -1.807128905999889 ], [ 41.397705078000172, -1.811706542999957 ], [ 41.398681641000053, -1.819519042999957 ], [ 41.393676758000083, -1.823486327999944 ], [ 41.392700195000032, -1.827697753999928 ], [ 41.372070313000165, -1.846618651999961 ], [ 41.368713379000042, -1.851989745999845 ], [ 41.370910645000151, -1.853820800999927 ] ] ], [ [ [ 41.09710693400001, -2.053405761999898 ], [ 41.103515625000114, -2.052673339999956 ], [ 41.109313965000069, -2.059204101999967 ], [ 41.119506836000141, -2.058593749999829 ], [ 41.137512207000157, -2.073791503999814 ], [ 41.140686035000044, -2.071899413999915 ], [ 41.138671875000171, -2.068725585999971 ], [ 41.138671875000171, -2.065185546999885 ], [ 41.145874023000147, -2.069824218999941 ], [ 41.159729004000098, -2.07391357399996 ], [ 41.163085937000119, -2.079711913999915 ], [ 41.157287598000096, -2.092224120999845 ], [ 41.150878906000059, -2.097106933999896 ], [ 41.150085449000073, -2.092712401999904 ], [ 41.144714355000076, -2.096618651999904 ], [ 41.139892578, -2.095886229999962 ], [ 41.137695312000119, -2.086791991999974 ], [ 41.130920409999987, -2.082580565999876 ], [ 41.115478516000053, -2.080200194999918 ], [ 41.112304687000119, -2.080322265999882 ], [ 41.108886719000111, -2.0831909179999 ], [ 41.106506348000039, -2.087585448999903 ], [ 41.094482422000112, -2.099670409999931 ], [ 41.097900391000053, -2.103515624999943 ], [ 41.105895996000186, -2.107910155999889 ], [ 41.105529785000158, -2.111206054999855 ], [ 41.107910156, -2.113403319999918 ], [ 41.105712891000053, -2.124206542999843 ], [ 41.111083984000061, -2.128906249999943 ], [ 41.113098145000038, -2.132995604999905 ], [ 41.107910156, -2.138488769999924 ], [ 41.093322754000098, -2.140197753999928 ], [ 41.08728027300009, -2.136596679999968 ], [ 41.088073730000133, -2.133178710999971 ], [ 41.084716797000112, -2.1320190429999 ], [ 41.083312988000046, -2.12921142599987 ], [ 41.084716797000112, -2.119506835999914 ], [ 41.079711914000143, -2.114990233999947 ], [ 41.076110840000069, -2.11492919899996 ], [ 41.076110840000069, -2.118408202999944 ], [ 41.079101563000165, -2.120300292999957 ], [ 41.07171630900018, -2.123413085999914 ], [ 41.069274902000075, -2.126586913999972 ], [ 41.073303223000039, -2.127197265999939 ], [ 41.074890137000068, -2.129699706999872 ], [ 41.056518555000025, -2.136596679999968 ], [ 41.051879883000083, -2.134216308999896 ], [ 41.056701660000158, -2.122619628999814 ], [ 41.053283691000047, -2.12170410199991 ], [ 41.052124023000033, -2.111572265999939 ], [ 41.039489746000129, -2.110900878999928 ], [ 41.031494141, -2.113403319999918 ], [ 41.026672363000046, -2.119873046999942 ], [ 41.022521973000153, -2.122497558999839 ], [ 41.014709472999982, -2.12561035199991 ], [ 41.009704590000069, -2.125793456999872 ], [ 41.006713867000144, -2.129028319999918 ], [ 41.01507568400018, -2.135070800999927 ], [ 41.014892578000115, -2.138977050999927 ], [ 41.008300781000173, -2.140808104999962 ], [ 41.000671387000068, -2.140625 ], [ 40.995727539000086, -2.139526366999974 ], [ 40.99249267600004, -2.13647460899989 ], [ 40.985107422000056, -2.133483886999954 ], [ 40.983276367000144, -2.120178222999868 ], [ 40.969909668000071, -2.116088866999917 ], [ 40.971679687000062, -2.108215331999929 ], [ 40.975524902000132, -2.105529784999931 ], [ 40.990295410000158, -2.101013183999896 ], [ 40.994079590000069, -2.102294921999885 ], [ 40.995117188000108, -2.110290526999961 ], [ 40.997924804999968, -2.112976073999846 ], [ 41.004089355000076, -2.115173339999899 ], [ 41.003295898000033, -2.10461425799997 ], [ 41.004272461000085, -2.100585936999892 ], [ 41.006896972999982, -2.098510741999974 ], [ 41.018920898000033, -2.101989745999958 ], [ 41.029724121000129, -2.094177245999958 ], [ 41.039672852000194, -2.0910034179999 ], [ 41.045471191000047, -2.086425780999946 ], [ 41.061523437000062, -2.091796874999943 ], [ 41.059692383000083, -2.085205077999944 ], [ 41.073730469000054, -2.080017089999956 ], [ 41.079101563000165, -2.074523925999927 ], [ 41.081909180000025, -2.06811523399989 ], [ 41.078125000000114, -2.063476562999881 ], [ 41.082092284999987, -2.058715819999975 ], [ 41.084472656000059, -2.051086425999927 ], [ 41.085876465000126, -2.054626464999956 ], [ 41.096923828000172, -2.056213378999871 ], [ 41.09710693400001, -2.053405761999898 ] ] ], [ [ [ 40.888122559000067, -2.246276854999962 ], [ 40.891113281000116, -2.248229979999905 ], [ 40.900878906000116, -2.262878417999957 ], [ 40.903930664000029, -2.271423339999956 ], [ 40.911682129000042, -2.284179686999892 ], [ 40.915283203000115, -2.292907714999899 ], [ 40.913330078000058, -2.296997069999918 ], [ 40.910095215000183, -2.297912597999925 ], [ 40.896911621000072, -2.294799804999968 ], [ 40.885925293000184, -2.295104979999962 ], [ 40.867309570000089, -2.300109862999932 ], [ 40.846130371000186, -2.311523437999881 ], [ 40.824707031000059, -2.331176757999913 ], [ 40.821472168000184, -2.33312988299997 ], [ 40.815124512000068, -2.332702636999954 ], [ 40.814514160000044, -2.325622558999896 ], [ 40.816284180000082, -2.312377929999968 ], [ 40.814270020000095, -2.304809569999918 ], [ 40.814697266000053, -2.292785644999924 ], [ 40.817687988000102, -2.291625976999967 ], [ 40.819274902000132, -2.283386229999962 ], [ 40.827087402000132, -2.276611327999944 ], [ 40.832092285000044, -2.27960205099987 ], [ 40.840270996000072, -2.280517577999944 ], [ 40.844116211000141, -2.278808593999941 ], [ 40.836486816000104, -2.269409179999911 ], [ 40.837280273000147, -2.265197753999928 ], [ 40.840881348000096, -2.263671874999943 ], [ 40.843505859000118, -2.260009765999882 ], [ 40.851074219000168, -2.25750732399996 ], [ 40.857727051000097, -2.259826659999931 ], [ 40.860107422000169, -2.258178710999914 ], [ 40.866882324000073, -2.258728026999904 ], [ 40.869323730000133, -2.257995604999962 ], [ 40.869873047, -2.255493163999859 ], [ 40.87127685500019, -2.258483886999954 ], [ 40.874511719000111, -2.253906249999829 ], [ 40.877929688000052, -2.256286620999958 ], [ 40.880126953000058, -2.249511718999941 ], [ 40.886474609000174, -2.248718261999898 ], [ 40.888122559000067, -2.246276854999962 ] ] ], [ [ [ 40.98468017600004, -2.2492065429999 ], [ 40.984924316000161, -2.2570190429999 ], [ 40.987670898000033, -2.258728026999904 ], [ 40.978088379000042, -2.26867675799997 ], [ 40.9714965820001, -2.2785034179999 ], [ 40.969299316, -2.288696288999972 ], [ 40.960510254000042, -2.297912597999925 ], [ 40.958496094000168, -2.30529785199991 ], [ 40.956115723000153, -2.308227538999859 ], [ 40.94549560500019, -2.315612792999957 ], [ 40.929077148000033, -2.319702147999976 ], [ 40.925109863000102, -2.319702147999976 ], [ 40.915283203000115, -2.315124511999954 ], [ 40.912475586000028, -2.308288573999846 ], [ 40.914123535000044, -2.304382323999846 ], [ 40.921508789000086, -2.298889159999931 ], [ 40.922912598000153, -2.301513671999885 ], [ 40.925292969000168, -2.299804686999892 ], [ 40.922729492000087, -2.295410155999889 ], [ 40.926513672000169, -2.290527343999941 ], [ 40.929077148000033, -2.293823241999974 ], [ 40.934509277000132, -2.290527343999941 ], [ 40.942504883000026, -2.293701171999885 ], [ 40.956298828000115, -2.294982909999931 ], [ 40.961486816, -2.288085936999892 ], [ 40.963500977000137, -2.281005858999947 ], [ 40.95672607400013, -2.285522460999971 ], [ 40.952880859000174, -2.286193847999925 ], [ 40.944885254000042, -2.280822753999871 ], [ 40.934875488000159, -2.283203124999943 ], [ 40.928527832000043, -2.280700683999896 ], [ 40.914916992000087, -2.259887694999918 ], [ 40.909729004000155, -2.254394530999889 ], [ 40.903503418000014, -2.237426757999913 ], [ 40.902893066000161, -2.222778319999918 ], [ 40.912719727000081, -2.22430419899996 ], [ 40.928100586000028, -2.236694335999971 ], [ 40.93768310500019, -2.239318847999812 ], [ 40.934509277000132, -2.242797851999967 ], [ 40.932128906000116, -2.256408690999933 ], [ 40.938903809000124, -2.2609252929999 ], [ 40.939514160000101, -2.257385253999928 ], [ 40.935913086000028, -2.254516601999967 ], [ 40.944885254000042, -2.239685058999896 ], [ 40.948486328000115, -2.238403319999975 ], [ 40.94891357400013, -2.235412597999812 ], [ 40.947082520000151, -2.232421874999886 ], [ 40.955688477000137, -2.233215331999929 ], [ 40.95812988299997, -2.2374877929999 ], [ 40.962097168000071, -2.239074706999929 ], [ 40.964294434000124, -2.242004394999981 ], [ 40.954711914000086, -2.251403808999896 ], [ 40.957885742000144, -2.257324218999941 ], [ 40.961914063000108, -2.258422851999967 ], [ 40.965087891000167, -2.256225585999971 ], [ 40.967285156000173, -2.251708983999947 ], [ 40.972473145000151, -2.249572753999928 ], [ 40.969116211000028, -2.240112304999911 ], [ 40.972290039000086, -2.234375 ], [ 40.969909668000071, -2.229370116999974 ], [ 40.965515137000182, -2.226074218999941 ], [ 40.967712402000132, -2.220703124999886 ], [ 40.974121094000168, -2.224609374999886 ], [ 40.975891113000159, -2.23468017599987 ], [ 40.98468017600004, -2.2492065429999 ] ] ], [ [ [ 41.26727294900013, -2.013793944999975 ], [ 41.255920410000044, -2.029907226999967 ], [ 41.253479004000042, -2.027893065999933 ], [ 41.259704590000183, -2.019714354999905 ], [ 41.26190185500019, -2.013610839999842 ], [ 41.296081543000071, -1.973083495999902 ], [ 41.29992675799997, -1.976989745999902 ], [ 41.291687012000182, -1.984008788999972 ], [ 41.287902832000043, -1.991516112999932 ], [ 41.277893066000161, -2.003906249999943 ], [ 41.26727294900013, -2.013793944999975 ] ] ], [ [ [ 41.125671387000125, -2.10461425799997 ], [ 41.132324219000054, -2.095092772999976 ], [ 41.13610839800009, -2.104309081999929 ], [ 41.140075684000067, -2.106506347999925 ], [ 41.145874023000147, -2.103881835999914 ], [ 41.150329590000126, -2.105285644999981 ], [ 41.153930664000143, -2.110412597999925 ], [ 41.152099609000118, -2.114624022999863 ], [ 41.140319824000187, -2.115295409999874 ], [ 41.126708984000061, -2.108276366999917 ], [ 41.125671387000125, -2.10461425799997 ] ] ], [ [ [ 40.9871215820001, -2.148681640999939 ], [ 40.9793090820001, -2.153503417999957 ], [ 40.976318359000174, -2.151611327999888 ], [ 40.978515625000057, -2.144775390999882 ], [ 40.982299805000025, -2.142028808999896 ], [ 40.98651123000019, -2.143005370999958 ], [ 40.989318848000153, -2.145507811999892 ], [ 40.9871215820001, -2.148681640999939 ] ] ], [ [ [ 41.204895020000095, -2.006408690999876 ], [ 41.208679199000073, -2.006591796999942 ], [ 41.213500977000081, -2.011413573999846 ], [ 41.214294434000124, -2.015502929999968 ], [ 41.204284668000184, -2.012512206999872 ], [ 41.202880859000118, -2.009826659999817 ], [ 41.204895020000095, -2.006408690999876 ] ] ], [ [ [ 40.72009277300009, -2.299377440999876 ], [ 40.719909668000128, -2.305480956999872 ], [ 40.713500977000194, -2.303222655999889 ], [ 40.711486816000047, -2.295471190999876 ], [ 40.72009277300009, -2.299377440999876 ] ] ], [ [ [ 40.794677734000118, -2.267028808999953 ], [ 40.794494629000155, -2.262329101999967 ], [ 40.797912598000039, -2.258972167999957 ], [ 40.801696777000075, -2.259094237999932 ], [ 40.794677734000118, -2.267028808999953 ] ] ], [ [ [ 40.742126465000069, -2.257812499999829 ], [ 40.745117188000165, -2.257080077999888 ], [ 40.749084473000039, -2.258483886999954 ], [ 40.748291016000053, -2.262512206999929 ], [ 40.742126465000069, -2.257812499999829 ] ] ], [ [ [ 41.019470215000069, -2.141601561999892 ], [ 41.022094727000194, -2.138610839999899 ], [ 41.026489258000083, -2.141418456999929 ], [ 41.024108887000182, -2.144409179999968 ], [ 41.019470215000069, -2.141601561999892 ] ] ], [ [ [ 41.109680176000097, -2.050903319999975 ], [ 41.112487793000128, -2.052917479999905 ], [ 41.111694336000141, -2.056213378999871 ], [ 41.10827636700003, -2.0538940429999 ], [ 41.109680176000097, -2.050903319999975 ] ] ], [ [ [ 40.817077637000125, -2.236389159999874 ], [ 40.813110352000024, -2.237976073999903 ], [ 40.810485840000126, -2.237304686999948 ], [ 40.814880371000015, -2.234985351999967 ], [ 40.817077637000125, -2.236389159999874 ] ] ], [ [ [ 41.103515625000114, -2.052673339999956 ], [ 41.102722168000128, -2.050720214999956 ], [ 41.105529785000158, -2.049926757999913 ], [ 41.106079102000024, -2.05242919899996 ], [ 41.103515625000114, -2.052673339999956 ] ] ], [ [ [ 40.931518555000139, -2.012817382999913 ], [ 40.935729980000133, -2.010620116999917 ], [ 40.935302734000174, -2.013427733999947 ], [ 40.931518555000139, -2.012817382999913 ] ] ], [ [ [ 41.078491211000141, -2.136108397999976 ], [ 41.07952880900018, -2.132812499999943 ], [ 41.082092284999987, -2.135070800999927 ], [ 41.078491211000141, -2.136108397999976 ] ] ], [ [ [ 41.132324219000054, -2.095092772999976 ], [ 41.132080078000058, -2.091613769999981 ], [ 41.134887695000089, -2.093811034999874 ], [ 41.132324219000054, -2.095092772999976 ] ] ], [ [ [ 40.791503906000059, -2.269104003999814 ], [ 40.794677734000118, -2.267028808999953 ], [ 40.793884277000075, -2.270202636999954 ], [ 40.791503906000059, -2.269104003999814 ] ] ] ] } },
{ "type": "Feature", "properties": { "name": "Machakos" }, "geometry": { "type": "Polygon", "coordinates": [ [ [ 37.744623184000034, -0.780120998999962 ], [ 37.749996185000043, -0.80343860399995 ], [ 37.754770279000184, -0.812904208999953 ], [ 37.753894806000119, -0.815160959999957 ], [ 37.757207871000105, -0.823718755999892 ], [ 37.76521301300005, -0.82421913699983 ], [ 37.771095276000096, -0.820727943999884 ], [ 37.779890061000117, -0.824929623999822 ], [ 37.788124085000163, -0.82251648099998 ], [ 37.791147232000071, -0.818877755999949 ], [ 37.796483994000027, -0.816585897999914 ], [ 37.805433909000101, -0.801835854999922 ], [ 37.807918549000135, -0.807175456999971 ], [ 37.808198929000071, -0.815059213999973 ], [ 37.810470581000118, -0.814397075999921 ], [ 37.813875198000176, -0.808500825999943 ], [ 37.819278717000032, -0.804385184999944 ], [ 37.828597069000125, -0.805733456999917 ], [ 37.83307266200012, -0.813540904999968 ], [ 37.836859385000025, -0.812175173999947 ], [ 37.838272857999982, -0.809527813999978 ], [ 37.844915830000048, -0.811426547999872 ], [ 37.845902443000057, -0.813770442999953 ], [ 37.843377431000192, -0.818678845999898 ], [ 37.847188677000076, -0.820835964999958 ], [ 37.847601573000134, -0.824707527999919 ], [ 37.845621109000035, -0.827633350999974 ], [ 37.848970413000075, -0.832702487999882 ], [ 37.840994517000013, -0.83497282799982 ], [ 37.841486613000086, -0.840116341999931 ], [ 37.844631672000162, -0.841902426999923 ], [ 37.84173838300012, -0.844619631999876 ], [ 37.837014198000134, -0.845301120999977 ], [ 37.838172913000164, -0.848354517999894 ], [ 37.836279551000189, -0.851574748999894 ], [ 37.831004143000143, -0.854021339999917 ], [ 37.832941437000045, -0.854943310999886 ], [ 37.832642364000094, -0.857579540999893 ], [ 37.829619884000124, -0.857480160999842 ], [ 37.828446387999975, -0.86082383999991 ], [ 37.831001282000159, -0.862265705999846 ], [ 37.831507683000041, -0.864439829999981 ], [ 37.826033274000167, -0.866798559999893 ], [ 37.82723871900015, -0.872423509999976 ], [ 37.824180603000116, -0.872604558999967 ], [ 37.825691985999981, -0.87537223999982 ], [ 37.821635246000085, -0.87973320499998 ], [ 37.822019577000162, -0.882079123999972 ], [ 37.819905281000047, -0.883240870999941 ], [ 37.82160313900016, -0.885056375999966 ], [ 37.822233836000066, -0.89084324199996 ], [ 37.824164391000181, -0.890985063999949 ], [ 37.822519938000084, -0.895082214999945 ], [ 37.819452286000114, -0.895325451999895 ], [ 37.81818294500016, -0.897090166999874 ], [ 37.818681717000061, -0.900095760999875 ], [ 37.824718475000168, -0.900054692999959 ], [ 37.829893748000188, -0.902509510999948 ], [ 37.830619812000066, -0.905179857999883 ], [ 37.836931864000064, -0.905553539999914 ], [ 37.83692016599997, -0.907004689999894 ], [ 37.833242416000132, -0.907783537999933 ], [ 37.833237648000136, -0.912576220999938 ], [ 37.838460541000188, -0.909848963999877 ], [ 37.837861252000039, -0.920207982999955 ], [ 37.842695872000036, -0.919912893999879 ], [ 37.840526581000063, -0.923687383999834 ], [ 37.844295502000023, -0.924066821999872 ], [ 37.841680527000108, -0.927469923999979 ], [ 37.846223450000025, -0.928176021999946 ], [ 37.850874583000063, -0.932857672999887 ], [ 37.84878082299997, -0.936186444999976 ], [ 37.851725578000185, -0.935796498999878 ], [ 37.852237224000078, -0.938939026999833 ], [ 37.849920273000123, -0.941649212999891 ], [ 37.846316020000074, -0.941113074999862 ], [ 37.848310471000161, -0.943860500999961 ], [ 37.846316020000074, -0.947282095999924 ], [ 37.851283482000042, -0.950496213999941 ], [ 37.849122047000151, -0.952572553999971 ], [ 37.853818893000096, -0.958396642999958 ], [ 37.854059601000131, -0.962312018999967 ], [ 37.852361679000182, -0.962137817999974 ], [ 37.851312637000035, -0.959251217999963 ], [ 37.850694021000038, -0.960907240999916 ], [ 37.844506836000107, -0.963827001999903 ], [ 37.845095634000188, -0.964839428999937 ], [ 37.852813721000075, -0.966615219999937 ], [ 37.857531547000178, -0.965888107999945 ], [ 37.86369984900017, -0.969011312999953 ], [ 37.862472534000176, -0.97394666699995 ], [ 37.866001892000156, -0.972825037999939 ], [ 37.86804056200009, -0.974180519999948 ], [ 37.867948532000071, -0.977763697999933 ], [ 37.86257600800019, -0.978460847999941 ], [ 37.862324523999973, -0.980032073999951 ], [ 37.865520477000189, -0.982572912999956 ], [ 37.861112595000179, -0.982617049999931 ], [ 37.858476639, -0.985691626999881 ], [ 37.853928884000084, -0.986716786999978 ], [ 37.849825541000087, -0.990859150999938 ], [ 37.850255694000055, -0.994185583999922 ], [ 37.84617233299997, -0.995076179999899 ], [ 37.84687233000011, -0.999133780999898 ], [ 37.851048787000082, -1.003324845999941 ], [ 37.848740896000152, -1.026355981999927 ], [ 37.84633255, -1.029400586999884 ], [ 37.848229599000035, -1.041257059999907 ], [ 37.84592895500009, -1.047344332999955 ], [ 37.843446732000189, -1.05128610099996 ], [ 37.840363503000049, -1.052058249999902 ], [ 37.8310709000001, -1.068267404999915 ], [ 37.827669462000188, -1.070930321999867 ], [ 37.820575714000142, -1.07088515199996 ], [ 37.818902969000021, -1.079853892999949 ], [ 37.808202108000103, -1.092056532999948 ], [ 37.80774307300004, -1.099537878999968 ], [ 37.802629089, -1.110882639999943 ], [ 37.801586151000038, -1.117000460999975 ], [ 37.798874537000074, -1.117751160999887 ], [ 37.793742923000025, -1.125181779999821 ], [ 37.733562469000162, -1.080048202999876 ], [ 37.595709852000084, -1.086816011999929 ], [ 37.597708977000025, -1.130707518999941 ], [ 37.601776123000093, -1.132314999999835 ], [ 37.604106903000172, -1.140330850999931 ], [ 37.60610516100013, -1.142329510999957 ], [ 37.611017812000114, -1.140404991999958 ], [ 37.620814532000111, -1.14445675699983 ], [ 37.625830332000191, -1.14914325899997 ], [ 37.626241032000053, -1.152112695999904 ], [ 37.634473165000031, -1.16134297799988 ], [ 37.638513565000039, -1.168726324999909 ], [ 37.649923325000145, -1.197230696999895 ], [ 37.654763794000132, -1.200254082999948 ], [ 37.657034874000146, -1.206923841999981 ], [ 37.661324310000111, -1.210350655999832 ], [ 37.6638120020001, -1.21579652999992 ], [ 37.666495323000163, -1.216463401999874 ], [ 37.665652513000055, -1.218491896999922 ], [ 37.667568970000048, -1.221656536999944 ], [ 37.675401052000097, -1.229047456999979 ], [ 37.676053365000143, -1.231445709999946 ], [ 37.678325653000059, -1.233245610999859 ], [ 37.684284210000044, -1.234112500999913 ], [ 37.687840462000111, -1.238484233999941 ], [ 37.689439392000054, -1.241562103999968 ], [ 37.688123702999974, -1.244909971999959 ], [ 37.690751648000116, -1.246850847999951 ], [ 37.689130783, -1.248183210999969 ], [ 37.693560600000183, -1.249137997999924 ], [ 37.694081624000091, -1.257602591999955 ], [ 37.697787476000144, -1.265691732999926 ], [ 37.696896235, -1.268264352999893 ], [ 37.698636373000113, -1.270808497999894 ], [ 37.702612305000116, -1.271996378999972 ], [ 37.70244089800002, -1.274444659999858 ], [ 37.707400322000069, -1.281850665999968 ], [ 37.708554404000154, -1.288563404999934 ], [ 37.713612873999978, -1.29029063899992 ], [ 37.713664373000086, -1.298463423999976 ], [ 37.717350006000117, -1.299516935999918 ], [ 37.717138290000037, -1.302624905999949 ], [ 37.721632004000014, -1.31192576899997 ], [ 37.724997711000071, -1.313541173999965 ], [ 37.723944187000143, -1.316887795999946 ], [ 37.725538889000063, -1.319608131999928 ], [ 37.724056244000053, -1.322036861999891 ], [ 37.732500076000065, -1.335841178999885 ], [ 37.732601166000109, -1.34111344799993 ], [ 37.738001823000104, -1.342111090999879 ], [ 37.739881897000032, -1.347592138999971 ], [ 37.744281133000072, -1.349782059999882 ], [ 37.745878601000072, -1.353263329999891 ], [ 37.744781494000165, -1.35632881499987 ], [ 37.74939600600004, -1.357461978999936 ], [ 37.754065037000089, -1.354795828999954 ], [ 37.755724589000124, -1.357096721999881 ], [ 37.760045052000066, -1.354787259999966 ], [ 37.765660858000047, -1.354884701999936 ], [ 37.766119194000112, -1.357305812999869 ], [ 37.768302917000085, -1.357044696999935 ], [ 37.77340698200004, -1.360512494999966 ], [ 37.775673390000179, -1.36004012799998 ], [ 37.781326294000166, -1.371748685999933 ], [ 37.784084829000051, -1.371079750999911 ], [ 37.785643895000135, -1.375403125999981 ], [ 37.789831352000078, -1.375206696999953 ], [ 37.791686058000096, -1.381942539999955 ], [ 37.797252655000136, -1.38764584099988 ], [ 37.799174309000136, -1.392297178999968 ], [ 37.798372269000083, -1.395609020999814 ], [ 37.80471420300006, -1.394138216999977 ], [ 37.807704926000156, -1.418295680999904 ], [ 37.81034135800013, -1.420349761999887 ], [ 37.810258865000151, -1.424143492999974 ], [ 37.812774658000023, -1.426625767999951 ], [ 37.811776638000083, -1.429072781999878 ], [ 37.81359100300017, -1.434112 ], [ 37.812896728, -1.43859088399995 ], [ 37.818127768000124, -1.441822085999888 ], [ 37.816278458000056, -1.443551450999962 ], [ 37.818859100000054, -1.446568726999942 ], [ 37.808631897, -1.448020100999884 ], [ 37.797855377000076, -1.455510913999888 ], [ 37.78878402700002, -1.465306639999937 ], [ 37.780996323000124, -1.470913707999955 ], [ 37.779487610000103, -1.478469013999927 ], [ 37.773848216000147, -1.486322640999958 ], [ 37.761341095000148, -1.488124727999832 ], [ 37.732635498000093, -1.496076344999949 ], [ 37.727012634000062, -1.493423342999904 ], [ 37.718683243000044, -1.492773115999967 ], [ 37.712850571000104, -1.48851406599988 ], [ 37.707182566000142, -1.488815307999971 ], [ 37.701484680000135, -1.491017460999899 ], [ 37.695107894000103, -1.497570551999956 ], [ 37.701236725000172, -1.507806539999933 ], [ 37.706504822000056, -1.506831228999943 ], [ 37.713967006000189, -1.510002175999944 ], [ 37.720321655000077, -1.5223978759999 ], [ 37.724157969000032, -1.524235844999851 ], [ 37.724672318000046, -1.528653144999851 ], [ 37.734464645000173, -1.544213294999963 ], [ 37.742572784, -1.553288419999888 ], [ 37.750333786, -1.554355203999876 ], [ 37.750946045000148, -1.560034274999907 ], [ 37.753897447000099, -1.566385727999887 ], [ 37.74557447400008, -1.568756296999936 ], [ 37.735736847000112, -1.575565790999974 ], [ 37.73501205499997, -1.578759391999824 ], [ 37.732428742000025, -1.580903410999952 ], [ 37.736066818000154, -1.583962141999962 ], [ 37.734680176000154, -1.593050956999946 ], [ 37.728209814000024, -1.596782485999881 ], [ 37.727827454000192, -1.602950012999941 ], [ 37.718832397000142, -1.60841984699988 ], [ 37.711455663000152, -1.604549407999912 ], [ 37.701103210000042, -1.58401930299982 ], [ 37.695905685000128, -1.586801096999864 ], [ 37.693616167000073, -1.584075056999893 ], [ 37.693823497000153, -1.586542963999818 ], [ 37.692119599000023, -1.585939883999913 ], [ 37.689752579000128, -1.587761371999932 ], [ 37.685693741000193, -1.584452926999973 ], [ 37.684097290000182, -1.586310505999961 ], [ 37.684589386000027, -1.58850097699991 ], [ 37.690414429000157, -1.599595784999963 ], [ 37.687162400000147, -1.607047854999962 ], [ 37.688318253000091, -1.616682409999896 ], [ 37.686693191000131, -1.619285483999931 ], [ 37.683408356000029, -1.619379114999845 ], [ 37.681218147000095, -1.626273303999881 ], [ 37.673158964000038, -1.631801535999955 ], [ 37.668512980000173, -1.641455172999883 ], [ 37.660974979000059, -1.644644230999972 ], [ 37.656302452000091, -1.636828123999919 ], [ 37.655525208000086, -1.630220651999821 ], [ 37.64942550700016, -1.628681956999969 ], [ 37.65004158000005, -1.622139989999937 ], [ 37.646676381000077, -1.620008388999963 ], [ 37.644514720000188, -1.614570378999872 ], [ 37.642391205000081, -1.602753936999875 ], [ 37.643507004000128, -1.600102274999927 ], [ 37.641637166000123, -1.595102508999958 ], [ 37.643209457000069, -1.592785417999949 ], [ 37.639661789000172, -1.589980959999878 ], [ 37.641740799000104, -1.58731281699994 ], [ 37.640934627000149, -1.586164285999928 ], [ 37.635156632000189, -1.589446245999966 ], [ 37.631599426000037, -1.589402555999811 ], [ 37.623384476000126, -1.580931782999869 ], [ 37.619585037000093, -1.573514043999978 ], [ 37.618625641000108, -1.566824674999907 ], [ 37.614590645000021, -1.563901483999871 ], [ 37.608074188999979, -1.566029428999911 ], [ 37.606809616000078, -1.561071067999933 ], [ 37.599597931000176, -1.561296164999874 ], [ 37.600551606000124, -1.55759274899998 ], [ 37.597352982000132, -1.551106571999924 ], [ 37.59060668900014, -1.557463168999902 ], [ 37.58221944200011, -1.560823280999841 ], [ 37.578712463000102, -1.565047263999929 ], [ 37.57402928700003, -1.565074602999971 ], [ 37.573432923000098, -1.563410460999933 ], [ 37.576122284000121, -1.559454678999941 ], [ 37.575288773000182, -1.557742773999962 ], [ 37.567867279000041, -1.55766773199997 ], [ 37.562501907000183, -1.560017316999961 ], [ 37.560288429000025, -1.557964443999822 ], [ 37.556899071000032, -1.557712077999895 ], [ 37.556568146000131, -1.554646372999969 ], [ 37.562541962000012, -1.553405105999957 ], [ 37.563296318000084, -1.551819353999917 ], [ 37.551042557000073, -1.548276185999953 ], [ 37.550035477000051, -1.544961570999874 ], [ 37.554992676000154, -1.54189246899989 ], [ 37.550777435000157, -1.53709781099991 ], [ 37.545349122000175, -1.536961316999907 ], [ 37.54406261500003, -1.540763675999926 ], [ 37.535295487000099, -1.540132760999938 ], [ 37.525639534000106, -1.536705582999957 ], [ 37.521947861000058, -1.538161694999928 ], [ 37.520208359000037, -1.536313413999949 ], [ 37.521075248999978, -1.53272598999996 ], [ 37.517827988000192, -1.531798421999952 ], [ 37.517972946999976, -1.528183638999906 ], [ 37.515964509000071, -1.526054679999959 ], [ 37.512386322000054, -1.524684786999956 ], [ 37.508327485000052, -1.527562974999967 ], [ 37.505325317000143, -1.527522086999966 ], [ 37.500333786000056, -1.523984888999962 ], [ 37.498098373000118, -1.524278163999952 ], [ 37.486339570000041, -1.515175043999932 ], [ 37.48214817000013, -1.51737704899989 ], [ 37.476264954000101, -1.516340135999883 ], [ 37.474328041000149, -1.52070143799989 ], [ 37.471632639000063, -1.518066247999968 ], [ 37.466073990000098, -1.517233371999907 ], [ 37.459328652000124, -1.518841176999956 ], [ 37.458786011000086, -1.520735263999939 ], [ 37.455670357000031, -1.52109330899998 ], [ 37.451461792000089, -1.524426698999832 ], [ 37.448633830000063, -1.528927921999923 ], [ 37.441654205000134, -1.530854582999837 ], [ 37.438680649000105, -1.528011470999957 ], [ 37.437737465000055, -1.530790685999875 ], [ 37.435571671000105, -1.531741260999922 ], [ 37.432643891000168, -1.530283420999979 ], [ 37.431062699000051, -1.531511007999882 ], [ 37.42145538300008, -1.530036210999867 ], [ 37.398847580000108, -1.52019822599982 ], [ 37.393619538000053, -1.521180748999939 ], [ 37.382433891000119, -1.518322080999837 ], [ 37.379226685000162, -1.519179264999877 ], [ 37.371089935000157, -1.528763174999881 ], [ 37.364743233000127, -1.532516031999876 ], [ 37.364171982000187, -1.53560495399995 ], [ 37.360782623000148, -1.532870023999976 ], [ 37.358403524000039, -1.541039625999929 ], [ 37.355270386000143, -1.541357814999969 ], [ 37.353753408000046, -1.547121643999901 ], [ 37.340282322000121, -1.554563543999961 ], [ 37.335080465000033, -1.559878746999914 ], [ 37.342361450000169, -1.572222440999951 ], [ 37.363955180000175, -1.589805801999944 ], [ 37.36648750300003, -1.598422288999927 ], [ 37.370685578000177, -1.603000759999873 ], [ 37.377117919999989, -1.623426198999937 ], [ 37.383096695000063, -1.631344377999881 ], [ 37.382051467999986, -1.635067700999855 ], [ 37.385921478000114, -1.641694902999916 ], [ 37.386124611000128, -1.645955621999917 ], [ 37.388872783000124, -1.645974436999893 ], [ 37.393705368000042, -1.653541832999963 ], [ 37.395263672, -1.659378359999948 ], [ 37.4004987080001, -1.662285049999923 ], [ 37.401826223000057, -1.671180645999925 ], [ 37.405415535000031, -1.674578397999937 ], [ 37.404930115000184, -1.677736559999971 ], [ 37.408063889000118, -1.684284567999953 ], [ 37.412946428999987, -1.688137726999912 ], [ 37.407857895000177, -1.690732419999904 ], [ 37.40509891500011, -1.690419584999972 ], [ 37.401972453000099, -1.693701941999961 ], [ 37.398895264000146, -1.693100253999887 ], [ 37.395413971000096, -1.695535087999929 ], [ 37.392482758000142, -1.695427416999962 ], [ 37.384735425000144, -1.701558778999868 ], [ 37.373494148000191, -1.704903482999953 ], [ 37.364177704000099, -1.703831672999911 ], [ 37.357208252000078, -1.706719815999975 ], [ 37.354601542000069, -1.704797823999911 ], [ 37.345977783000137, -1.70400857899989 ], [ 37.342333476000192, -1.700436273999912 ], [ 37.33469390900018, -1.701530932999958 ], [ 37.331315358000154, -1.698253153999929 ], [ 37.329553604000068, -1.699778019999883 ], [ 37.313108444000079, -1.700900613999977 ], [ 37.288078308000081, -1.711509346999947 ], [ 37.289283752000188, -1.698398231999931 ], [ 37.278873444, -1.687466382999958 ], [ 37.264961243000073, -1.680267333999836 ], [ 37.272079468000072, -1.668095230999882 ], [ 37.258407593000129, -1.645569125999941 ], [ 37.256217956000057, -1.644153355999947 ], [ 37.252311707000104, -1.635517596999932 ], [ 37.251457420000179, -1.591916232999949 ], [ 37.245049794000067, -1.592042246999881 ], [ 37.231904792000137, -1.588925099999926 ], [ 37.229083911000032, -1.591957336999883 ], [ 37.175080448000131, -1.61689642999994 ], [ 37.192005157999972, -1.652705728999933 ], [ 37.196642039000039, -1.719944791999978 ], [ 37.194018885000105, -1.721201582999925 ], [ 37.176446915000099, -1.753593682999906 ], [ 37.165654500000016, -1.760949054999912 ], [ 37.15709590900002, -1.776504277999891 ], [ 37.153336525000043, -1.777632891999929 ], [ 37.152315775000147, -1.773687332999884 ], [ 37.158453623000128, -1.763791957999956 ], [ 37.150146484000118, -1.760466932999975 ], [ 37.148553467000056, -1.758267044999968 ], [ 37.147053582000183, -1.750723131999905 ], [ 37.149038315000041, -1.741830050999852 ], [ 37.147455216000026, -1.737498938999977 ], [ 37.141109737000193, -1.735678809999911 ], [ 37.13301524600007, -1.739970310999979 ], [ 37.132224438000151, -1.74247566299988 ], [ 37.124109549000082, -1.74092734099986 ], [ 37.12407493600017, -1.738314627999955 ], [ 37.116054535000103, -1.736229538999908 ], [ 37.111644745000092, -1.733260809999933 ], [ 37.085462570000175, -1.698218881999935 ], [ 37.084278107000102, -1.699006258999873 ], [ 37.080612772000165, -1.693510352999908 ], [ 37.081443746000161, -1.692909449999945 ], [ 37.006481171000132, -1.592714309999906 ], [ 37.000389099000017, -1.597291469999902 ], [ 36.990829468000186, -1.584927796999921 ], [ 36.995956421000074, -1.580977320999921 ], [ 36.977630615000123, -1.553071975999956 ], [ 36.974957465999978, -1.552357494999967 ], [ 36.973913193000044, -1.554900049999844 ], [ 36.966178894, -1.553345083999886 ], [ 36.957187653000119, -1.542334317999916 ], [ 36.957271576000039, -1.532731294999962 ], [ 36.958866119000049, -1.529558300999952 ], [ 36.961311340000123, -1.530007481999974 ], [ 36.963039398000149, -1.525808095999821 ], [ 36.96272659300007, -1.510796188999848 ], [ 36.97426033000005, -1.498802959999978 ], [ 36.970899582000186, -1.489056646999927 ], [ 36.977622986000085, -1.474849223999911 ], [ 36.947395325000059, -1.459227680999959 ], [ 36.94946289100011, -1.455130218999955 ], [ 36.941608429000155, -1.452409147999958 ], [ 36.935764313000163, -1.453247844999964 ], [ 36.930850983000028, -1.456876098999885 ], [ 36.927254677, -1.455458491999934 ], [ 36.923156738000159, -1.456338225999957 ], [ 36.920248032000188, -1.461689471999875 ], [ 36.900398254000038, -1.472317337999925 ], [ 36.888870240000131, -1.483692525999913 ], [ 36.884166718000131, -1.484693765999907 ], [ 36.878297806000035, -1.475586592999889 ], [ 36.889862061000031, -1.41225230699996 ], [ 36.93135833700012, -1.430459022999912 ], [ 36.942565918000071, -1.430521209999938 ], [ 36.950065613000049, -1.435550689999957 ], [ 36.955572129000188, -1.434898077999947 ], [ 36.957519531, -1.43985199899987 ], [ 36.960784912000122, -1.442147810999927 ], [ 36.962081909000062, -1.436426877999963 ], [ 36.959518433000028, -1.435135483999886 ], [ 36.95483016999998, -1.426156281999909 ], [ 36.947891236000146, -1.421497642999896 ], [ 36.945392609000123, -1.40747404099983 ], [ 36.942568461, -1.40207715899993 ], [ 36.936281204000181, -1.39673814199989 ], [ 36.931269646000146, -1.396082132999879 ], [ 36.927745819000165, -1.391873796999846 ], [ 36.922718048000092, -1.392016648999856 ], [ 36.921047211000143, -1.384527921999904 ], [ 36.914539337000122, -1.372324704999812 ], [ 36.905645371000162, -1.361825226999883 ], [ 36.93392181400003, -1.336382746999845 ], [ 36.960414886000024, -1.346018194999942 ], [ 36.965770721000069, -1.351785778999954 ], [ 36.983566284000176, -1.312453269999935 ], [ 36.973838806000174, -1.287217378999912 ], [ 36.994808197000111, -1.279063939999958 ], [ 37.001937866000048, -1.298352002999877 ], [ 37.025959015000069, -1.289510130999929 ], [ 37.075730324000119, -1.301037638999958 ], [ 37.07548141500007, -1.29816571899994 ], [ 37.072386424, -1.297228534999931 ], [ 37.072402954000154, -1.292694627999936 ], [ 37.075934728000163, -1.288769125999977 ], [ 37.077175140000122, -1.281691113999898 ], [ 37.082567215000154, -1.282370566999816 ], [ 37.08565521200012, -1.275799393999932 ], [ 37.096752803000015, -1.271054982999942 ], [ 37.100805283000113, -1.272654870999929 ], [ 37.103670120000118, -1.26301991899993 ], [ 37.101759720000132, -1.25907536699998 ], [ 37.109300614000063, -1.257284878999883 ], [ 37.10942840600012, -1.244781850999914 ], [ 37.116157532000045, -1.246154903999923 ], [ 37.118715286000111, -1.245222329999876 ], [ 37.118581772000084, -1.235538482999857 ], [ 37.120754242000032, -1.232577025999944 ], [ 37.12581443800002, -1.230647563999923 ], [ 37.134880066000164, -1.231275796999967 ], [ 37.140434265000067, -1.224051593999945 ], [ 37.150798798000096, -1.223324655999932 ], [ 37.15440750099998, -1.219322204999969 ], [ 37.155860901000153, -1.209845542999972 ], [ 37.152854920000038, -1.208284019999894 ], [ 37.152997971000104, -1.206991791999826 ], [ 37.159618378000118, -1.203031141999929 ], [ 37.156137085000125, -1.197023248999869 ], [ 37.155662537000126, -1.193063913999936 ], [ 37.161361695000039, -1.191242157999909 ], [ 37.16571426400003, -1.186611472999914 ], [ 37.174114227000189, -1.171382426999912 ], [ 37.180664062000062, -1.166105627999968 ], [ 37.182533264000028, -1.16258776199993 ], [ 37.180826187000093, -1.154349505999903 ], [ 37.184974670000031, -1.147780417999911 ], [ 37.183330536000085, -1.141758738999954 ], [ 37.186893463000104, -1.135737060999929 ], [ 37.184658051000042, -1.132237195999949 ], [ 37.181724548000091, -1.131160258999955 ], [ 37.181648254000152, -1.128153919999875 ], [ 37.179195404000041, -1.12649369199994 ], [ 37.175064087000123, -1.114109396999936 ], [ 37.180934906000118, -1.107145428999956 ], [ 37.187896729000158, -1.10395073899997 ], [ 37.190031052000109, -1.095874487999936 ], [ 37.192691803000059, -1.092212557999972 ], [ 37.200983048000126, -1.088470279999967 ], [ 37.211322784000174, -1.077966927999967 ], [ 37.224109650000173, -1.07647365299988 ], [ 37.228338242000063, -1.073795675999918 ], [ 37.232299805000025, -1.07341527899996 ], [ 37.242996216000165, -1.077938198999902 ], [ 37.24637794500012, -1.076236723999898 ], [ 37.249861399000054, -1.077526648999878 ], [ 37.262546539000141, -1.067588567999962 ], [ 37.281728745000123, -1.065179704999878 ], [ 37.287567138999975, -1.069361984999887 ], [ 37.295413971000187, -1.070366978999971 ], [ 37.301769257000046, -1.074534415999949 ], [ 37.305816650000168, -1.07985472699994 ], [ 37.31090164200009, -1.082603454999912 ], [ 37.31901550300006, -1.093450843999847 ], [ 37.326211930000113, -1.097071527999844 ], [ 37.327320099000076, -1.100234090999948 ], [ 37.338565825999979, -1.110682486999963 ], [ 37.342641292000053, -1.116949577999833 ], [ 37.362598269000102, -1.093485273999931 ], [ 37.387522380000064, -1.057589729999904 ], [ 37.420875550000119, -1.033615111999893 ], [ 37.406055450000167, -1.012048482999887 ], [ 37.362328847000185, -0.987672090999979 ], [ 37.338260651000041, -0.985256075999814 ], [ 37.33288574200003, -0.976380824999978 ], [ 37.345640819000153, -0.976791420999859 ], [ 37.36671829200003, -0.96407520799994 ], [ 37.35458374000018, -0.947410582999908 ], [ 37.34333801300005, -0.961600303999887 ], [ 37.336730957000157, -0.958581417999937 ], [ 37.335176849000163, -0.959429239999849 ], [ 37.333913803000144, -0.955671950999829 ], [ 37.328041712000186, -0.951585391999913 ], [ 37.330419541000026, -0.947677303999967 ], [ 37.327928543000155, -0.944882163999978 ], [ 37.316848755000194, -0.948025106999864 ], [ 37.314620972000171, -0.940062045999923 ], [ 37.325485992000097, -0.933940100999848 ], [ 37.324468466000098, -0.930027846999963 ], [ 37.318715668000038, -0.925094103999868 ], [ 37.317545891000123, -0.922239288999833 ], [ 37.319728851000093, -0.919695972999875 ], [ 37.300922394000054, -0.906814276999967 ], [ 37.282196045000035, -0.896759211999949 ], [ 37.256172180000192, -0.868049919999976 ], [ 37.252260208000166, -0.861169024999867 ], [ 37.241584778000117, -0.86150336299994 ], [ 37.240703583000084, -0.857783495999968 ], [ 37.225496292000116, -0.852220951999811 ], [ 37.233184813999969, -0.837108909999813 ], [ 37.258481343000028, -0.837231913999972 ], [ 37.26266415900011, -0.791200706999973 ], [ 37.267669151000121, -0.785282634999874 ], [ 37.284928322000042, -0.780992581999953 ], [ 37.287846883000043, -0.782789905999948 ], [ 37.293534279000085, -0.791469200999927 ], [ 37.298870087000125, -0.7933839559999 ], [ 37.301184178000028, -0.797594166999886 ], [ 37.30351867700017, -0.797833632999925 ], [ 37.306344033000187, -0.800712167999961 ], [ 37.304890950000129, -0.804685850999931 ], [ 37.305991173000109, -0.806565507999949 ], [ 37.305230713000071, -0.81183266599993 ], [ 37.310430845000099, -0.81393344699984 ], [ 37.313238144000138, -0.817218809999872 ], [ 37.3124647140001, -0.820627323999929 ], [ 37.315666199000191, -0.823625842999945 ], [ 37.320040385000084, -0.83462536299993 ], [ 37.326004664000038, -0.83369312699989 ], [ 37.326107979000142, -0.835806011999921 ], [ 37.323588371000028, -0.838334351999947 ], [ 37.326976777000084, -0.841456471999891 ], [ 37.33421039600006, -0.842281445999959 ], [ 37.336961747000089, -0.84486803399983 ], [ 37.342985152999972, -0.840434312999889 ], [ 37.346307119000073, -0.842692632999956 ], [ 37.350342751000028, -0.841190896999933 ], [ 37.35086822500017, -0.843821792999961 ], [ 37.358621597000024, -0.841905414999928 ], [ 37.364076614000112, -0.843026428999963 ], [ 37.369974137000042, -0.84717011399988 ], [ 37.376560212000072, -0.848624228999938 ], [ 37.37751197900019, -0.850300907999838 ], [ 37.376382192000051, -0.852938135999977 ], [ 37.379965782000113, -0.855660035999961 ], [ 37.385929108000028, -0.850190460999954 ], [ 37.388115406000111, -0.852673224999933 ], [ 37.394721985000047, -0.852971255999876 ], [ 37.397382736000054, -0.854559703999939 ], [ 37.40399551400003, -0.849739163999971 ], [ 37.412740708000115, -0.848532944999931 ], [ 37.414772987000163, -0.852262227999915 ], [ 37.411111832000188, -0.856765031999885 ], [ 37.412918091000165, -0.859564303999889 ], [ 37.418909073000066, -0.860105662999899 ], [ 37.427133560000129, -0.864840566999817 ], [ 37.432456970000032, -0.86051273299995 ], [ 37.443149567000034, -0.861148635999882 ], [ 37.447401047000085, -0.868993520999879 ], [ 37.453674316, -0.870310127999915 ], [ 37.458966255000064, -0.869161858999973 ], [ 37.46211528800012, -0.8738918009999 ], [ 37.467469692000122, -0.87175302199995 ], [ 37.470472336000057, -0.874705701999915 ], [ 37.47405624400011, -0.874141931999873 ], [ 37.471601486000054, -0.884281008999835 ], [ 37.475795746000188, -0.887372478999907 ], [ 37.477512360000105, -0.89172822199987 ], [ 37.483001709000177, -0.892919807999874 ], [ 37.485043844000074, -0.897330979999936 ], [ 37.491171519000034, -0.899089634999939 ], [ 37.495439530000112, -0.902515321999886 ], [ 37.502935410000021, -0.898978411999963 ], [ 37.515176773000121, -0.902074604999939 ], [ 37.516458512000042, -0.914249210999969 ], [ 37.519447327000137, -0.916017055999873 ], [ 37.532970428, -0.911657541999944 ], [ 37.53546524, -0.906327127999873 ], [ 37.532205582000131, -0.895796208999968 ], [ 37.537433624000187, -0.888609944999814 ], [ 37.543361664000031, -0.886548369999957 ], [ 37.545106252000153, -0.882875799999908 ], [ 37.55137443600006, -0.883860527999957 ], [ 37.558933258000025, -0.875078379999934 ], [ 37.561252594000109, -0.875286786999936 ], [ 37.564109802000075, -0.880589365999924 ], [ 37.57525539400018, -0.876805498999943 ], [ 37.587430954000183, -0.877955227999905 ], [ 37.588146210000048, -0.873066504999827 ], [ 37.59140269, -0.870631197999955 ], [ 37.586872864000043, -0.865870367999946 ], [ 37.589061737000065, -0.862742483999966 ], [ 37.595069885000157, -0.860631763999834 ], [ 37.601108551000095, -0.862536588999944 ], [ 37.605184555000164, -0.855011700999967 ], [ 37.614940643000068, -0.855123161999927 ], [ 37.617858887000125, -0.851485251999975 ], [ 37.626463571999977, -0.851615050999953 ], [ 37.629047394000111, -0.838632076999886 ], [ 37.635345459000121, -0.838580607999972 ], [ 37.640285492000032, -0.845487623999929 ], [ 37.6462497710001, -0.841986953999935 ], [ 37.64881324800001, -0.844535260999919 ], [ 37.653274536000026, -0.844689726999889 ], [ 37.656774521000159, -0.847470193999925 ], [ 37.664369584000042, -0.846285640999952 ], [ 37.665664673000151, -0.842089890999887 ], [ 37.670967102000191, -0.837114571999905 ], [ 37.670967102000191, -0.831699251999964 ], [ 37.674064635999969, -0.825745224999878 ], [ 37.681529045000048, -0.822224735999839 ], [ 37.679805756000178, -0.817516624999939 ], [ 37.68234443700004, -0.809006452999938 ], [ 37.681744893000143, -0.795547683999871 ], [ 37.687217712000063, -0.793980657999953 ], [ 37.690374375000033, -0.796753554999896 ], [ 37.692758560000073, -0.794235854999954 ], [ 37.692705154000066, -0.791393115999938 ], [ 37.698623657000155, -0.789072512999951 ], [ 37.698672613000099, -0.784601429999952 ], [ 37.712371826000151, -0.780033826999841 ], [ 37.724857330000077, -0.780103384999904 ], [ 37.73216629000018, -0.774464368999872 ], [ 37.738269806000176, -0.776042401999973 ], [ 37.744623184000034, -0.780120998999962 ] ] ] } },
{ "type": "Feature", "properties": { "name": "Makueni" }, "geometry": { "type": "Polygon", "coordinates": [ [ [ 37.486339570000041, -1.515175043999932 ], [ 37.498098373000118, -1.524278163999952 ], [ 37.500333786000056, -1.523984888999962 ], [ 37.505325317000143, -1.527522086999966 ], [ 37.508327485000052, -1.527562974999967 ], [ 37.512386322000054, -1.524684786999956 ], [ 37.515964509000071, -1.526054679999959 ], [ 37.517972946999976, -1.528183638999906 ], [ 37.517827988000192, -1.531798421999952 ], [ 37.521075248999978, -1.53272598999996 ], [ 37.520208359000037, -1.536313413999949 ], [ 37.521947861000058, -1.538161694999928 ], [ 37.525639534000106, -1.536705582999957 ], [ 37.535295487000099, -1.540132760999938 ], [ 37.54406261500003, -1.540763675999926 ], [ 37.545349122000175, -1.536961316999907 ], [ 37.550777435000157, -1.53709781099991 ], [ 37.554992676000154, -1.54189246899989 ], [ 37.550035477000051, -1.544961570999874 ], [ 37.551042557000073, -1.548276185999953 ], [ 37.563296318000084, -1.551819353999917 ], [ 37.562541962000012, -1.553405105999957 ], [ 37.556568146000131, -1.554646372999969 ], [ 37.556899071000032, -1.557712077999895 ], [ 37.560288429000025, -1.557964443999822 ], [ 37.562501907000183, -1.560017316999961 ], [ 37.567867279000041, -1.55766773199997 ], [ 37.575288773000182, -1.557742773999962 ], [ 37.576122284000121, -1.559454678999941 ], [ 37.573432923000098, -1.563410460999933 ], [ 37.57402928700003, -1.565074602999971 ], [ 37.578712463000102, -1.565047263999929 ], [ 37.58221944200011, -1.560823280999841 ], [ 37.59060668900014, -1.557463168999902 ], [ 37.597352982000132, -1.551106571999924 ], [ 37.600551606000124, -1.55759274899998 ], [ 37.599597931000176, -1.561296164999874 ], [ 37.606809616000078, -1.561071067999933 ], [ 37.608074188999979, -1.566029428999911 ], [ 37.613441468000076, -1.563962876999881 ], [ 37.616363525000168, -1.564751266999963 ], [ 37.619262695000089, -1.567708610999944 ], [ 37.619585037000093, -1.573514043999978 ], [ 37.623384476000126, -1.580931782999869 ], [ 37.627830506000123, -1.586325286999909 ], [ 37.632406235000076, -1.589691757999958 ], [ 37.640934627000149, -1.586164285999928 ], [ 37.641740799000104, -1.58731281699994 ], [ 37.639661789000172, -1.589980959999878 ], [ 37.643209457000069, -1.592785417999949 ], [ 37.641637166000123, -1.595102508999958 ], [ 37.643507004000128, -1.600102274999927 ], [ 37.642391205000081, -1.602753936999875 ], [ 37.644514720000188, -1.614570378999872 ], [ 37.646676381000077, -1.620008388999963 ], [ 37.65004158000005, -1.622139989999937 ], [ 37.64942550700016, -1.628681956999969 ], [ 37.655525208000086, -1.630220651999821 ], [ 37.656302452000091, -1.636828123999919 ], [ 37.660974979000059, -1.644644230999972 ], [ 37.668512980000173, -1.641455172999883 ], [ 37.673158964000038, -1.631801535999955 ], [ 37.681218147000095, -1.626273303999881 ], [ 37.683408356000029, -1.619379114999845 ], [ 37.686693191000131, -1.619285483999931 ], [ 37.688318253000091, -1.616682409999896 ], [ 37.687162400000147, -1.607047854999962 ], [ 37.690414429000157, -1.599595784999963 ], [ 37.684589386000027, -1.58850097699991 ], [ 37.684097290000182, -1.586310505999961 ], [ 37.685693741000193, -1.584452926999973 ], [ 37.689752579000128, -1.587761371999932 ], [ 37.692119599000023, -1.585939883999913 ], [ 37.693823497000153, -1.586542963999818 ], [ 37.693616167000073, -1.584075056999893 ], [ 37.695905685000128, -1.586801096999864 ], [ 37.701103210000042, -1.58401930299982 ], [ 37.711455663000152, -1.604549407999912 ], [ 37.718832397000142, -1.60841984699988 ], [ 37.727827454000192, -1.602950012999941 ], [ 37.728209814000024, -1.596782485999881 ], [ 37.734680176000154, -1.593050956999946 ], [ 37.736066818000154, -1.583962141999962 ], [ 37.732428742000025, -1.580903410999952 ], [ 37.736511994000182, -1.574720596999953 ], [ 37.74557447400008, -1.568756296999936 ], [ 37.753897447000099, -1.566385727999887 ], [ 37.763877869000055, -1.580052494999961 ], [ 37.768965402999982, -1.583191741999826 ], [ 37.772655487000122, -1.583588579999969 ], [ 37.772622681000087, -1.586570214999938 ], [ 37.776303291000147, -1.591063633999852 ], [ 37.775914192000187, -1.594122379999874 ], [ 37.783061028000191, -1.605036759999848 ], [ 37.78436686200007, -1.611325084999919 ], [ 37.787536621000015, -1.613032204999968 ], [ 37.791851997000037, -1.620177149999961 ], [ 37.792888006000055, -1.626291493999872 ], [ 37.796207809, -1.627226177999944 ], [ 37.797533417000125, -1.63156478399992 ], [ 37.800971985000047, -1.634739736999961 ], [ 37.803832054000168, -1.642187818999844 ], [ 37.801325162000069, -1.647562473999926 ], [ 37.806050777000166, -1.648751139999945 ], [ 37.805145688000152, -1.653240799999878 ], [ 37.808604922000029, -1.65432270499997 ], [ 37.813876343000175, -1.661359333999883 ], [ 37.821032333000176, -1.664868525999907 ], [ 37.822585042000128, -1.669820558999902 ], [ 37.81993420900011, -1.680036921999942 ], [ 37.825192769000182, -1.682360653999922 ], [ 37.830679576000193, -1.680760542999963 ], [ 37.832655668000086, -1.68884973999991 ], [ 37.837373098000171, -1.689539498999977 ], [ 37.836476803000153, -1.69430641799994 ], [ 37.838101196000025, -1.699120234999896 ], [ 37.834902082000156, -1.709268314999974 ], [ 37.84251499200019, -1.710015713999894 ], [ 37.845682780000061, -1.713384290999898 ], [ 37.845066547000158, -1.723305582999956 ], [ 37.850603739000178, -1.730228079999847 ], [ 37.85450659900016, -1.746173076999924 ], [ 37.854090118999977, -1.750936960999923 ], [ 37.855948925000121, -1.753974067999934 ], [ 37.853977585000109, -1.75755318399996 ], [ 37.85455491800019, -1.763423376999924 ], [ 37.852133857000126, -1.764519174999975 ], [ 37.852972665999971, -1.766173083999945 ], [ 37.85137049400015, -1.768536865999977 ], [ 37.850269953000122, -1.769240895999872 ], [ 37.846365792000086, -1.766591974999812 ], [ 37.841080802000135, -1.76691008499995 ], [ 37.83918507900006, -1.771541886999898 ], [ 37.840632545000119, -1.775795154999855 ], [ 37.839641571000186, -1.780321788999913 ], [ 37.848806381000145, -1.797805020999931 ], [ 37.867491913000038, -1.815698742999928 ], [ 37.880882422000184, -1.831584015999965 ], [ 37.887201309000147, -1.833115716999885 ], [ 37.892581940000071, -1.838373263999927 ], [ 37.892900213000019, -1.841469637999978 ], [ 37.887308757000142, -1.843677480999872 ], [ 37.884883118000062, -1.849843453999881 ], [ 37.887205442000038, -1.857998604999977 ], [ 37.888922010000101, -1.859515870999928 ], [ 37.893480301000068, -1.858650505999947 ], [ 37.901485443000183, -1.863321879999887 ], [ 37.899061584000094, -1.86847028699998 ], [ 37.907067776000133, -1.892735927999922 ], [ 37.905799866000052, -1.902196555999979 ], [ 37.907839639000144, -1.903580648999821 ], [ 37.915363312000125, -1.901772856999969 ], [ 37.918705940000109, -1.903009026999939 ], [ 37.918209924000109, -1.908950580999942 ], [ 37.913083757999971, -1.91308069199988 ], [ 37.913028172000168, -1.916628411999966 ], [ 37.910691155000166, -1.920390804999897 ], [ 37.912307738999971, -1.926124121999976 ], [ 37.909557978000123, -1.933795630999953 ], [ 37.914809545000026, -1.940284529999929 ], [ 37.916777039000124, -1.948281550999923 ], [ 37.914038386000129, -1.954853885999967 ], [ 37.916559855000116, -1.958796480999979 ], [ 37.925205231000064, -1.985591485999919 ], [ 37.930205854, -1.990911288999882 ], [ 37.928534699000068, -1.995432449999953 ], [ 37.937389851000148, -2.001597761999903 ], [ 37.936199888000033, -2.007897078999861 ], [ 37.941189448000046, -2.011299669999914 ], [ 37.939058304000071, -2.019539062999968 ], [ 37.943888187000141, -2.022834798999895 ], [ 37.942412059000048, -2.02928537799994 ], [ 37.939123154000129, -2.033114710999939 ], [ 37.944085757000153, -2.037326494999832 ], [ 37.94928169300016, -2.035864352999909 ], [ 37.951270421000061, -2.037445008999953 ], [ 37.955409241000041, -2.049469518999842 ], [ 37.954635620000033, -2.057726689999924 ], [ 37.959232330000077, -2.064166108999927 ], [ 37.96036148100012, -2.078957000999822 ], [ 37.957925796000154, -2.094436108999901 ], [ 37.959664277000172, -2.10193692799993 ], [ 37.956626224000104, -2.108007645999976 ], [ 37.957296371000041, -2.11266815699986 ], [ 37.953790937000065, -2.13284001999989 ], [ 37.958934784000121, -2.14022916599987 ], [ 37.963244302000192, -2.143166439999959 ], [ 37.965130329000033, -2.155487894999908 ], [ 37.964599609000174, -2.16452821099989 ], [ 37.967010498000036, -2.167061566999962 ], [ 37.97009531700013, -2.166791835999959 ], [ 37.974270629999978, -2.16325287799998 ], [ 37.981534322000073, -2.161578575999897 ], [ 37.991026878000127, -2.156675218999908 ], [ 38.00964202900019, -2.151687144999926 ], [ 38.020413717000054, -2.146743495999829 ], [ 38.02239227300015, -2.148142337999843 ], [ 38.024574280000138, -2.156949082999915 ], [ 38.027652741000054, -2.161918321999963 ], [ 38.036858368000082, -2.166529750999928 ], [ 38.043267886000194, -2.166237353999918 ], [ 38.048502604000021, -2.168593406999889 ], [ 38.050657272000137, -2.172854125999891 ], [ 38.048277664000068, -2.180230545999962 ], [ 38.054740701000071, -2.187051449999899 ], [ 38.055733272000055, -2.195458105999933 ], [ 38.060027652000088, -2.206448395999871 ], [ 38.063148499000135, -2.210650840999961 ], [ 38.070399390000091, -2.214425854999945 ], [ 38.06437397000019, -2.218217670999934 ], [ 38.063261032000071, -2.22097900499989 ], [ 38.064041138000164, -2.222762965999891 ], [ 38.069043159000046, -2.22504609799995 ], [ 38.072598775000074, -2.251254359999962 ], [ 38.076371892000054, -2.25517218899995 ], [ 38.075566610000067, -2.261365015999957 ], [ 38.080911255000046, -2.260549640999898 ], [ 38.08357238800005, -2.26176518199992 ], [ 38.087073008000175, -2.271633385999905 ], [ 38.091047287000094, -2.273452639999903 ], [ 38.097730001000059, -2.273136138999917 ], [ 38.101660728000127, -2.281813799999895 ], [ 38.111193657000058, -2.285834013999931 ], [ 38.109377543000107, -2.300618449999888 ], [ 38.115689595000106, -2.303291240999897 ], [ 38.117080687999987, -2.313785552999832 ], [ 38.127913157000194, -2.322101433999819 ], [ 38.137047359000121, -2.320521093999957 ], [ 38.146833420000064, -2.32091265899993 ], [ 38.15248584700015, -2.327824085999907 ], [ 38.173519135000163, -2.338016747999916 ], [ 38.183363342000121, -2.337821196999926 ], [ 38.188102722000053, -2.339648484999941 ], [ 38.196132660000046, -2.348745958999928 ], [ 38.197855949000086, -2.353220164999925 ], [ 38.211077372000091, -2.355266649999976 ], [ 38.222603934000063, -2.399277822999863 ], [ 38.231896082999981, -2.401854872999934 ], [ 38.236180623000109, -2.409394104999933 ], [ 38.244567235000034, -2.412240147999967 ], [ 38.247345924000172, -2.416898369999956 ], [ 38.251945496000076, -2.420315861999882 ], [ 38.259335995000015, -2.419893472999945 ], [ 38.274038315000041, -2.423974811999869 ], [ 38.280336952000141, -2.448035251999954 ], [ 38.282650948000082, -2.452129184999933 ], [ 38.288328171000046, -2.48273599099997 ], [ 38.296589661000098, -2.487113284999964 ], [ 38.298861980000083, -2.493859439999937 ], [ 38.302236175000075, -2.498256682999966 ], [ 38.311851501000035, -2.501761401999943 ], [ 38.312290955000151, -2.511978339999928 ], [ 38.317006683000102, -2.515707945999964 ], [ 38.317320688000052, -2.523909568999898 ], [ 38.321497599000054, -2.529474416999903 ], [ 38.319423676000156, -2.535443210999972 ], [ 38.323134286000027, -2.541111434999891 ], [ 38.322384198000123, -2.547346392999941 ], [ 38.331894684000076, -2.550540780999825 ], [ 38.33813018799998, -2.555240725999965 ], [ 38.337564468000096, -2.557965099999933 ], [ 38.331506457000046, -2.562426021999897 ], [ 38.334856669000146, -2.568936983999947 ], [ 38.338812510000139, -2.58511614799994 ], [ 38.347392559000127, -2.589420794999967 ], [ 38.349101257000143, -2.598957251999934 ], [ 38.35289818900003, -2.605227265999872 ], [ 38.362166882000167, -2.630826889999867 ], [ 38.362202454000112, -2.637104606999969 ], [ 38.36785278300016, -2.64265208199987 ], [ 38.367261887000097, -2.650348901999962 ], [ 38.382185618000051, -2.663236021999978 ], [ 38.381568909000123, -2.669714450999834 ], [ 38.385556115000156, -2.67679288599993 ], [ 38.392169953000064, -2.698422868999899 ], [ 38.396471500000132, -2.705839931999947 ], [ 38.404368718000171, -2.727112292999948 ], [ 38.40965557100003, -2.735222875999909 ], [ 38.413628578000043, -2.750014423999971 ], [ 38.420397186000173, -2.759664487999942 ], [ 38.426929855000026, -2.778310012999896 ], [ 38.432108561000064, -2.78760417299992 ], [ 38.431256612000027, -2.791529654999977 ], [ 38.423286438000105, -2.795601546999933 ], [ 38.421885490000193, -2.805288135999888 ], [ 38.418210166000051, -2.811409472999969 ], [ 38.419564056000127, -2.814554929999872 ], [ 38.425377846000117, -2.817009925999969 ], [ 38.426671709000175, -2.819394519999832 ], [ 38.426728948, -2.827432846999955 ], [ 38.431365172000085, -2.841361914999936 ], [ 38.427906990000167, -2.849547176999977 ], [ 38.432131631, -2.855086530999813 ], [ 38.438770930000032, -2.856269597999926 ], [ 38.438282967000077, -2.86394977599997 ], [ 38.445770264000032, -2.868915605999973 ], [ 38.443373108000117, -2.878852652999967 ], [ 38.445068359000174, -2.879976331999956 ], [ 38.451486799000065, -2.878962648999845 ], [ 38.454304695000189, -2.881163238999932 ], [ 38.455002308000076, -2.884026526999946 ], [ 38.451244736000035, -2.888769328999899 ], [ 38.450662401000102, -2.89312990499991 ], [ 38.461209107000172, -2.896727990999977 ], [ 38.460849762, -2.902494334999972 ], [ 38.466294765000157, -2.90879827699996 ], [ 38.474232992000168, -2.926170309999975 ], [ 38.475830555000073, -2.936083793999956 ], [ 38.487613106000026, -2.936692201999961 ], [ 38.488260142000115, -2.94340879899994 ], [ 38.493342590000168, -2.950048994999861 ], [ 38.492247963000068, -2.955646526999885 ], [ 38.497932010000113, -2.955742597999858 ], [ 38.504781087000026, -2.965694744999951 ], [ 38.509502411000085, -2.964934348999918 ], [ 38.515243530000191, -2.97275829299997 ], [ 38.519542932000093, -2.974786628999937 ], [ 38.514423053000087, -2.978879296999821 ], [ 38.51452525100018, -2.982882891999964 ], [ 38.49296613000007, -2.983964869999966 ], [ 38.488073642000131, -2.977951719999965 ], [ 38.476806634000127, -2.98556470699998 ], [ 38.468442924000158, -2.984917374999895 ], [ 38.466857896000135, -2.988108660999956 ], [ 38.463750889000153, -2.98783557399986 ], [ 38.459995371000105, -2.991851285999928 ], [ 38.458236933000137, -2.991148407999958 ], [ 38.448196888000098, -2.972017346999962 ], [ 38.431370738000055, -2.957082209999953 ], [ 38.408938053000156, -2.927321241999891 ], [ 38.405097956000134, -2.925670511999897 ], [ 38.398059369000123, -2.927084423999929 ], [ 38.391880035999975, -2.925480250999897 ], [ 38.36146734800019, -2.897640565999893 ], [ 38.338083278, -2.864646667999978 ], [ 38.31872939200008, -2.832720754999968 ], [ 38.301063523000039, -2.81472063099983 ], [ 38.278846267000119, -2.78226944499994 ], [ 38.25833951300018, -2.758089558999927 ], [ 38.24684906400006, -2.747695442999941 ], [ 38.184032604000038, -2.702638365999917 ], [ 38.167115206000062, -2.693378111999948 ], [ 38.162502303000053, -2.693029634999903 ], [ 38.161137711000151, -2.67958740399996 ], [ 38.157107543999985, -2.688717797999914 ], [ 38.157526158000167, -2.693366637999873 ], [ 38.153258193000113, -2.698034501999928 ], [ 38.1282469410001, -2.698381045999838 ], [ 38.123146330000054, -2.703759551999951 ], [ 38.118218464000165, -2.705190687999959 ], [ 38.114959198000179, -2.71268852999998 ], [ 38.102229563000037, -2.718006894999917 ], [ 38.100130814000181, -2.720448760999886 ], [ 37.974414823000131, -2.787388934999967 ], [ 37.937362439000026, -2.77081060199987 ], [ 37.92982101399997, -2.762942075999945 ], [ 37.926251412000056, -2.749073743999929 ], [ 37.926270803000136, -2.740561087999822 ], [ 37.92897033700001, -2.738325992999876 ], [ 37.930118561000029, -2.722549676999904 ], [ 37.924411774000077, -2.708747624999944 ], [ 37.920976639000173, -2.704385756999898 ], [ 37.907199860000048, -2.703689574999942 ], [ 37.90110397300009, -2.701521396999965 ], [ 37.892337799000018, -2.674407243999894 ], [ 37.878936768000131, -2.660920381999972 ], [ 37.868984222000165, -2.642927169999894 ], [ 37.860466003000113, -2.62230062499998 ], [ 37.849739075000059, -2.603888272999939 ], [ 37.596352577000062, -2.311685144999956 ], [ 37.601497650000056, -2.309217452999974 ], [ 37.604276657000185, -2.311174153999957 ], [ 37.607826233000083, -2.306917190999968 ], [ 37.607194901000071, -2.302860259999932 ], [ 37.610279083000194, -2.301829158999965 ], [ 37.612182617000087, -2.297707437999918 ], [ 37.617712021000045, -2.29734981099989 ], [ 37.622362137000039, -2.304164289999903 ], [ 37.626129150000054, -2.301139592999959 ], [ 37.631128947000093, -2.301168759999939 ], [ 37.632099152000194, -2.294010717999925 ], [ 37.636497498000097, -2.297497152999938 ], [ 37.642786662, -2.297219037999923 ], [ 37.645912170000145, -2.299156267999876 ], [ 37.64812978100008, -2.291729688999965 ], [ 37.655278778000138, -2.287476777999871 ], [ 37.658381871000131, -2.286840744999893 ], [ 37.664344025000105, -2.289923572999896 ], [ 37.670047760000159, -2.287718851999898 ], [ 37.667378108000094, -2.280761201999951 ], [ 37.672108650000155, -2.279353022999942 ], [ 37.67326164200017, -2.26777207899994 ], [ 37.678492228000039, -2.264410177999935 ], [ 37.676152547000186, -2.260002453999903 ], [ 37.678339005000055, -2.253334640999981 ], [ 37.678683281000133, -2.243078469999944 ], [ 37.675673962000076, -2.239183246999971 ], [ 37.674924215000146, -2.228000878999921 ], [ 37.679301182000188, -2.227353756999946 ], [ 37.683759689000055, -2.223774710999919 ], [ 37.687885285000164, -2.21576865499992 ], [ 37.694876353000041, -2.209672609999927 ], [ 37.706096649000074, -2.194535970999937 ], [ 37.715511322000054, -2.19035482399994 ], [ 37.72396278400015, -2.191355029999897 ], [ 37.723331451000035, -2.187925219999897 ], [ 37.708152771000073, -2.182129144999863 ], [ 37.705936432000101, -2.172823011999981 ], [ 37.699077606000117, -2.164327859999844 ], [ 37.692394257000046, -2.164701699999966 ], [ 37.664873123, -2.155410050999876 ], [ 37.621459961000141, -2.1609828469999 ], [ 37.592540741000107, -2.152803897999888 ], [ 37.573341370000094, -2.137795805999872 ], [ 37.564767838000193, -2.12692904499994 ], [ 37.550457001000098, -2.127093314999968 ], [ 37.5442886350001, -2.124387621999972 ], [ 37.543056488, -2.121787547999872 ], [ 37.543840408000051, -2.115236818999847 ], [ 37.541687012000011, -2.112612008999918 ], [ 37.537048340000126, -2.110957264999968 ], [ 37.533622741999977, -2.10577750199991 ], [ 37.478622437000183, -2.083870648999948 ], [ 37.475868225000056, -2.090808152999841 ], [ 37.462516516000107, -2.085195212999849 ], [ 37.465076447000115, -2.078796863999969 ], [ 37.451759337999988, -2.072750806999863 ], [ 37.382114411000146, -2.022515057999897 ], [ 37.364629746000048, -2.021907567999904 ], [ 37.364528656, -2.01376438099993 ], [ 37.359172821000186, -2.011379002999831 ], [ 37.313786507000088, -2.006936072999906 ], [ 37.307888031000061, -2.001803397999879 ], [ 37.302856446000192, -2.001617192999845 ], [ 37.299295426000072, -2.003399490999868 ], [ 37.284534454000152, -1.994838594999862 ], [ 37.280826569000055, -1.994123517999924 ], [ 37.275611877000074, -1.974789380999937 ], [ 37.267898560000049, -1.964399635999939 ], [ 37.265811920000033, -1.958351015999938 ], [ 37.259307861000025, -1.958497762999912 ], [ 37.255407334000154, -1.956664382999918 ], [ 37.253562927000075, -1.952555655999959 ], [ 37.247308731000032, -1.949339508999969 ], [ 37.244037628000171, -1.941828965999832 ], [ 37.236072541000112, -1.935212671999977 ], [ 37.223449707000157, -1.932090401999972 ], [ 37.21134948700012, -1.931388258999959 ], [ 37.206512133000103, -1.933579354999893 ], [ 37.199108124000077, -1.9318692679999 ], [ 37.192472458000111, -1.93445020899992 ], [ 37.18824005100015, -1.933767675999945 ], [ 37.182678223000039, -1.92920382799997 ], [ 37.183089574000064, -1.922904163999931 ], [ 37.170146942000144, -1.915857194999944 ], [ 37.169632594, -1.911490400999867 ], [ 37.157556534000037, -1.896120368999902 ], [ 37.158905029000152, -1.891701896999905 ], [ 37.153015137000068, -1.885814706999952 ], [ 37.154511769000123, -1.883460322999952 ], [ 37.158395131000077, -1.884665448999897 ], [ 37.160482407000131, -1.882252543999925 ], [ 37.160500209000134, -1.874048172999949 ], [ 37.163688660000105, -1.870764791999875 ], [ 37.162070751000101, -1.866755276999925 ], [ 37.162597656000059, -1.857887148999907 ], [ 37.156927109000094, -1.850412189999872 ], [ 37.154445648000035, -1.84376692799998 ], [ 37.146997452000164, -1.839411138999935 ], [ 37.141906738000159, -1.838506012999915 ], [ 37.142223358000024, -1.836134671999901 ], [ 37.148178101000099, -1.832936048999954 ], [ 37.148731232000102, -1.830855726999914 ], [ 37.14348602300015, -1.827402750999966 ], [ 37.14306894900011, -1.822151938999923 ], [ 37.14568328900009, -1.818833628999812 ], [ 37.141288757000098, -1.811560630999963 ], [ 37.152368546000162, -1.801123201999928 ], [ 37.15114402800009, -1.79435223299987 ], [ 37.160401663000187, -1.779193877999944 ], [ 37.159374237000065, -1.776911794999876 ], [ 37.15709590900002, -1.776504277999891 ], [ 37.158672501000126, -1.772017160999894 ], [ 37.165654500000016, -1.760949054999912 ], [ 37.176446915000099, -1.753593682999906 ], [ 37.194018885000105, -1.721201582999925 ], [ 37.196642039000039, -1.719944791999978 ], [ 37.192005157999972, -1.652705728999933 ], [ 37.175080448000131, -1.61689642999994 ], [ 37.229083911000032, -1.591957336999883 ], [ 37.231904792000137, -1.588925099999926 ], [ 37.245049794000067, -1.592042246999881 ], [ 37.251457420000179, -1.591916232999949 ], [ 37.252311707000104, -1.635517596999932 ], [ 37.256217956000057, -1.644153355999947 ], [ 37.258407593000129, -1.645569125999941 ], [ 37.272079468000072, -1.668095230999882 ], [ 37.264961243000073, -1.680267333999836 ], [ 37.278873444, -1.687466382999958 ], [ 37.289283752000188, -1.698398231999931 ], [ 37.288078308000081, -1.711509346999947 ], [ 37.313108444000079, -1.700900613999977 ], [ 37.329553604000068, -1.699778019999883 ], [ 37.331315358000154, -1.698253153999929 ], [ 37.33469390900018, -1.701530932999958 ], [ 37.342333476000192, -1.700436273999912 ], [ 37.345977783000137, -1.70400857899989 ], [ 37.354601542000069, -1.704797823999911 ], [ 37.357208252000078, -1.706719815999975 ], [ 37.364177704000099, -1.703831672999911 ], [ 37.376359939999986, -1.70422679099994 ], [ 37.384735425000144, -1.701558778999868 ], [ 37.392482758000142, -1.695427416999962 ], [ 37.395413971000096, -1.695535087999929 ], [ 37.398895264000146, -1.693100253999887 ], [ 37.401972453000099, -1.693701941999961 ], [ 37.40509891500011, -1.690419584999972 ], [ 37.407857895000177, -1.690732419999904 ], [ 37.412946428999987, -1.688137726999912 ], [ 37.408063889000118, -1.684284567999953 ], [ 37.404930115000184, -1.677736559999971 ], [ 37.405415535000031, -1.674578397999937 ], [ 37.401826223000057, -1.671180645999925 ], [ 37.4004987080001, -1.662285049999923 ], [ 37.395263672, -1.659378359999948 ], [ 37.393705368000042, -1.653541832999963 ], [ 37.388872783000124, -1.645974436999893 ], [ 37.386124611000128, -1.645955621999917 ], [ 37.385921478000114, -1.641694902999916 ], [ 37.382051467999986, -1.635067700999855 ], [ 37.383096695000063, -1.631344377999881 ], [ 37.377117919999989, -1.623426198999937 ], [ 37.370685578000177, -1.603000759999873 ], [ 37.36648750300003, -1.598422288999927 ], [ 37.363955180000175, -1.589805801999944 ], [ 37.342361450000169, -1.572222440999951 ], [ 37.335080465000033, -1.559878746999914 ], [ 37.340282322000121, -1.554563543999961 ], [ 37.353753408000046, -1.547121643999901 ], [ 37.355270386000143, -1.541357814999969 ], [ 37.358403524000039, -1.541039625999929 ], [ 37.360782623000148, -1.532870023999976 ], [ 37.364171982000187, -1.53560495399995 ], [ 37.364743233000127, -1.532516031999876 ], [ 37.371089935000157, -1.528763174999881 ], [ 37.379226685000162, -1.519179264999877 ], [ 37.382433891000119, -1.518322080999837 ], [ 37.393619538000053, -1.521180748999939 ], [ 37.398847580000108, -1.52019822599982 ], [ 37.42145538300008, -1.530036210999867 ], [ 37.431062699000051, -1.531511007999882 ], [ 37.432643891000168, -1.530283420999979 ], [ 37.435571671000105, -1.531741260999922 ], [ 37.437737465000055, -1.530790685999875 ], [ 37.438680649000105, -1.528011470999957 ], [ 37.441654205000134, -1.530854582999837 ], [ 37.448633830000063, -1.528927921999923 ], [ 37.451461792000089, -1.524426698999832 ], [ 37.455670357000031, -1.52109330899998 ], [ 37.458786011000086, -1.520735263999939 ], [ 37.459328652000124, -1.518841176999956 ], [ 37.466073990000098, -1.517233371999907 ], [ 37.471632639000063, -1.518066247999968 ], [ 37.474328041000149, -1.52070143799989 ], [ 37.476264954000101, -1.516340135999883 ], [ 37.48214817000013, -1.51737704899989 ], [ 37.486339570000041, -1.515175043999932 ] ] ] } },
{ "type": "Feature", "properties": { "name": "Mandera" }, "geometry": { "type": "Polygon", "coordinates": [ [ [ 40.771104566000076, 4.280313721000084 ], [ 40.782504566000114, 4.280513721000091 ], [ 40.790704566000159, 4.267613720999975 ], [ 40.801904566000132, 4.265713721000168 ], [ 40.804804566000087, 4.264013721000026 ], [ 40.805404566000163, 4.261813721000067 ], [ 40.814104566000083, 4.258313721000036 ], [ 40.822404566000046, 4.252713721000134 ], [ 40.828504566000106, 4.251513721000151 ], [ 40.833804566000083, 4.247413720999987 ], [ 40.835704566000061, 4.2508137210001 ], [ 40.84840456600017, 4.247013721000144 ], [ 40.850404566000066, 4.243213721000131 ], [ 40.850204566000059, 4.236313721000158 ], [ 40.853804566000179, 4.228413721000038 ], [ 40.868704566000076, 4.226813721000156 ], [ 40.884404566000057, 4.214213720999965 ], [ 40.886104566000029, 4.211013721000086 ], [ 40.886604566000187, 4.192713721000075 ], [ 40.898204566000175, 4.183413721000136 ], [ 40.900404566000134, 4.179313720999971 ], [ 40.903104566000081, 4.163913721000142 ], [ 40.906804566000119, 4.156213721000029 ], [ 40.918604566, 4.154013721000069 ], [ 40.925604566000118, 4.149013721000131 ], [ 40.935704566000027, 4.147213721000014 ], [ 40.944204566000053, 4.148013721000154 ], [ 40.953204566000068, 4.142413721000082 ], [ 40.959604566000053, 4.141813721000176 ], [ 40.961104566000188, 4.135513721000109 ], [ 40.975004566000109, 4.126713721000101 ], [ 40.979404565999971, 4.122013721000087 ], [ 40.980751038, 4.11327886600003 ], [ 40.984375, 4.112071991000107 ], [ 40.994232178000061, 4.113077641000189 ], [ 41.000862122000115, 4.110171318000141 ], [ 41.004291534000174, 4.102818012000114 ], [ 41.017364502000191, 4.091954708000117 ], [ 41.017768860000103, 4.08551693000004 ], [ 41.020988464000027, 4.081694603000017 ], [ 41.030040741, 4.080890179000107 ], [ 41.032855988000165, 4.074452400000098 ], [ 41.038688660000105, 4.077067852000141 ], [ 41.041908264000085, 4.076464176000059 ], [ 41.046939850000172, 4.062582970000165 ], [ 41.05116272000015, 4.056749344000082 ], [ 41.068061829000158, 4.042868137000085 ], [ 41.070678711000141, 4.038442612000097 ], [ 41.072086334000176, 4.027378082000155 ], [ 41.07490158100012, 4.024762630000112 ], [ 41.082546234000176, 4.023756504000175 ], [ 41.089988708000078, 4.013496876000033 ], [ 41.104995728000119, 4.007118702000071 ], [ 41.105335236000144, 4.005488396000146 ], [ 41.100170135000099, 4.001616955000031 ], [ 41.102005005000194, 3.993330479000065 ], [ 41.104518890000122, 3.990070343000127 ], [ 41.108661652000194, 3.986877918000062 ], [ 41.114028931000121, 3.989798546000145 ], [ 41.117015838999976, 3.989391088000161 ], [ 41.122043610000048, 3.983006477000117 ], [ 41.127204895000148, 3.979949951000151 ], [ 41.125232697000058, 3.975671053000156 ], [ 41.135967255000025, 3.973837137000089 ], [ 41.135692596000126, 3.972275019 ], [ 41.130123138000101, 3.971595764000028 ], [ 41.13093948400018, 3.968878984000128 ], [ 41.136543274000189, 3.967622399000163 ], [ 41.140110016000051, 3.963445187000048 ], [ 41.146629333000078, 3.963105679000023 ], [ 41.155052185000159, 3.959437847000117 ], [ 41.16666793800016, 3.952645779000022 ], [ 41.168094635000159, 3.949045897000019 ], [ 41.173389435, 3.94422340400007 ], [ 41.176513672000112, 3.94619321800019 ], [ 41.180522919000111, 3.945853710000165 ], [ 41.184463501000039, 3.942797184000028 ], [ 41.189487457000041, 3.942729235000172 ], [ 41.197708130000137, 3.937091827000017 ], [ 41.207283020000148, 3.936887980000108 ], [ 41.208168029999968, 3.947891235000043 ], [ 41.217132568000068, 3.950404406000075 ], [ 41.216247559000124, 3.954751253000097 ], [ 41.228542328000174, 3.955158709999978 ], [ 41.231683731000146, 3.952136338000059 ], [ 41.232685089000029, 3.955566406000173 ], [ 41.240158081000175, 3.96188306800002 ], [ 41.242736816000104, 3.959913254000128 ], [ 41.243282318000126, 3.954071999000064 ], [ 41.245727539000029, 3.951762676000044 ], [ 41.247425079000152, 3.952238321000038 ], [ 41.249259949000077, 3.95644927 ], [ 41.255508422999981, 3.954343796000046 ], [ 41.262977600000113, 3.957739830000037 ], [ 41.276630402000137, 3.952034473000026 ], [ 41.279346466000163, 3.955634356000076 ], [ 41.280970514000046, 3.955537902000117 ], [ 41.283115626000097, 3.953611888000069 ], [ 41.282715626000027, 3.949011888000143 ], [ 41.287615626000104, 3.950711888000114 ], [ 41.295615626000142, 3.949311888000125 ], [ 41.296715626000037, 3.951311888000021 ], [ 41.294215626000152, 3.955511888000103 ], [ 41.29871562600016, 3.956911888000093 ], [ 41.303915626000162, 3.949711887999968 ], [ 41.308115626000017, 3.947911888000078 ], [ 41.311715626000193, 3.948811888000137 ], [ 41.317915626000172, 3.9460118880001 ], [ 41.318215626000097, 3.948011888 ], [ 41.32591562600004, 3.942911888000083 ], [ 41.329115626000146, 3.943011888 ], [ 41.332615626000177, 3.946211888000107 ], [ 41.339215626000055, 3.946711888000095 ], [ 41.345315626000115, 3.951511888000084 ], [ 41.352015626000025, 3.951011888000096 ], [ 41.355415626000195, 3.956011888000091 ], [ 41.355515626000113, 3.962011888 ], [ 41.362615626000093, 3.962111888000095 ], [ 41.363515626000151, 3.960011888000111 ], [ 41.360718543000075, 3.955814184000076 ], [ 41.363821459000121, 3.95881648000011 ], [ 41.371321459000058, 3.957916480000108 ], [ 41.377521459000036, 3.954216480000184 ], [ 41.380621459000167, 3.95491648 ], [ 41.382521458999975, 3.962416480000115 ], [ 41.388921459000187, 3.961816480000039 ], [ 41.392621459000054, 3.966716480000059 ], [ 41.395321459000172, 3.967116480000129 ], [ 41.398321459000101, 3.966616480000141 ], [ 41.409321459000182, 3.957916480000108 ], [ 41.415421459000072, 3.955916480000155 ], [ 41.420721459, 3.951616479999984 ], [ 41.43922145900018, 3.952416480000124 ], [ 41.438421459000097, 3.957616480000127 ], [ 41.439721459000168, 3.959816480000086 ], [ 41.449421459, 3.95781648000019 ], [ 41.461821459000134, 3.961816480000039 ], [ 41.465121459000159, 3.961016480000069 ], [ 41.469121459, 3.95741648000012 ], [ 41.475521459000049, 3.960316480000074 ], [ 41.480021459000056, 3.956716480000125 ], [ 41.482521459000111, 3.95741648000012 ], [ 41.483121459000188, 3.963416480000035 ], [ 41.496421459000032, 3.965016480000088 ], [ 41.500421459000052, 3.970916480000142 ], [ 41.507321459000025, 3.964816480000081 ], [ 41.506321459000048, 3.958616480000103 ], [ 41.50802145900002, 3.95701648000005 ], [ 41.515121459000056, 3.956916480000132 ], [ 41.52202145900003, 3.963216480000028 ], [ 41.523721459, 3.97011648 ], [ 41.527021459000025, 3.97511648 ], [ 41.536221459000103, 3.978116480000097 ], [ 41.539521459000071, 3.982616480000104 ], [ 41.549521459000061, 3.986616480000123 ], [ 41.553421459000162, 3.98541648000014 ], [ 41.560921459000042, 3.97961648 ], [ 41.565621459000113, 3.972616480000113 ], [ 41.569121459000144, 3.972016480000036 ], [ 41.580321459000118, 3.97531648000006 ], [ 41.594221459000039, 3.973016480000183 ], [ 41.603121459000079, 3.977416480000045 ], [ 41.618421459000047, 3.97631647999998 ], [ 41.627221459000168, 3.985716480000065 ], [ 41.629121459000032, 3.984716480000088 ], [ 41.629821459000027, 3.981116480000139 ], [ 41.632021459000157, 3.980716480000069 ], [ 41.634421459000123, 3.987316480000118 ], [ 41.637221459000159, 3.987016479999966 ], [ 41.637521459000141, 3.983016480000117 ], [ 41.635921459000087, 3.980116480000163 ], [ 41.641721459000166, 3.981316479999975 ], [ 41.644821459000184, 3.97581648 ], [ 41.652221459000145, 3.973616480000089 ], [ 41.656121459000076, 3.967916480000042 ], [ 41.662921459000131, 3.970016480000083 ], [ 41.667421459000138, 3.967916480000042 ], [ 41.669521459000123, 3.969816480000077 ], [ 41.672021459000064, 3.968716480000182 ], [ 41.677221459000066, 3.961516480000057 ], [ 41.682521458999986, 3.973316480000108 ], [ 41.682621459000131, 3.97931648000008 ], [ 41.686821459000157, 3.974516480000091 ], [ 41.689221459000123, 3.974916480000161 ], [ 41.692121459000134, 3.98201647999997 ], [ 41.697321459000136, 3.983316480000099 ], [ 41.705221459000086, 3.988516480000101 ], [ 41.713421459000131, 3.988216480000176 ], [ 41.717721459000131, 3.995916480000062 ], [ 41.720921459000067, 3.995716480000056 ], [ 41.721621459000062, 3.991716480000036 ], [ 41.731621459000053, 3.989216480000096 ], [ 41.73002145900017, 3.99481648 ], [ 41.733521459000031, 3.995316480000156 ], [ 41.735421459, 3.99291648000019 ], [ 41.733821459000183, 3.986116480000135 ], [ 41.738521459000026, 3.989416480000159 ], [ 41.754421459000184, 3.984716480000088 ], [ 41.753821459000108, 3.976416480000125 ], [ 41.765421459000152, 3.977816480000115 ], [ 41.771321459000148, 3.975616480000156 ], [ 41.775421459000142, 3.976116480000144 ], [ 41.778221459000179, 3.977816480000115 ], [ 41.77992145900015, 3.983516480000105 ], [ 41.781721459000039, 3.984516480000082 ], [ 41.783921459000169, 3.984116480000012 ], [ 41.788121459000195, 3.979516480000086 ], [ 41.794221459000084, 3.983416480000187 ], [ 41.794421459000091, 3.975616480000156 ], [ 41.797321459000045, 3.97511648 ], [ 41.798921459000098, 3.972916480000038 ], [ 41.794621459000155, 3.971116480000148 ], [ 41.800121459000081, 3.959616480000079 ], [ 41.803421459000106, 3.959116480000091 ], [ 41.807721459000106, 3.961916480000127 ], [ 41.809821459000148, 3.959716480000168 ], [ 41.819721459000164, 3.95991648 ], [ 41.821621459000028, 3.958616480000103 ], [ 41.819421459000068, 3.95491648 ], [ 41.820521459000133, 3.952016480000054 ], [ 41.825621459000047, 3.949416480000082 ], [ 41.828521459000171, 3.953816480000114 ], [ 41.835621458999981, 3.946316480000064 ], [ 41.836921459000109, 3.947616479999965 ], [ 41.835721459000126, 3.953716480000026 ], [ 41.837521459000186, 3.955216480000161 ], [ 41.8426214590001, 3.95541648 ], [ 41.846721459000037, 3.950216480000165 ], [ 41.849921459000143, 3.949016480000182 ], [ 41.853121459000079, 3.950216480000165 ], [ 41.85482145900005, 3.952216480000118 ], [ 41.85442145900015, 3.961216480000132 ], [ 41.856321459000128, 3.962516480000033 ], [ 41.867021459000114, 3.961916480000127 ], [ 41.868521459000078, 3.967616480000117 ], [ 41.873021459000086, 3.964416480000011 ], [ 41.87552145899997, 3.96511648 ], [ 41.876621459000035, 3.967616480000117 ], [ 41.882821459000013, 3.968616480000094 ], [ 41.88342145900009, 3.97321648000019 ], [ 41.885421459000042, 3.974816480000072 ], [ 41.898021459, 3.981916480000052 ], [ 41.901521459000094, 3.981516480000039 ], [ 41.906021459000101, 3.975716480000074 ], [ 41.858721459000151, 3.909216480000111 ], [ 41.825921459000142, 3.859316480000189 ], [ 41.740721459000156, 3.74151648000003 ], [ 41.417715626000074, 3.278711887999975 ], [ 41.327115626000193, 3.151311888000123 ], [ 40.99386676000006, 2.825286811000183 ], [ 40.992366760000095, 2.660086810999985 ], [ 40.99366676, 2.498486811000134 ], [ 40.992866760000084, 2.242386811000131 ], [ 40.990910172000042, 2.178578778000087 ], [ 40.950660172000028, 2.176178778000065 ], [ 40.943660172000136, 2.177278778000129 ], [ 40.92036017200013, 2.187978778000115 ], [ 40.884160172000065, 2.216478778000123 ], [ 40.867260172000101, 2.235678778000135 ], [ 40.864510172000109, 2.240778778000049 ], [ 40.862660172000176, 2.253078778000088 ], [ 40.85726017200011, 2.262578778000091 ], [ 40.832860172000096, 2.288128778000043 ], [ 40.823210172000131, 2.292278778000082 ], [ 40.801160171999982, 2.291678778000175 ], [ 40.77446017200009, 2.314028778000022 ], [ 40.755960172000073, 2.316378778000114 ], [ 40.746060172000057, 2.313778778000142 ], [ 40.737760172000037, 2.314078778000066 ], [ 40.717960172000119, 2.329578778000041 ], [ 40.712960172000123, 2.345378778000111 ], [ 40.710360172000094, 2.349128778000079 ], [ 40.690460172000087, 2.368378778000135 ], [ 40.676360172000159, 2.376078778000021 ], [ 40.674060172000111, 2.384878778000029 ], [ 40.665510171999983, 2.391028778000134 ], [ 40.664560172000108, 2.395178778000115 ], [ 40.665810172000135, 2.406428777999963 ], [ 40.663860172000113, 2.424878778000107 ], [ 40.655660172000182, 2.43362877800007 ], [ 40.640960172000177, 2.436978778000139 ], [ 40.638580231000162, 2.442334993000031 ], [ 40.635496185000079, 2.442229525000187 ], [ 40.631760172000156, 2.444878778000088 ], [ 40.62896017200012, 2.449878778000084 ], [ 40.621560172000102, 2.454978778000168 ], [ 40.613460172000146, 2.464178778000189 ], [ 40.604560172000049, 2.478978778000112 ], [ 40.602960172, 2.49347877800011 ], [ 40.593860172000063, 2.499678778000089 ], [ 40.591460172000097, 2.503028778000157 ], [ 40.59706017200017, 2.50967877800008 ], [ 40.596760172000018, 2.513078778000022 ], [ 40.579260172000147, 2.530228778000037 ], [ 40.579310172000021, 2.549578778000068 ], [ 40.568760172000054, 2.564978778000068 ], [ 40.565310172000011, 2.566578778000121 ], [ 40.558060172000069, 2.57847877800009 ], [ 40.559860172000128, 2.588978778000069 ], [ 40.55391017200003, 2.593378778000158 ], [ 40.549060172000054, 2.602278778000027 ], [ 40.549560171999985, 2.612278778000189 ], [ 40.535560172000032, 2.652878778 ], [ 40.527074031000154, 2.665685850999978 ], [ 40.526610172000062, 2.673978778000048 ], [ 40.519460172000151, 2.696278778000021 ], [ 40.499860172000069, 2.719978778000041 ], [ 40.499760172000151, 2.722878778000052 ], [ 40.506460172000118, 2.725578778000113 ], [ 40.509260172000154, 2.728578778000042 ], [ 40.513953585000081, 2.737870746000056 ], [ 40.519860172000051, 2.740078778000111 ], [ 40.51776017200018, 2.761478778000082 ], [ 40.519032018000075, 2.764291888000173 ], [ 40.518460172000175, 2.773678778000033 ], [ 40.520560172000046, 2.775978778000081 ], [ 40.518660172000068, 2.77777877800014 ], [ 40.512860172000103, 2.77857877800011 ], [ 40.508260172000178, 2.784428778000063 ], [ 40.503560172000164, 2.784178778000182 ], [ 40.501060172000052, 2.787278778000143 ], [ 40.501860172000193, 2.795978778 ], [ 40.495760172000132, 2.79787877800004 ], [ 40.494060172000161, 2.800228778000132 ], [ 40.495513484000128, 2.80421384300007 ], [ 40.501253584999972, 2.807170746000054 ], [ 40.503060172000175, 2.810278778000168 ], [ 40.495510172000024, 2.819078778000176 ], [ 40.498266760000035, 2.821286811000164 ], [ 40.496460172000127, 2.82687877799998 ], [ 40.499160172000074, 2.834278778000169 ], [ 40.494560172000149, 2.838978778000183 ], [ 40.494460172000061, 2.845478778000086 ], [ 40.497160172000122, 2.851778778000039 ], [ 40.494053585000074, 2.854870746000074 ], [ 40.495360172000062, 2.858078778000106 ], [ 40.492960172000096, 2.868528777999984 ], [ 40.270160172000033, 2.9717787780001 ], [ 40.257638178000093, 2.98856382300005 ], [ 40.169838178000077, 3.090663823 ], [ 40.043738178000126, 3.228363823000166 ], [ 40.033638178000047, 3.233563823 ], [ 40.033538178000128, 3.237263823000092 ], [ 39.785953585000129, 3.336270746000025 ], [ 39.785138178000068, 3.695313823000049 ], [ 39.865322770000034, 3.867856900000163 ], [ 40.117604566000125, 3.999113721000015 ], [ 40.147504566000123, 4.013013721000107 ], [ 40.153004566000106, 4.013113721000025 ], [ 40.167704566000111, 4.025013721 ], [ 40.179204566000067, 4.030113721000077 ], [ 40.184004566000169, 4.034913721000066 ], [ 40.191304566000042, 4.046513721000053 ], [ 40.195904565999967, 4.046513721000053 ], [ 40.204104566000069, 4.041313721000051 ], [ 40.207004566000194, 4.042113721000021 ], [ 40.384804566000184, 4.11531372100012 ], [ 40.394104566000181, 4.113813721000156 ], [ 40.40160456600006, 4.120813721000047 ], [ 40.424504566000167, 4.131413721000115 ], [ 40.697104566000064, 4.24151372100016 ], [ 40.700904566000077, 4.247913720999975 ], [ 40.704604566000114, 4.249513721000028 ], [ 40.709104566000121, 4.251013721000163 ], [ 40.720104566000089, 4.249913721000098 ], [ 40.727304565999987, 4.251013721000163 ], [ 40.736104566000165, 4.260113721000096 ], [ 40.743504566000126, 4.26301372100005 ], [ 40.758604566000031, 4.281813721 ], [ 40.766804566000133, 4.282113721000144 ], [ 40.771104566000076, 4.280313721000084 ] ] ] } },
{ "type": "Feature", "properties": { "name": "Marsabit" }, "geometry": { "type": "Polygon", "coordinates": [ [ [ 36.246250415000077, 4.457326795000142 ], [ 36.264129639000032, 4.45062589600019 ], [ 36.546916962000068, 4.444294453000111 ], [ 36.625579834000064, 4.454312325000103 ], [ 36.644779205000134, 4.453874588000076 ], [ 36.661380768000186, 4.441961764999974 ], [ 36.680351257000154, 4.44129562400002 ], [ 36.843982697000058, 4.449574471000176 ], [ 36.879730225000174, 4.431751728000108 ], [ 36.909858704000158, 4.424500465000108 ], [ 36.959171174000176, 4.403323546000024 ], [ 36.959121704000154, 4.397567749000132 ], [ 36.974898183000164, 4.398130080000044 ], [ 36.979631808000022, 4.395855262000111 ], [ 36.986251831000061, 4.395183086000088 ], [ 36.986396790000072, 4.392568588000131 ], [ 36.997234344000049, 4.382423878000111 ], [ 37.003685493000091, 4.378424757000062 ], [ 37.009830728000111, 4.379716244000065 ], [ 37.020966095000119, 4.371757387000116 ], [ 37.030602889000079, 4.381812582000123 ], [ 37.031410217000087, 4.385728836000169 ], [ 37.04370880099998, 4.374579906000179 ], [ 37.047289663000186, 4.375764563000018 ], [ 37.048106964, 4.370449859000132 ], [ 37.054951891000144, 4.365774757 ], [ 37.054294586000026, 4.362238884000078 ], [ 37.063938141000108, 4.351884842000118 ], [ 37.065402985000162, 4.347032070000068 ], [ 37.071800232000044, 4.348831176999965 ], [ 37.077743530000077, 4.348370552000176 ], [ 37.089393616000166, 4.343622684000081 ], [ 37.095848083000135, 4.333890914999984 ], [ 37.097036410000158, 4.334064554000065 ], [ 37.113273621000076, 4.306523323000079 ], [ 37.128261566, 4.294890404000114 ], [ 37.131843566999976, 4.293001175000029 ], [ 37.136291504000042, 4.295163631000037 ], [ 37.405617881000069, 4.120359198000017 ], [ 37.420467377000193, 4.111044407000179 ], [ 37.425989326000149, 4.11034197400005 ], [ 37.427116394000109, 4.106977940000093 ], [ 37.50082397500006, 4.059123993000014 ], [ 37.586601257000041, 3.99687171000005 ], [ 37.648239136000143, 3.955754757000022 ], [ 37.648635864000084, 3.952412128000105 ], [ 37.918810013000098, 3.773434147000103 ], [ 37.993278503, 3.731875896000133 ], [ 37.999445300000161, 3.73329328799997 ], [ 38.003159972000049, 3.728930182000113 ], [ 38.008121490000065, 3.728964567000048 ], [ 38.012722015000122, 3.715306997000141 ], [ 38.015666962000125, 3.715882063000095 ], [ 38.018722534000176, 3.70592618000012 ], [ 38.024402618000124, 3.701110125000184 ], [ 38.026702881000119, 3.696293831000105 ], [ 38.030979156000171, 3.69431710200007 ], [ 38.032058716000165, 3.690507412000159 ], [ 38.037662506000174, 3.68518805500014 ], [ 38.041904449000072, 3.685295820000078 ], [ 38.044170380000082, 3.67868256600002 ], [ 38.047496028000069, 3.675545271000033 ], [ 38.059803009000063, 3.668906450000065 ], [ 38.113178253000171, 3.625956535000057 ], [ 38.129317160000085, 3.608261297000013 ], [ 38.135536193000178, 3.613872820000097 ], [ 38.147388458000194, 3.614162207000163 ], [ 38.183849335000104, 3.622319221000055 ], [ 38.190601349000076, 3.622296810000023 ], [ 38.447765350000111, 3.604278088000058 ], [ 38.50477344900014, 3.624720493000098 ], [ 38.514892578000115, 3.625985384000046 ], [ 38.522376359000191, 3.629612918000021 ], [ 38.521314080000138, 3.637947275000101 ], [ 38.522610013000133, 3.644034147000127 ], [ 38.516310013000066, 3.650134147000188 ], [ 38.521110821999969, 3.654611841000133 ], [ 38.538696289000086, 3.656696320000037 ], [ 38.542285919000108, 3.649809837000021 ], [ 38.550216675000115, 3.644171238000183 ], [ 38.55115509, 3.637418509000042 ], [ 38.557861328000172, 3.62500476800011 ], [ 38.558307648000152, 3.617602825000063 ], [ 38.560062408000192, 3.615597010000101 ], [ 38.565330505000077, 3.615374088000124 ], [ 38.569061279000039, 3.610693932000117 ], [ 38.571624756000119, 3.612365484000065 ], [ 38.579316222000045, 3.606341022000038 ], [ 38.581710815, 3.608465195 ], [ 38.606056213000159, 3.608270168000161 ], [ 38.611489189999986, 3.614165264000121 ], [ 38.614815775000181, 3.614600345000156 ], [ 38.617450714000142, 3.606961012 ], [ 38.620403290000183, 3.604593039000122 ], [ 38.62480545000011, 3.60657095900018 ], [ 38.659320831000173, 3.598324776000084 ], [ 38.665618896000183, 3.595176935000097 ], [ 38.669147923000025, 3.602847663000091 ], [ 38.676609320000182, 3.61118238500012 ], [ 38.67311112800013, 3.623034633000088 ], [ 38.681553346000157, 3.626709481000034 ], [ 38.686931610000045, 3.626099586000123 ], [ 38.693199158000084, 3.612393378999968 ], [ 38.712978363000161, 3.583643435999988 ], [ 38.712364197000113, 3.580439806000129 ], [ 38.714984894000168, 3.574235439000063 ], [ 38.839622498000097, 3.536172867000062 ], [ 38.848979965000126, 3.53474211200006 ], [ 38.905673981000177, 3.514666319000185 ], [ 38.959678579000126, 3.517930217000014 ], [ 38.958609520000039, 3.52681887000017 ], [ 38.964810013000147, 3.532734147000099 ], [ 38.967826843000182, 3.533387184000048 ], [ 38.970916748000093, 3.530294895000111 ], [ 38.97593800500016, 3.53199052400015 ], [ 38.981281281000122, 3.526116133000187 ], [ 38.990410013000144, 3.523834147 ], [ 38.993371335000063, 3.52453816100018 ], [ 38.99891001300017, 3.521734147000188 ], [ 39.003310013000089, 3.525034147000042 ], [ 39.007479821000118, 3.516555997000182 ], [ 39.012176514000146, 3.517674923000072 ], [ 39.01473999000018, 3.513412714000083 ], [ 39.018276215000128, 3.511379004000048 ], [ 39.021175385000163, 3.512604713000087 ], [ 39.021109355000021, 3.52441809100003 ], [ 39.031652854000129, 3.524729760000127 ], [ 39.035310013000128, 3.528434147000155 ], [ 39.042924124000137, 3.527149266000151 ], [ 39.054912567000031, 3.521798134000051 ], [ 39.06040159700018, 3.527152757000181 ], [ 39.077810288000023, 3.532077790000073 ], [ 39.078410013, 3.541534147000107 ], [ 39.087310013000092, 3.541934147000177 ], [ 39.091461182000103, 3.536089420000167 ], [ 39.106643677000193, 3.522278309000058 ], [ 39.130393981999987, 3.511937380000063 ], [ 39.135534645000178, 3.51299662800011 ], [ 39.149610462000169, 3.511024943000166 ], [ 39.150238037000122, 3.501548529000161 ], [ 39.157156924000162, 3.499854966999976 ], [ 39.171558380000135, 3.491571903000136 ], [ 39.176673889000028, 3.490010499999983 ], [ 39.188638301000026, 3.492139093 ], [ 39.189659119000112, 3.480693340000016 ], [ 39.19107818599997, 3.479421615999968 ], [ 39.223910013000193, 3.481834147000029 ], [ 39.244632721000073, 3.476329088000057 ], [ 39.25426112100007, 3.477021925000088 ], [ 39.257640839000089, 3.474491119000163 ], [ 39.26583862300015, 3.472087622000117 ], [ 39.282472015999986, 3.479276852000055 ], [ 39.291996002000189, 3.479722261000063 ], [ 39.296802521000075, 3.477460146000055 ], [ 39.303354084000091, 3.478681759000153 ], [ 39.318977665000091, 3.499068002000172 ], [ 39.32422520800003, 3.496317819000069 ], [ 39.324718039, 3.490635827000119 ], [ 39.318538496000031, 3.47406075300006 ], [ 39.302997297000161, 3.455105383000046 ], [ 39.298842593000131, 3.440229068000065 ], [ 39.300482405000082, 3.427481563000072 ], [ 39.310510296000132, 3.412485853000078 ], [ 39.312932990000036, 3.405668050000088 ], [ 39.327908639000043, 3.28946254400006 ], [ 39.337357384000143, 3.279939343000024 ], [ 39.340633406000165, 3.260972517000141 ], [ 39.344954514999984, 3.137257127000112 ], [ 39.345620819000089, 3.070797359000096 ], [ 39.32112977100013, 3.052870986000016 ], [ 39.288979653000126, 3.036943862000101 ], [ 39.256946260000063, 3.003651169000136 ], [ 39.250288139000133, 2.995513867999989 ], [ 39.249849464000135, 2.988820154000052 ], [ 39.245638166000049, 2.985357361000126 ], [ 39.237373006000098, 2.984757409000053 ], [ 39.225087572000177, 2.979491575999987 ], [ 39.218561186000045, 2.978599723 ], [ 39.201143046000027, 2.967298569000036 ], [ 39.193854151999972, 2.956462388000034 ], [ 39.15496473800016, 2.95477256300012 ], [ 39.148798512000099, 2.953194897000174 ], [ 39.139083750000111, 2.939200950000043 ], [ 39.127980192000109, 2.935083147000114 ], [ 39.124574614000096, 2.931407457000091 ], [ 39.117130561000124, 2.91144836899997 ], [ 39.113164012000084, 2.88405114 ], [ 39.067167803000132, 2.883042984000099 ], [ 39.070035889999986, 2.805289931000118 ], [ 39.062145233000194, 2.735676527000123 ], [ 39.056478732000073, 2.731347403000029 ], [ 39.052596656, 2.72531297400019 ], [ 39.047853272000111, 2.702416264000021 ], [ 39.036757974000125, 2.691402102000154 ], [ 39.003573515000028, 2.610266808000176 ], [ 38.97861672800002, 2.568385127000113 ], [ 38.887599945000034, 2.544461012000113 ], [ 38.891374577000079, 2.535777495000048 ], [ 38.893638469000166, 2.511886777000086 ], [ 38.898474153000052, 2.498494606000179 ], [ 38.901870161000033, 2.478741153000101 ], [ 38.913379382000073, 2.449404066000056 ], [ 38.913559712000108, 2.442159615000037 ], [ 38.928197035000153, 2.408946124000067 ], [ 38.930372836000174, 2.38087854600019 ], [ 38.934109770000077, 2.37299855800012 ], [ 38.931034761000092, 2.345436885000026 ], [ 38.935516663000044, 2.315102239000112 ], [ 38.925623989000087, 2.284603202000028 ], [ 38.928129196000157, 2.27468538300019 ], [ 38.92859458900017, 2.260664105000046 ], [ 38.933882724000114, 2.242936592999968 ], [ 38.937629841000103, 2.214707726000142 ], [ 38.936640717000159, 2.161896633000083 ], [ 38.9549894270001, 2.106788594000079 ], [ 38.961545184000101, 2.099456261000114 ], [ 38.835422516000051, 2.025982857000145 ], [ 38.795402527000192, 1.998934865000024 ], [ 38.384000778000143, 1.76146441700007 ], [ 38.341201782000098, 1.577994704000048 ], [ 38.241283417000091, 1.499945283000045 ], [ 37.94630244200016, 1.263430463000134 ], [ 37.951669884000125, 1.387328220000029 ], [ 37.853486175000114, 1.459164576000092 ], [ 37.85006536700007, 1.452606664000029 ], [ 37.850214268, 1.446542964000116 ], [ 37.84658050500019, 1.442815781000036 ], [ 37.847179820000122, 1.435770050000144 ], [ 37.843844024000191, 1.429711308000151 ], [ 37.844730377000076, 1.426357150000058 ], [ 37.843049144000133, 1.425553332000163 ], [ 37.831881687000077, 1.424955250000096 ], [ 37.825955581000073, 1.420434304000082 ], [ 37.817666634000147, 1.422752913000181 ], [ 37.810660927000015, 1.417868242000054 ], [ 37.800305229000116, 1.418061590999969 ], [ 37.795319753000115, 1.414570720000086 ], [ 37.787835044000133, 1.415488837999987 ], [ 37.784861034000073, 1.4186105 ], [ 37.782495265000193, 1.418856457 ], [ 37.778217316000166, 1.41155445600009 ], [ 37.770145072000162, 1.414097736000031 ], [ 37.755976994000093, 1.411530583000172 ], [ 37.747829437, 1.413014889000067 ], [ 37.736424532000058, 1.406858332000184 ], [ 37.713568698000074, 1.407651102000045 ], [ 37.693085979000045, 1.402573231000133 ], [ 37.684618588000149, 1.39897225600015 ], [ 37.676929474000076, 1.403275967000184 ], [ 37.672857958000179, 1.401882352000086 ], [ 37.670391070000164, 1.399070258999984 ], [ 37.662109245000124, 1.397927242000037 ], [ 37.658718109000063, 1.394900560000053 ], [ 37.654060451000134, 1.400846745000081 ], [ 37.64769616000018, 1.398330683000097 ], [ 37.640293996000025, 1.391127284000163 ], [ 37.633387880000043, 1.387574311000037 ], [ 37.630283356000064, 1.383506179000108 ], [ 37.624072788999968, 1.383125313 ], [ 37.623073578000174, 1.37756538400015 ], [ 37.611185204000094, 1.374944060000132 ], [ 37.604936210000176, 1.378306909000116 ], [ 37.599672303000091, 1.390738633000069 ], [ 37.597611341000118, 1.389783217000058 ], [ 37.597072601000093, 1.384090424000021 ], [ 37.591139658000088, 1.379166516000112 ], [ 37.588306427000077, 1.368021369000132 ], [ 37.580711365000127, 1.364028454000106 ], [ 37.582756042000085, 1.370358706 ], [ 37.581560589000048, 1.373246567000137 ], [ 37.577525388000026, 1.379870923000055 ], [ 37.574182015000076, 1.380370972000094 ], [ 37.57057957100011, 1.38836376800009 ], [ 37.564544678000175, 1.38973903700014 ], [ 37.558888972000091, 1.396109030000048 ], [ 37.499871142000188, 1.500552037000148 ], [ 37.474164617000099, 1.551374680000151 ], [ 37.408931702000075, 1.650288628000112 ], [ 37.359884798, 1.728149701000177 ], [ 37.344297094000126, 1.736573287000112 ], [ 37.305332734000103, 1.751568997000049 ], [ 37.274034304, 1.869895151000037 ], [ 37.233255807000091, 1.872584445000143 ], [ 37.219567666000046, 1.891385721 ], [ 37.181072109000183, 1.918074994 ], [ 37.17136711600017, 1.927144582000096 ], [ 37.163931411000192, 1.9401717020001 ], [ 37.161220806000188, 1.964583615000151 ], [ 37.157571892000078, 1.963737349000098 ], [ 37.122857039000053, 1.96713855400003 ], [ 37.093155816000035, 1.974752519000049 ], [ 37.075356127000134, 1.982531053000059 ], [ 37.011352724000062, 1.984426859000052 ], [ 37.008356282000136, 1.986035245000096 ], [ 36.997271978000128, 1.999759567000012 ], [ 36.976494353000078, 2.008647762000123 ], [ 36.948789790999967, 2.026483725000162 ], [ 36.937466918000098, 2.025274530000047 ], [ 36.924391878000051, 2.018071072000168 ], [ 36.916328430000078, 2.019161463000046 ], [ 36.919242175000193, 2.034518748000039 ], [ 36.919657692000044, 2.053447187000017 ], [ 36.921733304000156, 2.060161538000045 ], [ 36.918966277000095, 2.084728027999972 ], [ 36.918857574000072, 2.101357222000104 ], [ 36.914626410000096, 2.101849909000123 ], [ 36.911842052000111, 2.104836601000102 ], [ 36.913785634000192, 2.12636915000013 ], [ 36.901599285000032, 2.157255203000091 ], [ 36.894888537000099, 2.192729956000164 ], [ 36.892274373000134, 2.195640746000095 ], [ 36.864594188000069, 2.254452182000023 ], [ 36.844554319000054, 2.274961546000043 ], [ 36.770555156, 2.48254422499997 ], [ 36.76547410500018, 2.493645325000102 ], [ 36.759192238000082, 2.514763586000129 ], [ 36.753977263000138, 2.515847644000132 ], [ 36.748698937000029, 2.513775066000051 ], [ 36.739681224000094, 2.514092302000051 ], [ 36.709377289000145, 2.50756549800019 ], [ 36.707328796000184, 2.511460543000169 ], [ 36.700530942000114, 2.51225510800009 ], [ 36.703569744000049, 2.478698985000165 ], [ 36.697689056000172, 2.464227200000096 ], [ 36.699754766000012, 2.459058786000071 ], [ 36.698964980000085, 2.454266264000182 ], [ 36.69632720900006, 2.454001427000037 ], [ 36.688081097000065, 2.458409993000089 ], [ 36.685496077000039, 2.457775785000024 ], [ 36.670784121000111, 2.443293936000032 ], [ 36.657865893000064, 2.420032423000123 ], [ 36.650838468000131, 2.417839172000129 ], [ 36.648506165000128, 2.413195610000116 ], [ 36.643539429000043, 2.41709113100012 ], [ 36.643858817000194, 2.405622908999987 ], [ 36.641300201000035, 2.395373344000063 ], [ 36.638572693000185, 2.391187429000013 ], [ 36.63867579700019, 2.406652134000183 ], [ 36.635087967000118, 2.404339790000165 ], [ 36.63146591200001, 2.411832094000147 ], [ 36.624350550000145, 2.414600519000146 ], [ 36.621296660000098, 2.412312812000096 ], [ 36.621752018000109, 2.404654510000057 ], [ 36.619356864000167, 2.39872512300002 ], [ 36.608733100000109, 2.395624530000077 ], [ 36.605767665000144, 2.397357260000092 ], [ 36.601852417000032, 2.406376457000022 ], [ 36.592294693000042, 2.413438320000125 ], [ 36.586832682000079, 2.407401879000133 ], [ 36.579172810000102, 2.40681040100003 ], [ 36.575739860000112, 2.404030919000093 ], [ 36.568524933000106, 2.404795742000033 ], [ 36.566577148000135, 2.400146103000168 ], [ 36.560644785000193, 2.396650156000021 ], [ 36.553894399000171, 2.398227681000094 ], [ 36.548055649000048, 2.403044760000114 ], [ 36.540970612000137, 2.405069685000058 ], [ 36.53894729600006, 2.407633543000088 ], [ 36.532026927000061, 2.432215929000108 ], [ 36.524492900000098, 2.446192344000053 ], [ 36.52483291600015, 2.459002733000091 ], [ 36.529461169000058, 2.47351601400004 ], [ 36.527324676000092, 2.485194802000024 ], [ 36.528093338000076, 2.493267536000019 ], [ 36.53108596800007, 2.500064850000058 ], [ 36.530065537000098, 2.522756159000039 ], [ 36.524762153999973, 2.526741743000116 ], [ 36.524288178, 2.533013701000186 ], [ 36.51507568400018, 2.560253143000125 ], [ 36.494050979000122, 2.575446129000056 ], [ 36.475183487000038, 2.600260675000129 ], [ 36.472658158000115, 2.609517275999963 ], [ 36.463294983000139, 2.609710931999984 ], [ 36.454111099000045, 2.612156510000034 ], [ 36.442433039000093, 2.626524210000071 ], [ 36.441816966000033, 2.630209445999981 ], [ 36.438025157000084, 2.634503921000146 ], [ 36.438022137000189, 2.643658310000035 ], [ 36.434432983000079, 2.653833548000136 ], [ 36.436080933000142, 2.670498610000038 ], [ 36.434032916999968, 2.680074632000071 ], [ 36.438279788000102, 2.69178634900004 ], [ 36.447294235000186, 2.705492377000041 ], [ 36.439245224000047, 2.711679936000166 ], [ 36.431999842000096, 2.714978397000152 ], [ 36.429304123000065, 2.719078183000079 ], [ 36.421267509000188, 2.736703753000029 ], [ 36.421857198000055, 2.745845080000095 ], [ 36.418710708000106, 2.763497829000073 ], [ 36.413410187000011, 2.769401789000085 ], [ 36.412015279000059, 2.773872058000052 ], [ 36.399112701000092, 2.794453859000043 ], [ 36.387819926000191, 2.818949381000039 ], [ 36.386750513000095, 2.828572689000111 ], [ 36.38005447400019, 2.840062022000097 ], [ 36.367601395000179, 2.85203969500003 ], [ 36.360552788000064, 2.861456811000096 ], [ 36.346459707000065, 2.863456726000095 ], [ 36.322521210000161, 2.874658227000111 ], [ 36.29978815700008, 2.888448794999988 ], [ 36.291264852000154, 2.888642152000102 ], [ 36.282823563000136, 2.892458796000028 ], [ 36.269433340000035, 2.910020749000182 ], [ 36.266412735000131, 2.924113870000156 ], [ 36.261630376000085, 2.934580386000164 ], [ 36.258095318000187, 2.960277673000178 ], [ 36.254854202000047, 2.96646583100005 ], [ 36.255655289000174, 2.959265351000056 ], [ 36.254518509000093, 2.955057144000136 ], [ 36.246709824000163, 2.950558722000096 ], [ 36.234323501000176, 2.958267331000116 ], [ 36.225168705000158, 2.959208846000081 ], [ 36.224780628000076, 2.956604409000022 ], [ 36.223061879000056, 2.956053655000062 ], [ 36.216991425000174, 2.959969282000145 ], [ 36.201257706000149, 2.963071108000122 ], [ 36.192451477000077, 2.969245275000162 ], [ 36.179832458000021, 2.96731821700007 ], [ 36.170796966000125, 2.969151735000082 ], [ 36.165454864000083, 2.967650771000024 ], [ 36.140367508000168, 2.970533073000126 ], [ 36.13478851300016, 2.968273560000171 ], [ 36.133328597000173, 2.969527741000093 ], [ 36.135996819000127, 2.973613620000037 ], [ 36.137285868000106, 2.980444590000161 ], [ 36.130059281000172, 2.975347611000075 ], [ 36.129772186000139, 2.981168151000077 ], [ 36.12594318400005, 2.980167687000062 ], [ 36.123860930999967, 2.981172609000112 ], [ 36.127298355000164, 3.002517104 ], [ 36.13161064000019, 3.010021771000027 ], [ 36.13629891700009, 3.013857101000099 ], [ 36.136568069000134, 3.02858005000013 ], [ 36.140859604000013, 3.037456155000143 ], [ 36.142225266000025, 3.055500031000065 ], [ 36.139297484999986, 3.062091827000131 ], [ 36.140253703000099, 3.070906321000052 ], [ 36.141736984000147, 3.073458791000064 ], [ 36.148328781000146, 3.075112105000073 ], [ 36.151676178000059, 3.080500365000034 ], [ 36.152639389000115, 3.085806727000147 ], [ 36.152639389000115, 3.090808272000174 ], [ 36.149518967000176, 3.095028758000126 ], [ 36.152231216000189, 3.116247654000063 ], [ 36.149435042999983, 3.134674311000083 ], [ 36.145273209000095, 3.14326238600006 ], [ 36.139247894000107, 3.148880482000038 ], [ 36.13843345600003, 3.152109027000108 ], [ 36.150548935000131, 3.19099283200012 ], [ 36.152020772000185, 3.211482763000163 ], [ 36.151018574000034, 3.216804578000051 ], [ 36.148461024000142, 3.221833507000042 ], [ 36.144995689000041, 3.223399579000102 ], [ 36.14008903500013, 3.216907740000067 ], [ 36.142268658000091, 3.212232619000019 ], [ 36.140672684000037, 3.209253192000176 ], [ 36.128448486000025, 3.210881352000058 ], [ 36.119657517000178, 3.213937640000154 ], [ 36.110837936000109, 3.22081136700001 ], [ 36.100576782000189, 3.220580292000022 ], [ 36.084959984000136, 3.225597322000169 ], [ 36.071886063000136, 3.226485014000048 ], [ 36.051643372000058, 3.239017725000053 ], [ 36.049640656000122, 4.056281805000026 ], [ 36.050304409000034, 4.451455597000177 ], [ 36.23340039500016, 4.451232627000024 ], [ 36.246250415000077, 4.457326795000142 ] ] ] } },
{ "type": "Feature", "properties": { "name": "Meru" }, "geometry": { "type": "Polygon", "coordinates": [ [ [ 38.094421387000182, 0.564062773999979 ], [ 38.174663544000055, 0.333974510000132 ], [ 38.176361084000177, 0.330779225000185 ], [ 38.195583344000113, 0.321996778000141 ], [ 38.191692352000189, 0.244273676999967 ], [ 38.191558838000162, 0.235207781000042 ], [ 38.193260193000185, 0.231424131000153 ], [ 38.198837280000191, 0.225215681000179 ], [ 38.200766246000114, 0.226988752000068 ], [ 38.211816788000135, 0.22311596600008 ], [ 38.223251979000111, 0.216119684000091 ], [ 38.229454517000136, 0.216726413000117 ], [ 38.234224319000077, 0.213257943000031 ], [ 38.238808441000117, 0.206793308000101 ], [ 38.242340088000049, 0.207591411000124 ], [ 38.24520619700013, 0.206317852000041 ], [ 38.257747650000169, 0.194109887000025 ], [ 38.262130738000053, 0.192274601000065 ], [ 38.262605667, 0.186669506000044 ], [ 38.2667541510001, 0.181381874000067 ], [ 38.271892548000039, 0.177016853999987 ], [ 38.274605751000138, 0.177121017 ], [ 38.281127930000025, 0.173237130000075 ], [ 38.285751343000186, 0.169040762000179 ], [ 38.286655426000152, 0.164983273000075 ], [ 38.296386719000168, 0.159646035000094 ], [ 38.30512619000001, 0.133257479000179 ], [ 38.304510752000112, 0.119276171000138 ], [ 38.307250977000081, 0.11149187400008 ], [ 38.308628082000041, 0.109139167000023 ], [ 38.318069457999968, 0.107567661000189 ], [ 38.319917679000071, 0.099031229000161 ], [ 38.326580048000039, 0.096751306000101 ], [ 38.328224182000156, 0.094117753000035 ], [ 38.322896958000115, 0.079329088000065 ], [ 38.324028015000181, 0.075321093000184 ], [ 38.328334808000079, 0.071835272000158 ], [ 38.335777283000084, 0.070482068000103 ], [ 38.339580536000085, 0.067712910000125 ], [ 38.340740204000099, 0.065796886000044 ], [ 38.337408066000137, 0.062956907000171 ], [ 38.338203430000192, 0.061087515000054 ], [ 38.34897486400007, 0.06039609100003 ], [ 38.348701477000077, 0.057771253000112 ], [ 38.34552574200012, 0.054685466000137 ], [ 38.346576691000109, 0.051138737000031 ], [ 38.343490601000042, 0.044928750000054 ], [ 38.345270157000016, 0.042777665000131 ], [ 38.348932266000077, 0.043097765000141 ], [ 38.357204437000178, 0.037809677000098 ], [ 38.353195190000179, 0.030972293000161 ], [ 38.355039597000143, 0.021868585999982 ], [ 38.36568641700012, 0.014326973000152 ], [ 38.369012833000056, 0.010133636000035 ], [ 38.36988067600015, 0.006066735000047 ], [ 38.376724243000183, 0.004467824000187 ], [ 38.379201889, -0.002885816999935 ], [ 38.384355545000119, -0.003662397999904 ], [ 38.394499779000114, -0.009460737999973 ], [ 38.392718506000108, -0.010804542999949 ], [ 38.393162410000059, -0.013336303999893 ], [ 38.396427155000083, -0.014236310999934 ], [ 38.397439957000017, -0.016217793999942 ], [ 38.401681264000047, -0.016606751999973 ], [ 38.399202983000066, -0.021074094999847 ], [ 38.40151119300009, -0.026385405999918 ], [ 38.406431516000168, -0.028023963999942 ], [ 38.404342651000093, -0.029206848999934 ], [ 38.405972799000097, -0.043051581999975 ], [ 38.410739899000191, -0.047125217999962 ], [ 38.410066605000111, -0.051542966999932 ], [ 38.413636780000161, -0.051991957999974 ], [ 38.409516144000122, -0.057617321999885 ], [ 38.411914825000053, -0.059461108999869 ], [ 38.410379410000132, -0.063803955999845 ], [ 38.414291382000158, -0.066921604999948 ], [ 38.419865926000057, -0.068428544999961 ], [ 38.419552872000111, -0.070364839999911 ], [ 38.415260315000126, -0.073883071999887 ], [ 38.40377044700017, -0.076367787999857 ], [ 38.39285278300008, -0.07356329199996 ], [ 38.39046573600001, -0.081112686999973 ], [ 38.385932922000165, -0.086351140999966 ], [ 38.382160187000181, -0.087327196999979 ], [ 38.376972198000033, -0.081425994999961 ], [ 38.367681504000132, -0.078863862999867 ], [ 38.345024109000121, -0.062391202999947 ], [ 38.338338852000049, -0.062556504999918 ], [ 38.331850052000163, -0.068204849999915 ], [ 38.328250885000159, -0.06807058999982 ], [ 38.312900543000126, -0.05373904899983 ], [ 38.309412003000148, -0.05327965999993 ], [ 38.305587769000113, -0.054962226999976 ], [ 38.300032298000076, -0.052910418999943 ], [ 38.302722931000062, -0.049215947999926 ], [ 38.302088420000018, -0.045460695999907 ], [ 38.297801971000183, -0.043355204999955 ], [ 38.296356201000151, -0.038931863999892 ], [ 38.29268074100014, -0.037899232999905 ], [ 38.289213181000093, -0.029458075999969 ], [ 38.282484055000054, -0.024415307999959 ], [ 38.278167725000117, -0.024735748999944 ], [ 38.277004242000032, -0.022366152999894 ], [ 38.269809723000151, -0.021919220999962 ], [ 38.264911652000137, -0.018529263999937 ], [ 38.261363983000138, -0.019213850999847 ], [ 38.255084992000093, -0.017095703999928 ], [ 38.249649048000094, -0.017348683999955 ], [ 38.247710228000074, -0.021560124999894 ], [ 38.245588303000147, -0.021699563999903 ], [ 38.238129934000028, -0.015646414999821 ], [ 38.237468720000038, -0.011518698999964 ], [ 38.230417252000109, -0.009631948999925 ], [ 38.228729248000093, 0.001932756000031 ], [ 38.221258164000119, 0.00455039100018 ], [ 38.222442627000135, 0.009329867000019 ], [ 38.219799042000147, 0.012385387000052 ], [ 38.211589813000103, 0.01356899600006 ], [ 38.206790924000131, 0.017634446000159 ], [ 38.191417694000052, 0.013864897000076 ], [ 38.189816793000034, 0.015991971000062 ], [ 38.182235718000072, 0.018256270000109 ], [ 38.175567627000191, 0.024317993000068 ], [ 38.161655426000038, 0.026697349000131 ], [ 38.157825470000091, 0.031779182000037 ], [ 38.149446488000081, 0.036959190000175 ], [ 38.142311096000185, 0.044670112000119 ], [ 38.128797532000078, 0.051079696000045 ], [ 38.124561310000047, 0.04987907400016 ], [ 38.122239431000082, 0.051120796000077 ], [ 38.119194031000177, 0.04923644500002 ], [ 38.113739014000089, 0.055276129000049 ], [ 38.110900878999985, 0.054039629000044 ], [ 38.109550476000095, 0.050709793000067 ], [ 38.106498718000182, 0.049727559000132 ], [ 38.104849497000089, 0.046913221000182 ], [ 38.100379944000167, 0.04897869600012 ], [ 38.095455170000037, 0.047857141000122 ], [ 38.09408664700004, 0.043718102000071 ], [ 38.088809967000088, 0.042110036000054 ], [ 38.083763123000097, 0.033374438000067 ], [ 38.083982468000045, 0.030088141000022 ], [ 38.081560135000075, 0.028015365000101 ], [ 38.080086708000124, 0.030401618000099 ], [ 38.073464711000156, 0.032554170000026 ], [ 38.074719747000074, 0.030408311000031 ], [ 38.072543144000178, 0.030433489000188 ], [ 38.073455266000167, 0.028107913000156 ], [ 38.071745873000054, 0.025481725000077 ], [ 38.070005417000061, 0.026616047000175 ], [ 38.0692087810001, 0.0241650480001 ], [ 38.067727407000064, 0.026447074000089 ], [ 38.064790090000145, 0.025534691000018 ], [ 38.062751770000034, 0.027565865000042 ], [ 38.058550835000176, 0.024129739000159 ], [ 38.053376770000114, 0.026640054000097 ], [ 38.051959992000093, 0.029169541000044 ], [ 38.049538930000153, 0.025263352000024 ], [ 38.046739579000075, 0.02820587400015 ], [ 38.044242859000121, 0.027357593000033 ], [ 38.044662476000099, 0.024873092000064 ], [ 38.033616384000084, 0.037543376000031 ], [ 38.03347778300008, 0.04372336400013 ], [ 38.030468941000152, 0.045561897000084 ], [ 38.025898933000065, 0.052472362000174 ], [ 38.023376465000069, 0.050601887000028 ], [ 38.023514748000025, 0.052259405000029 ], [ 38.020536423000067, 0.052695967000091 ], [ 38.018591563000086, 0.059191165000186 ], [ 38.0157890320001, 0.060582489000183 ], [ 38.01424789500004, 0.058843337000155 ], [ 38.01064300500002, 0.062967606000086 ], [ 38.004849752000041, 0.064780114000143 ], [ 38.004171372000087, 0.062651722000055 ], [ 38.000656128000173, 0.062632612000073 ], [ 37.998346901000161, 0.066857924000089 ], [ 37.995209285000101, 0.066998064000131 ], [ 37.994267146000027, 0.068584019000184 ], [ 37.986351776000049, 0.065372092000075 ], [ 37.982903798000052, 0.067023963000054 ], [ 37.981756211, 0.065538820000029 ], [ 37.986232758000142, 0.044182062000061 ], [ 37.980986277000113, 0.043756318000021 ], [ 37.974699021000163, 0.047750847000032 ], [ 37.975382805000095, 0.049944857000185 ], [ 37.971797943000126, 0.050362197000084 ], [ 37.969379425000056, 0.056014154000081 ], [ 37.960212707999972, 0.053450504000068 ], [ 37.957999230000155, 0.051316115000134 ], [ 37.956257820000133, 0.052464790000045 ], [ 37.954064369000093, 0.051614211000128 ], [ 37.952020645000118, 0.053855917000135 ], [ 37.925178528000117, 0.032833968000091 ], [ 37.922388077000051, 0.02738471400005 ], [ 37.915245056000117, 0.022960925000064 ], [ 37.910499573000152, 0.01659352900009 ], [ 37.888415200000111, 0.01154906000005 ], [ 37.889156342000149, 0.009343755000089 ], [ 37.88702981300014, 0.001998002000107 ], [ 37.890280151000127, 0.000947994000114 ], [ 37.895957311000188, -0.00438220999996 ], [ 37.925798416000021, 0.001663557000029 ], [ 37.929080964000036, 0.003686158000164 ], [ 37.934202576000132, 0.000565036000012 ], [ 37.935264588000109, -0.002116631999911 ], [ 37.929461479000167, -0.004668220999974 ], [ 37.926530838000076, -0.009308625999893 ], [ 37.928657532000159, -0.012256984999965 ], [ 37.925561905000109, -0.016732626999897 ], [ 37.922530173999974, -0.027305109999816 ], [ 37.925389290000112, -0.033209664999958 ], [ 37.93594519300018, -0.036506558999974 ], [ 37.937603951000085, -0.042484841999908 ], [ 37.935991287000093, -0.048207853999941 ], [ 37.936912537000126, -0.055361562999963 ], [ 37.932642619000148, -0.062227873999916 ], [ 37.909986496000045, -0.088137633999963 ], [ 37.872230530000024, -0.126793935999899 ], [ 37.836837769000169, -0.15704618399991 ], [ 37.805091858000139, -0.182521998999903 ], [ 37.79479370100006, -0.187663259999852 ], [ 37.797093709000137, -0.176038205999873 ], [ 37.792934418000186, -0.174116252999852 ], [ 37.790594101000067, -0.167577377999976 ], [ 37.77757453900017, -0.159150667999882 ], [ 37.772827149000136, -0.158958956999925 ], [ 37.768436432000044, -0.15567589799997 ], [ 37.764997864000065, -0.157874464999963 ], [ 37.758345922, -0.170647588999884 ], [ 37.755560875000072, -0.173191155999973 ], [ 37.75258382200019, -0.18297583899988 ], [ 37.746471405000079, -0.188811689999909 ], [ 37.74339294400005, -0.188324436999949 ], [ 37.736381531000177, -0.19261021899996 ], [ 37.730821610000135, -0.199155218999977 ], [ 37.723701477000134, -0.200971438999886 ], [ 37.722339630000135, -0.202687970999818 ], [ 37.707954407000159, -0.201824157999908 ], [ 37.693180084000119, -0.204535558999908 ], [ 37.688415527000188, -0.203519507999943 ], [ 37.683176041000081, -0.20747137799998 ], [ 37.666782379000097, -0.205805651999924 ], [ 37.663608551000038, -0.208058371999812 ], [ 37.656337738000161, -0.209156996999923 ], [ 37.652654648000066, -0.212641528999939 ], [ 37.645298004000153, -0.213340684999878 ], [ 37.640581131000033, -0.211343183999816 ], [ 37.638671875000171, -0.207270464999965 ], [ 37.624581337000166, -0.204768433999902 ], [ 37.620304108000028, -0.199854939999966 ], [ 37.616168976000154, -0.198380752999867 ], [ 37.613212585000042, -0.193865288999973 ], [ 37.601310730000193, -0.193816437999942 ], [ 37.592135111000118, -0.189145291999978 ], [ 37.589043935000177, -0.183404454999902 ], [ 37.579922676000137, -0.180133952999938 ], [ 37.397998810000047, -0.161609008999903 ], [ 37.307811737000122, -0.149574070999961 ], [ 37.136150360000102, -0.036756004999916 ], [ 37.131762187, -0.032475021999915 ], [ 37.132481893000033, -0.02759347999995 ], [ 37.125169118000088, -0.023488647999955 ], [ 37.115184784000178, -0.012634313999911 ], [ 37.112072945000193, -0.011266095999929 ], [ 37.106697083000029, 0.001870765000149 ], [ 37.103745937000099, 0.003294897000046 ], [ 37.103172302000132, 0.007161724000127 ], [ 37.100904465000156, 0.009019875000149 ], [ 37.10128657000007, 0.011338655000145 ], [ 37.097601209000061, 0.012878158999968 ], [ 37.096938134000027, 0.015526513999987 ], [ 37.093443553000156, 0.017394373000116 ], [ 37.09304122900005, 0.0208445990001 ], [ 37.088079981000078, 0.022774041000048 ], [ 37.108912604000125, 0.03847548900012 ], [ 37.129503251000187, 0.038386935000119 ], [ 37.13961029100011, 0.041427904999978 ], [ 37.142314911000085, 0.043989561000046 ], [ 37.14802551300005, 0.044688390000033 ], [ 37.153020859000037, 0.050938752000093 ], [ 37.167022705000193, 0.053379748999987 ], [ 37.171129227000108, 0.056147123000187 ], [ 37.186855316000049, 0.057053915000097 ], [ 37.19883696200003, 0.063861402000157 ], [ 37.201661682000179, 0.06166156200004 ], [ 37.202079773000037, 0.067640029000074 ], [ 37.207581838000067, 0.068375103000108 ], [ 37.208133698000097, 0.070559210000113 ], [ 37.215355873000192, 0.073414935000017 ], [ 37.220488548000048, 0.073289564000049 ], [ 37.232156118000148, 0.080677206000075 ], [ 37.234264374000134, 0.104494750000015 ], [ 37.24633566600005, 0.108868329000131 ], [ 37.252338409000174, 0.096978374000059 ], [ 37.26198387200003, 0.111507312000128 ], [ 37.281263351000121, 0.130176492000089 ], [ 37.280564308000123, 0.139404096000078 ], [ 37.282604218000131, 0.146169558000167 ], [ 37.282489777000194, 0.152153283000075 ], [ 37.291137695000032, 0.161819309000123 ], [ 37.304758708000179, 0.173241228000052 ], [ 37.308050156000036, 0.178407829000093 ], [ 37.320304871000133, 0.18315324200006 ], [ 37.333379746000048, 0.180796951000048 ], [ 37.335726420000071, 0.183211625000183 ], [ 37.34079647100009, 0.184654575000025 ], [ 37.340187836000098, 0.189234811000119 ], [ 37.336253357000089, 0.193916589000025 ], [ 37.342018127000074, 0.193557128000066 ], [ 37.348189545000025, 0.195411348000164 ], [ 37.348155022000071, 0.210258234000094 ], [ 37.351201375000187, 0.211906125000098 ], [ 37.351359049000052, 0.215343897000139 ], [ 37.355213165000123, 0.221088782000038 ], [ 37.354808808000143, 0.227249407000045 ], [ 37.357876778000161, 0.232742515000155 ], [ 37.356452942000089, 0.237886029000094 ], [ 37.363320351000141, 0.240139421000038 ], [ 37.362976837000133, 0.244624701000077 ], [ 37.366048813000134, 0.247495405999985 ], [ 37.366136424, 0.250409055000148 ], [ 37.362151464000135, 0.251058092000108 ], [ 37.359958649000191, 0.252988823000067 ], [ 37.360181809000153, 0.25554803000017 ], [ 37.363321622000171, 0.25693556900012 ], [ 37.364877064999973, 0.260960062000152 ], [ 37.372543335000159, 0.265609786000084 ], [ 37.374184609000054, 0.271903447999989 ], [ 37.37922954600009, 0.270282529000099 ], [ 37.399009705000083, 0.283991188000073 ], [ 37.400417328000117, 0.285419434000119 ], [ 37.400697709000156, 0.296319321 ], [ 37.429996490000065, 0.298004240000068 ], [ 37.465591431000064, 0.283613563000188 ], [ 37.535980225000117, 0.263662696000097 ], [ 37.537876129000097, 0.268292576000022 ], [ 37.544073741000091, 0.273862819000044 ], [ 37.546955109000066, 0.279126078000047 ], [ 37.547660828000119, 0.284706920000133 ], [ 37.545770645000118, 0.286482215000035 ], [ 37.549633027000141, 0.295517743000119 ], [ 37.549699784000097, 0.306564898000147 ], [ 37.547512690000133, 0.307739136000123 ], [ 37.546514130000105, 0.311499351000123 ], [ 37.555247625, 0.328564818000189 ], [ 37.581308365000154, 0.328717336000011 ], [ 37.604930878000062, 0.35375842500008 ], [ 37.598800659000062, 0.402910262000034 ], [ 37.584938050000176, 0.403033659000016 ], [ 37.581976891000011, 0.411374852000165 ], [ 37.581508636000081, 0.459686876000035 ], [ 37.582613945000162, 0.465406835000124 ], [ 37.586059571000135, 0.471546099000079 ], [ 37.586725235000188, 0.48047354300013 ], [ 37.826236725000058, 0.563127220000013 ], [ 38.062509918000103, 0.671239948000107 ], [ 38.094421387000182, 0.564062773999979 ] ] ] } },
{ "type": "Feature", "properties": { "name": "Migori" }, "geometry": { "type": "Polygon", "coordinates": [ [ [ 34.588865899000041, -0.649403936999875 ], [ 34.605365899000162, -0.651203936999877 ], [ 34.609065899000029, -0.649503936999906 ], [ 34.625629309000033, -0.654327427999931 ], [ 34.634668333000093, -0.660586086999899 ], [ 34.640215899000111, -0.700553936999881 ], [ 34.643030191000094, -0.704044513999975 ], [ 34.628465899000105, -0.728803936999896 ], [ 34.628365899000187, -0.734903936999956 ], [ 34.630165899000076, -0.738903936999975 ], [ 34.628065899000035, -0.751903936999838 ], [ 34.625865899000075, -0.754903936999881 ], [ 34.624265899000022, -0.784503936999954 ], [ 34.622665898999969, -0.790303936999976 ], [ 34.622565899000051, -0.822403936999933 ], [ 34.625065899000163, -0.827603936999935 ], [ 34.620765899000162, -0.840303936999931 ], [ 34.614865899000165, -0.839403936999872 ], [ 34.610465899000076, -0.84090393699995 ], [ 34.610865899000146, -0.857703936999883 ], [ 34.61694270400011, -0.871867372999816 ], [ 34.614465899000095, -0.880803936999826 ], [ 34.614465899000095, -0.888303936999876 ], [ 34.616965898999979, -0.892403936999926 ], [ 34.623310524000146, -0.922017747999973 ], [ 34.622565899000051, -0.941803936999975 ], [ 34.626765899000134, -0.953003936999949 ], [ 34.632665899000131, -0.963103936999971 ], [ 34.641465899000139, -0.966453936999926 ], [ 34.590065899000081, -1.01620393699983 ], [ 34.592965899000035, -1.041803936999941 ], [ 34.60176853300004, -1.059186865999891 ], [ 34.61896182300012, -1.07750443499998 ], [ 34.615989261000038, -1.083308915999851 ], [ 34.615227242000117, -1.090117004999968 ], [ 34.619565899000179, -1.094803936999881 ], [ 34.623331963000055, -1.108304952999902 ], [ 34.623084063000135, -1.114759954999954 ], [ 34.630723269000157, -1.124770498999965 ], [ 34.63032947, -1.128665857999977 ], [ 34.633392097000183, -1.138239096999882 ], [ 34.628476544000193, -1.1510188499999 ], [ 34.624899389000063, -1.15468107099997 ], [ 34.632894378000117, -1.160791526999901 ], [ 34.639865899000085, -1.163103936999846 ], [ 34.653965899000184, -1.176603936999868 ], [ 34.653685078000137, -1.185663417999933 ], [ 34.661465899000063, -1.188703936999957 ], [ 34.666065899000046, -1.195103936999942 ], [ 34.670865899000148, -1.197203936999927 ], [ 34.673565899000096, -1.209703936999972 ], [ 34.678065899000103, -1.211303936999911 ], [ 34.685565899000153, -1.20960393699994 ], [ 34.687065899000117, -1.211003936999873 ], [ 34.69827855300008, -1.263752476999969 ], [ 34.703725733999988, -1.278020060999836 ], [ 34.7305351440001, -1.386716241999977 ], [ 34.640265899000156, -1.334503936999909 ], [ 34.600665899000091, -1.313503936999894 ], [ 34.582565899000144, -1.301803936999875 ], [ 34.554365899000118, -1.287503936999826 ], [ 34.515265899000099, -1.263103936999869 ], [ 34.467765899000085, -1.238403936999873 ], [ 34.457265899000163, -1.231203936999862 ], [ 34.273965899000189, -1.128703936999898 ], [ 34.175565899000105, -1.071703936999938 ], [ 34.080965899000034, -1.019803936999892 ], [ 34.078965899000139, -1.019403936999936 ], [ 34.045965899000123, -1.043303936999962 ], [ 34.040365899000051, -1.043703936999918 ], [ 34.03336589900016, -1.040203936999887 ], [ 34.029665899000065, -1.035303936999924 ], [ 34.027765899000087, -1.03000393699989 ], [ 34.026865899000029, -1.010003936999851 ], [ 34.016965899000127, -1.000303936999899 ], [ 33.9339658990001, -1.000103936999892 ], [ 33.925865899000144, -0.804803936999861 ], [ 34.079565899000045, -0.805203936999931 ], [ 34.084265899000059, -0.78750393699994 ], [ 34.087565899000083, -0.784603936999872 ], [ 34.112265899000079, -0.781503936999968 ], [ 34.119165899000052, -0.777703936999956 ], [ 34.137124912000161, -0.777534737999929 ], [ 34.144265899000118, -0.776003936999928 ], [ 34.152665899, -0.766703936999932 ], [ 34.16916589900012, -0.762703936999912 ], [ 34.189765899000122, -0.74610393699993 ], [ 34.199365899000043, -0.742403936999949 ], [ 34.204365899000038, -0.752803936999953 ], [ 34.210385899000073, -0.759643936999964 ], [ 34.213365899000053, -0.76720393699992 ], [ 34.232775495, -0.781987380999908 ], [ 34.242165898999986, -0.799303936999877 ], [ 34.248494328000049, -0.807772514999897 ], [ 34.252565899000047, -0.810703936999971 ], [ 34.254365899000106, -0.819303936999916 ], [ 34.268765899000186, -0.823803936999923 ], [ 34.285465899000087, -0.825203936999969 ], [ 34.299965899000085, -0.839003936999916 ], [ 34.310665899000071, -0.855303936999974 ], [ 34.320565899000144, -0.865103936999958 ], [ 34.324635941999986, -0.86624554399998 ], [ 34.33656589900005, -0.862103936999972 ], [ 34.338165899000103, -0.856953936999901 ], [ 34.341465899000127, -0.854903936999847 ], [ 34.368665899000177, -0.851503936999904 ], [ 34.37206589900012, -0.845853936999958 ], [ 34.37896589900015, -0.844203936999861 ], [ 34.381465899000034, -0.846003936999921 ], [ 34.389477003000138, -0.83191069499992 ], [ 34.393465899000091, -0.827703936999967 ], [ 34.388265899000089, -0.822103936999952 ], [ 34.387365899000031, -0.815903936999973 ], [ 34.397065899000097, -0.818403936999971 ], [ 34.42806589900016, -0.834803936999947 ], [ 34.463812244999986, -0.862138509999966 ], [ 34.464965899000049, -0.83440393699982 ], [ 34.482065899000077, -0.799703936999947 ], [ 34.485465899000189, -0.786803936999831 ], [ 34.518165899000053, -0.756603936999966 ], [ 34.526665899000079, -0.744403936999959 ], [ 34.531965899, -0.740303936999965 ], [ 34.536296156000105, -0.72830855199993 ], [ 34.531715899000119, -0.725103936999972 ], [ 34.534265899000047, -0.722503936999885 ], [ 34.534265899000047, -0.702203936999979 ], [ 34.53666589900007, -0.700703936999957 ], [ 34.540165899000101, -0.692603936999888 ], [ 34.550065899000174, -0.682603936999897 ], [ 34.552865898999983, -0.675303936999967 ], [ 34.559165899000106, -0.671803936999936 ], [ 34.55604914900016, -0.664071448999948 ], [ 34.564465899000027, -0.663603936999948 ], [ 34.566115899000124, -0.661703936999913 ], [ 34.57926589900012, -0.659003936999909 ], [ 34.58120571600017, -0.657676040999888 ], [ 34.582965899000044, -0.651603936999948 ], [ 34.588865899000041, -0.649403936999875 ] ] ] } },
{ "type": "Feature", "properties": { "name": "Mombasa" }, "geometry": { "type": "MultiPolygon", "coordinates": [ [ [ [ 39.67303483600017, -3.920930566999914 ], [ 39.685095095000179, -3.923371861999954 ], [ 39.693298340000069, -3.922790526999904 ], [ 39.697204590000183, -3.924987792999957 ], [ 39.695800781000116, -3.930694579999908 ], [ 39.693481445000032, -3.93225097699991 ], [ 39.696014404000096, -3.933197020999955 ], [ 39.699890137000068, -3.944396972999812 ], [ 39.707702637000068, -3.94702148399989 ], [ 39.706481934000067, -3.948303222999812 ], [ 39.702011108000136, -3.947677611999893 ], [ 39.702087402000075, -3.949401854999849 ], [ 39.698913574000187, -3.9503784179999 ], [ 39.696472168000128, -3.948120116999917 ], [ 39.690841675000115, -3.94836425799997 ], [ 39.697814941000161, -3.952056884999877 ], [ 39.70144653300008, -3.952194213999974 ], [ 39.704284668000128, -3.94891357399996 ], [ 39.708236694000107, -3.951878865999959 ], [ 39.710067749000189, -3.948638915999936 ], [ 39.715087891000053, -3.952239989999953 ], [ 39.726928711000085, -3.954101562999938 ], [ 39.732086182000046, -3.952850341999977 ], [ 39.735900879000155, -3.949371337999878 ], [ 39.744293213000162, -3.955413817999897 ], [ 39.752502441000104, -3.957519530999946 ], [ 39.758117676000097, -3.95672607399996 ], [ 39.762252808000085, -3.959106444999975 ], [ 39.761474609000118, -3.961181640999826 ], [ 39.753692627000135, -3.966674804999855 ], [ 39.748718262000068, -3.975219726999967 ], [ 39.736785888999975, -3.988159179999968 ], [ 39.731201172000056, -3.996582030999832 ], [ 39.732208252000021, -4.001800536999951 ], [ 39.726557565000121, -4.006160751999857 ], [ 39.726042872999983, -4.009181826999964 ], [ 39.726874120000105, -4.01286275599989 ], [ 39.730309556000179, -4.015797445999965 ], [ 39.729877820000127, -4.018429449999871 ], [ 39.727892939000128, -4.02124994199994 ], [ 39.723566879000145, -4.023159405999877 ], [ 39.702900528000043, -4.055152594999925 ], [ 39.692847670000106, -4.061320664999926 ], [ 39.684399068000062, -4.061135763999971 ], [ 39.68283727700009, -4.058799648999923 ], [ 39.683103968000182, -4.055468489999839 ], [ 39.680549309000128, -4.052926469999932 ], [ 39.680999756000176, -4.041992187999824 ], [ 39.673095703000172, -4.040588378999928 ], [ 39.676605225000117, -4.036590575999981 ], [ 39.677124023000033, -4.033142089999956 ], [ 39.676086426000097, -4.029174804999968 ], [ 39.671203613000102, -4.029724120999958 ], [ 39.669921875000114, -4.023376464999899 ], [ 39.67468261700003, -4.021301269999981 ], [ 39.674545288000104, -4.017868041999975 ], [ 39.673583984000174, -4.017303466999977 ], [ 39.673187256000176, -4.020538329999908 ], [ 39.669921875000114, -4.020019530999889 ], [ 39.666076659999987, -4.022216796999885 ], [ 39.661193848000096, -4.019195556999932 ], [ 39.660186768000131, -4.01144409199992 ], [ 39.666442871000186, -4.010116576999962 ], [ 39.6707153320001, -4.004150390999939 ], [ 39.670013428000118, -4.000793456999929 ], [ 39.665283203000172, -3.99719238299997 ], [ 39.664260864000028, -3.992874145999906 ], [ 39.668884277000075, -3.989135741999917 ], [ 39.665985107000154, -3.98464965799991 ], [ 39.666152954000097, -3.978530883999838 ], [ 39.663879395000038, -3.980529784999931 ], [ 39.663299560999974, -3.976501464999956 ], [ 39.660629272000108, -3.976669311999899 ], [ 39.6588287350001, -3.97354125999982 ], [ 39.659210205000022, -3.969604491999974 ], [ 39.662292480000076, -3.964538573999846 ], [ 39.658081055000025, -3.961791991999974 ], [ 39.661682129000098, -3.953491210999971 ], [ 39.659042358000079, -3.952850341999977 ], [ 39.656046549000109, -3.956970214999956 ], [ 39.652282715000069, -3.957092284999931 ], [ 39.651123047000056, -3.953491210999971 ], [ 39.646172575000094, -3.950586993999934 ], [ 39.653478979000113, -3.94476830799988 ], [ 39.649773873000186, -3.943480577999935 ], [ 39.649900624000054, -3.941014167999981 ], [ 39.648378888000138, -3.940122112999973 ], [ 39.650663211000051, -3.9380145209999 ], [ 39.649792943000136, -3.935407227999917 ], [ 39.645852459000082, -3.935011647999886 ], [ 39.64223035800012, -3.930041617999962 ], [ 39.640171739000039, -3.929700041999979 ], [ 39.644448587000056, -3.924336055999959 ], [ 39.671560286000044, -3.919444321999947 ], [ 39.67303483600017, -3.920930566999914 ] ] ], [ [ [ 39.635654262000116, -4.034026946999973 ], [ 39.639515939000148, -4.037929191999979 ], [ 39.638763452000148, -4.039963549999925 ], [ 39.629876849000027, -4.040660700999979 ], [ 39.625355238000111, -4.043961223999929 ], [ 39.620269152000105, -4.04352406899983 ], [ 39.619223024000064, -4.0416227689999 ], [ 39.614835010000036, -4.040140564999831 ], [ 39.585569987000099, -4.043571619999966 ], [ 39.583491332000165, -4.040394695999964 ], [ 39.58600784600003, -4.028959981999947 ], [ 39.583676611000101, -4.02589544499989 ], [ 39.573731947999988, -4.02361019499989 ], [ 39.567817517000151, -4.019727982999939 ], [ 39.56421967100016, -4.012686415999951 ], [ 39.567885724000178, -4.006758522999917 ], [ 39.569690696000123, -3.991550699999891 ], [ 39.575383220000049, -3.984204864999981 ], [ 39.568930898000133, -3.979186652999829 ], [ 39.569255059000056, -3.97501065299997 ], [ 39.583202064000034, -3.969781791999878 ], [ 39.583744610000167, -3.965445250999892 ], [ 39.598764400000164, -3.950051341999938 ], [ 39.607917123000107, -3.955805559999874 ], [ 39.610283847000176, -3.959276433999946 ], [ 39.618648339000174, -3.957597860999954 ], [ 39.621056382, -3.955447866999975 ], [ 39.622886656000105, -3.957882153999947 ], [ 39.621648774, -3.960080131999973 ], [ 39.627602366000019, -3.963647393999906 ], [ 39.641862878000097, -3.957315592999976 ], [ 39.648681641000053, -3.96008300799997 ], [ 39.654205322000109, -3.959899901999904 ], [ 39.656005859000118, -3.961486815999933 ], [ 39.655517578000115, -3.973693847999925 ], [ 39.661407471000132, -3.986145019999924 ], [ 39.662292480000076, -3.989807128999871 ], [ 39.660797119000051, -3.993438720999904 ], [ 39.656311035000158, -3.989746093999884 ], [ 39.648101806999989, -3.986297606999926 ], [ 39.647659302000079, -3.978973388999918 ], [ 39.645202637000125, -3.977050780999946 ], [ 39.641510010000047, -3.976959228999931 ], [ 39.639099121000129, -3.975158690999876 ], [ 39.634094237999989, -3.980377196999939 ], [ 39.628723145000151, -3.982177733999947 ], [ 39.616699219000054, -3.975891112999932 ], [ 39.614318848000153, -3.96789550799997 ], [ 39.618835449000017, -3.960734048999939 ], [ 39.617919922000056, -3.958923339999956 ], [ 39.615112305000025, -3.963378905999889 ], [ 39.612792969000111, -3.964172362999932 ], [ 39.609985352000081, -3.961395263999918 ], [ 39.606953939000164, -3.963236490999918 ], [ 39.607028413000137, -3.959225932999914 ], [ 39.604759239000145, -3.959474148999959 ], [ 39.603806648999978, -3.964629837999951 ], [ 39.608540838000124, -3.966182106999952 ], [ 39.607320799000149, -3.968942557999981 ], [ 39.608626763000188, -3.978088953999929 ], [ 39.602446238000141, -3.980741777999981 ], [ 39.599896460000025, -3.984074 ], [ 39.592764660000057, -3.986630329999855 ], [ 39.591094540000086, -3.988826185999926 ], [ 39.591474984000115, -3.989890589999959 ], [ 39.596256402000108, -3.988262476999978 ], [ 39.598112462000017, -3.985049278999952 ], [ 39.601151557000037, -3.985901877999879 ], [ 39.604711913000131, -3.981487544999936 ], [ 39.608807571000057, -3.982690299999888 ], [ 39.611453929000163, -3.980528301999811 ], [ 39.616424031000179, -3.988260615999934 ], [ 39.623593044000131, -3.990719025999852 ], [ 39.624771031000137, -3.992726242999936 ], [ 39.62798813600017, -3.989126781999914 ], [ 39.635954485000184, -3.989766510999971 ], [ 39.637789790000056, -3.993932326999868 ], [ 39.635447902000124, -3.997635775999868 ], [ 39.637421946000188, -4.009709212999894 ], [ 39.640462457000126, -4.01441307399989 ], [ 39.64071412300018, -4.025036543999875 ], [ 39.642654980000088, -4.024938600999917 ], [ 39.644382620000044, -4.027404457999864 ], [ 39.65008174500008, -4.026829050999936 ], [ 39.64965966900013, -4.030542255999876 ], [ 39.64630462000008, -4.034765672999924 ], [ 39.642108184000165, -4.030490950999877 ], [ 39.636626638000109, -4.031632115999969 ], [ 39.635654262000116, -4.034026946999973 ] ] ], [ [ [ 39.637081347000162, -4.048539735999952 ], [ 39.641632734000041, -4.066512551999949 ], [ 39.648787615000117, -4.074442819999945 ], [ 39.646340895000151, -4.076763269999901 ], [ 39.646173896000107, -4.079664784999977 ], [ 39.650743124000144, -4.072767361999922 ], [ 39.652788440999984, -4.072201843999949 ], [ 39.660059280000041, -4.07905389799987 ], [ 39.672746566000114, -4.080773454999871 ], [ 39.674298768000142, -4.082205096999928 ], [ 39.674177415000145, -4.091123316999926 ], [ 39.672392819000095, -4.095675225999969 ], [ 39.663514256999974, -4.109817551999924 ], [ 39.66235863300011, -4.11458718199998 ], [ 39.65483303200017, -4.126515260999952 ], [ 39.649898453000162, -4.14073587099989 ], [ 39.642683729000055, -4.152442919999828 ], [ 39.626006921000112, -4.141515613999957 ], [ 39.630018392000125, -4.136504658999854 ], [ 39.632858748000103, -4.124082020999879 ], [ 39.636487787000078, -4.121952116999978 ], [ 39.637814608000156, -4.118281002999879 ], [ 39.632926464000036, -4.117497961999845 ], [ 39.628698154000119, -4.109874883999964 ], [ 39.612244861000079, -4.092252252999913 ], [ 39.613544787000137, -4.090993247999904 ], [ 39.610137561000158, -4.092089656999974 ], [ 39.608088446000181, -4.087385985999958 ], [ 39.606928043000153, -4.087612348999869 ], [ 39.606051918000048, -4.094536329999869 ], [ 39.600465713000119, -4.097368409999831 ], [ 39.598306583000181, -4.100959272999944 ], [ 39.600220289000106, -4.107949670999915 ], [ 39.597081151000054, -4.11251958899993 ], [ 39.591942083000106, -4.113661690999947 ], [ 39.585897576000093, -4.118288010999947 ], [ 39.582527449000054, -4.116318811999975 ], [ 39.579378962000078, -4.119411744999979 ], [ 39.575260086000128, -4.119893594999894 ], [ 39.581337524000105, -4.112485994999929 ], [ 39.582092259000149, -4.114745405999827 ], [ 39.583250462000137, -4.111439640999947 ], [ 39.58873749900016, -4.109631249999893 ], [ 39.587988309000025, -4.106255134999969 ], [ 39.591244771000163, -4.106440052999972 ], [ 39.59264298800008, -4.104723215999968 ], [ 39.588090286000181, -4.097205704999965 ], [ 39.587992728000074, -4.09210176199997 ], [ 39.584305991000122, -4.089476263999927 ], [ 39.585820280000121, -4.081101513999954 ], [ 39.587877086000105, -4.079206510999882 ], [ 39.586349710000036, -4.075889303999872 ], [ 39.590517336000062, -4.074010719999876 ], [ 39.594771812000033, -4.067200702999969 ], [ 39.592177803000084, -4.064994941999885 ], [ 39.592187717000172, -4.063141341999824 ], [ 39.601715608000063, -4.061323962999893 ], [ 39.605537138000102, -4.062717347999978 ], [ 39.608171168000069, -4.061217458999977 ], [ 39.611320385000113, -4.062032026999873 ], [ 39.613265753000178, -4.064512535999938 ], [ 39.61708123000011, -4.062773398999923 ], [ 39.62090791300011, -4.06371107699988 ], [ 39.618220652000048, -4.060026821999941 ], [ 39.612718318000077, -4.060918439999909 ], [ 39.620201723000093, -4.057599091999975 ], [ 39.62934599100015, -4.061246804999939 ], [ 39.637080033000075, -4.056455363999873 ], [ 39.636036696000133, -4.051625284999886 ], [ 39.637081347000162, -4.048539735999952 ] ] ], [ [ [ 39.639515939000148, -4.037929191999979 ], [ 39.642780663999986, -4.035217610999894 ], [ 39.648553431999972, -4.036129762999963 ], [ 39.651803197000049, -4.031879725999943 ], [ 39.660290563000103, -4.027643451999836 ], [ 39.66536327700004, -4.028059678999966 ], [ 39.669979652000166, -4.032410135999953 ], [ 39.674356459000194, -4.033568952999929 ], [ 39.674287237000158, -4.035996620999981 ], [ 39.669970076000084, -4.038459958999965 ], [ 39.670222682000031, -4.04105 ], [ 39.672239260000083, -4.043903298999965 ], [ 39.67762435700007, -4.044852585999877 ], [ 39.674698541000112, -4.052253541999846 ], [ 39.679962618000161, -4.058208304999937 ], [ 39.682106694000083, -4.06922342099989 ], [ 39.674883028000181, -4.072294704999933 ], [ 39.671791322000161, -4.076704025999959 ], [ 39.665837888000169, -4.076493015999915 ], [ 39.66194744500001, -4.07216625999996 ], [ 39.663359095000146, -4.068802082999923 ], [ 39.661722803000089, -4.065780771999812 ], [ 39.661633972000118, -4.06933150999987 ], [ 39.659903542000109, -4.070265873999915 ], [ 39.656484350000028, -4.067664451999974 ], [ 39.656827570000189, -4.064407554999946 ], [ 39.655103338000117, -4.065326181999922 ], [ 39.652869610000039, -4.06103683799995 ], [ 39.647580779000066, -4.058754765999879 ], [ 39.646170868000013, -4.048247999999887 ], [ 39.639515939000148, -4.037929191999979 ] ] ] ] } },
{ "type": "Feature", "properties": { "name": "Murang'a" }, "geometry": { "type": "Polygon", "coordinates": [ [ [ 36.735065460000101, -0.564384877999942 ], [ 36.750000000000114, -0.569039105999934 ], [ 36.758361817000036, -0.566357909999851 ], [ 36.762666702000161, -0.567150740999978 ], [ 36.77825164799998, -0.56479978599998 ], [ 36.794109344000049, -0.568840920999946 ], [ 36.803083420000064, -0.567123203999927 ], [ 36.808982849000131, -0.569227456999954 ], [ 36.811128616000133, -0.579251944999896 ], [ 36.822673798000039, -0.581779002999951 ], [ 36.838207245000035, -0.592657982999867 ], [ 36.84664154100011, -0.592580913999825 ], [ 36.860954285000048, -0.60477614399997 ], [ 36.867609024000103, -0.603085159999864 ], [ 36.87652015700013, -0.604618131999871 ], [ 36.882497406000084, -0.606568514999935 ], [ 36.884531975000073, -0.609324844999946 ], [ 36.894800822000036, -0.606770435999977 ], [ 36.913780848000158, -0.608137209999882 ], [ 36.920370483000113, -0.602177142999949 ], [ 36.924142838000023, -0.603212102999976 ], [ 36.937981923000166, -0.595933456999944 ], [ 36.949526215000162, -0.593089687999907 ], [ 36.957199097000171, -0.586772878999966 ], [ 36.967256545999987, -0.585278093999875 ], [ 36.977502441000183, -0.577534248999882 ], [ 36.982055664000029, -0.577665984999953 ], [ 36.984848023000097, -0.574711575999856 ], [ 36.987533570000153, -0.574202134999894 ], [ 36.994400183000096, -0.576407121999978 ], [ 36.996969223000065, -0.583831875999977 ], [ 37.015570164000167, -0.583732768999937 ], [ 37.025850296000044, -0.589889376999963 ], [ 37.033898354000144, -0.589683428999876 ], [ 37.048943838000184, -0.594019313999979 ], [ 37.056208801000082, -0.601754283999981 ], [ 37.059392929000069, -0.609764366999968 ], [ 37.063675881000052, -0.611368938999931 ], [ 37.067358399000113, -0.609600209999883 ], [ 37.075817585000152, -0.615012600999876 ], [ 37.078202248000025, -0.614631272999873 ], [ 37.07944583900013, -0.618573009999977 ], [ 37.082582156000058, -0.618739475999973 ], [ 37.085521062, -0.622929989999932 ], [ 37.088197708000166, -0.622145652999961 ], [ 37.095207214000141, -0.624314536999918 ], [ 37.096776581000029, -0.626482927999916 ], [ 37.099654198, -0.626255682999954 ], [ 37.102375793000078, -0.6294574019999 ], [ 37.100941181, -0.63177561699996 ], [ 37.101671491000047, -0.636536733999833 ], [ 37.114733378000153, -0.640868921999811 ], [ 37.119339752000087, -0.644288312999947 ], [ 37.127833176000081, -0.643694640999911 ], [ 37.13903579700019, -0.636876081999844 ], [ 37.145115376000035, -0.636707625999918 ], [ 37.152836609000076, -0.639909362999902 ], [ 37.154750824000075, -0.635288148999905 ], [ 37.159673309000141, -0.636149918999877 ], [ 37.168490092000184, -0.634425341999929 ], [ 37.168615977, -0.637642601999914 ], [ 37.172186216000114, -0.640701030999935 ], [ 37.169017029000145, -0.647655736999923 ], [ 37.174495697000168, -0.64935382199991 ], [ 37.177047729000094, -0.65334951899996 ], [ 37.180493164000154, -0.664407217999951 ], [ 37.178567887000099, -0.665733128999875 ], [ 37.182520867000164, -0.665685995999979 ], [ 37.183130709000181, -0.663659038999867 ], [ 37.185287221000067, -0.665879727999936 ], [ 37.18819122300016, -0.663903140999878 ], [ 37.190264702000036, -0.665224124999952 ], [ 37.197268963000056, -0.662195145999874 ], [ 37.200771332000045, -0.662661025999967 ], [ 37.204148610000061, -0.67535676499989 ], [ 37.210427094000124, -0.680769955999949 ], [ 37.214310328000067, -0.688826520999896 ], [ 37.22574806199998, -0.671685635999893 ], [ 37.228541056000154, -0.671231984999849 ], [ 37.232727687000079, -0.666688739999813 ], [ 37.237548034000042, -0.666351874999918 ], [ 37.236315918000059, -0.66757966299997 ], [ 37.236327489000018, -0.675768965999964 ], [ 37.238908767999988, -0.679476975999933 ], [ 37.240943909000066, -0.687844415999905 ], [ 37.244164467000132, -0.69086197799993 ], [ 37.241681099000175, -0.693327813999929 ], [ 37.244470596000099, -0.697303443999886 ], [ 37.242177582000124, -0.700220262999892 ], [ 37.243597984000019, -0.705491184999914 ], [ 37.245677948000036, -0.706998317999933 ], [ 37.24887085000006, -0.706151216999899 ], [ 37.248891831000094, -0.711329548999913 ], [ 37.256158034000123, -0.71987023499986 ], [ 37.2538027760001, -0.720918207999944 ], [ 37.251402855000038, -0.718510463999962 ], [ 37.250531515000034, -0.722720563999872 ], [ 37.257375717000059, -0.724513589999901 ], [ 37.257349650000094, -0.732281167999929 ], [ 37.265523910000184, -0.741275175999874 ], [ 37.265404702000069, -0.743440761999921 ], [ 37.262898445000133, -0.745419248999838 ], [ 37.269155502000103, -0.750558450999961 ], [ 37.270212174000164, -0.753198652999913 ], [ 37.263708115000156, -0.752586244999975 ], [ 37.260607720000053, -0.749241768999923 ], [ 37.25950012200002, -0.751274287999877 ], [ 37.2565898900001, -0.751949965999927 ], [ 37.255467415000055, -0.755772485999898 ], [ 37.261901856000179, -0.767425491999973 ], [ 37.262429237, -0.779847393999944 ], [ 37.264873123000086, -0.780896648999885 ], [ 37.265218523000044, -0.78425145999995 ], [ 37.267669151000121, -0.785282634999874 ], [ 37.26266415900011, -0.791200706999973 ], [ 37.258481343000028, -0.837231913999972 ], [ 37.233184813999969, -0.837108909999813 ], [ 37.225496292000116, -0.852220951999811 ], [ 37.240703583000084, -0.857783495999968 ], [ 37.241584778000117, -0.86150336299994 ], [ 37.252260208000166, -0.861169024999867 ], [ 37.256172180000192, -0.868049919999976 ], [ 37.282196045000035, -0.896759211999949 ], [ 37.300922394000054, -0.906814276999967 ], [ 37.319728851000093, -0.919695972999875 ], [ 37.317545891000123, -0.922239288999833 ], [ 37.318715668000038, -0.925094103999868 ], [ 37.324468466000098, -0.930027846999963 ], [ 37.325485992000097, -0.933940100999848 ], [ 37.314620972000171, -0.940062045999923 ], [ 37.316848755000194, -0.948025106999864 ], [ 37.327928543000155, -0.944882163999978 ], [ 37.330419541000026, -0.947677303999967 ], [ 37.328041712000186, -0.951585391999913 ], [ 37.333913803000144, -0.955671950999829 ], [ 37.335176849000163, -0.959429239999849 ], [ 37.336730957000157, -0.958581417999937 ], [ 37.34333801300005, -0.961600303999887 ], [ 37.35458374000018, -0.947410582999908 ], [ 37.36671829200003, -0.96407520799994 ], [ 37.345640819000153, -0.976791420999859 ], [ 37.33288574200003, -0.976380824999978 ], [ 37.338260651000041, -0.985256075999814 ], [ 37.362328847000185, -0.987672090999979 ], [ 37.406055450000167, -1.012048482999887 ], [ 37.420875550000119, -1.033615111999893 ], [ 37.387522380000064, -1.057589729999904 ], [ 37.362598269000102, -1.093485273999931 ], [ 37.358152008000161, -1.089736985999934 ], [ 37.348491669000168, -1.090628265999896 ], [ 37.338748932000044, -1.07780328399997 ], [ 37.333963394000023, -1.080457328999898 ], [ 37.329432169000029, -1.07559303499994 ], [ 37.325196584000139, -1.076450406999925 ], [ 37.318130494000116, -1.065350948999935 ], [ 37.315492630000165, -1.064552544999856 ], [ 37.314697266000053, -1.06259272799997 ], [ 37.310569763000046, -1.065171851999935 ], [ 37.298510869000097, -1.051561474999914 ], [ 37.285299683000176, -1.041194509999968 ], [ 37.283622742000034, -1.036842762999868 ], [ 37.27973938000008, -1.034819721999895 ], [ 37.278582891000042, -1.03106717199995 ], [ 37.273239136000143, -1.025035500999934 ], [ 37.268460083000036, -1.022453164999888 ], [ 37.264704228000028, -1.015998899999829 ], [ 37.255904389000136, -1.017352270999879 ], [ 37.254547119000108, -1.018864392999944 ], [ 37.252837372000158, -1.017970227999967 ], [ 37.245591482000123, -1.022958715999948 ], [ 37.241783142000145, -1.02307295799983 ], [ 37.230819702000076, -1.016123413999935 ], [ 37.224453926000024, -1.025009929999953 ], [ 37.220172882000043, -1.024826942999937 ], [ 37.21596527100013, -1.027414678999889 ], [ 37.213326454000025, -1.033092766999914 ], [ 37.209897995000119, -1.031615912999939 ], [ 37.204034806000038, -1.033162384999912 ], [ 37.198284149000187, -1.038404881999895 ], [ 37.192608834000055, -1.04045653299994 ], [ 37.176944733000084, -1.031530332999978 ], [ 37.17503738400012, -1.033311843999854 ], [ 37.176859856000078, -1.034989803999963 ], [ 37.173933030000057, -1.042219519999946 ], [ 37.160657883000056, -1.046951710999906 ], [ 37.15917778000005, -1.049443264999979 ], [ 37.156513690999986, -1.047473623999906 ], [ 37.154725392000103, -1.051199356999973 ], [ 37.147148133000144, -1.047709464999969 ], [ 37.143330574000174, -1.046894996999924 ], [ 37.136569977000079, -1.048549770999955 ], [ 37.132629394999981, -1.04620170599992 ], [ 37.123842239, -1.05135911699989 ], [ 37.116095543000142, -1.039126604999922 ], [ 37.111371994000024, -1.037513136999905 ], [ 37.106966019000083, -1.033533572999886 ], [ 37.101012421000064, -1.031825184999946 ], [ 37.097630819000187, -1.034421880999957 ], [ 37.092517853000118, -1.030713796999919 ], [ 37.08821106, -1.032018004999827 ], [ 37.081676483000138, -1.028492032999964 ], [ 37.077283859000147, -1.027945637999949 ], [ 37.072149277000051, -1.023667096999873 ], [ 37.068767548000096, -1.023806213999933 ], [ 37.067825317000029, -1.019723534999969 ], [ 37.070247650000169, -1.016960560999905 ], [ 37.066466013000024, -1.016530990999968 ], [ 37.063144684000065, -1.012816011999973 ], [ 37.062999725000054, -1.010362266999834 ], [ 37.061180115000184, -1.01072096799993 ], [ 37.060377121000158, -1.013669648999951 ], [ 37.063098908000029, -1.021446883999943 ], [ 37.06214141800001, -1.024677395999959 ], [ 37.055533409000134, -1.027606755999955 ], [ 37.051836649000165, -1.031466960999978 ], [ 37.044845581000061, -1.031229733999965 ], [ 37.032567978000031, -1.026697217999924 ], [ 37.027278900000113, -1.015454212999884 ], [ 37.024370829000134, -1.014003405999915 ], [ 37.022630692000121, -1.009887337999885 ], [ 37.017380715000115, -1.007801800999971 ], [ 36.995973968000044, -0.989933526999948 ], [ 36.991285324000046, -0.988122343999976 ], [ 36.980854987999976, -0.976418330999877 ], [ 36.964968682000062, -0.971528037999917 ], [ 36.962029266000059, -0.965187322999952 ], [ 36.957536221000169, -0.960220947999971 ], [ 36.955618286000174, -0.954335689999937 ], [ 36.952383995, -0.954276948999961 ], [ 36.951285362000135, -0.951405450999971 ], [ 36.944062042000041, -0.947419344999901 ], [ 36.943432617000099, -0.944643282999891 ], [ 36.932369232000156, -0.938569813999948 ], [ 36.928014119000181, -0.933527747999904 ], [ 36.923694610999974, -0.93418157099984 ], [ 36.918679810000128, -0.928145813999947 ], [ 36.916341782000131, -0.928922205999868 ], [ 36.911436717000072, -0.921682436999959 ], [ 36.910790920000181, -0.918155647999811 ], [ 36.907945633000054, -0.915920286999949 ], [ 36.907732646000113, -0.912312496999959 ], [ 36.903387451000185, -0.911321460999943 ], [ 36.902811323000151, -0.909526611999922 ], [ 36.901195526000095, -0.911019289999899 ], [ 36.893096288000038, -0.909318774999974 ], [ 36.888484955000138, -0.901010572999894 ], [ 36.889604569000028, -0.898044814999935 ], [ 36.887991905000035, -0.89498482599987 ], [ 36.88597011600018, -0.894033545999946 ], [ 36.880477905000191, -0.896257141999968 ], [ 36.880282720000139, -0.892981409999948 ], [ 36.877805710000189, -0.890916138999955 ], [ 36.872756958000082, -0.890910982999969 ], [ 36.87056274400004, -0.887796353999818 ], [ 36.868645986000104, -0.88787675899988 ], [ 36.867537362, -0.889934769999911 ], [ 36.864071846000172, -0.888515114999961 ], [ 36.861000061000141, -0.885879962999979 ], [ 36.86000442500017, -0.881751167999937 ], [ 36.84953498800013, -0.880742191999957 ], [ 36.842397690000098, -0.874969340999883 ], [ 36.840139389000171, -0.876152186999946 ], [ 36.836478097000111, -0.872419228999888 ], [ 36.832070160000171, -0.872389196999904 ], [ 36.831749916000149, -0.870387091999817 ], [ 36.827145386000041, -0.868312549999928 ], [ 36.824728775000153, -0.863182725999934 ], [ 36.818555451000066, -0.860491466999861 ], [ 36.815955480000184, -0.860943525999971 ], [ 36.813934326000094, -0.857778980999967 ], [ 36.809452057000044, -0.85710306999988 ], [ 36.810036087000071, -0.854201524999894 ], [ 36.806194305000133, -0.855252056999973 ], [ 36.802920341000174, -0.850633352999978 ], [ 36.792617798000094, -0.843739568999979 ], [ 36.789289747000169, -0.843346995999923 ], [ 36.783864339000161, -0.838531086999978 ], [ 36.782168389000162, -0.83958692799996 ], [ 36.779011536000155, -0.835036158999969 ], [ 36.770746504000044, -0.830652185999895 ], [ 36.750718435000181, -0.831279595999945 ], [ 36.742017746000158, -0.816762357999949 ], [ 36.735891978000097, -0.81394580999995 ], [ 36.735800425000036, -0.811848500999815 ], [ 36.732395172000111, -0.810005187999877 ], [ 36.72685051000019, -0.809313237999902 ], [ 36.722161702, -0.804484515999889 ], [ 36.724086761000024, -0.790194928999824 ], [ 36.720449448000068, -0.784260182999958 ], [ 36.719383240000184, -0.777334450999945 ], [ 36.723823548000041, -0.781632571999978 ], [ 36.728099823000093, -0.777986307999868 ], [ 36.736682892000147, -0.777830481999956 ], [ 36.725275994000128, -0.766847177999978 ], [ 36.719833374000075, -0.757037996999884 ], [ 36.717376709000121, -0.747775971999943 ], [ 36.71591949499998, -0.730789362999928 ], [ 36.713294983000083, -0.724165975999938 ], [ 36.71320533800008, -0.712403236999933 ], [ 36.706728744000088, -0.695607274999873 ], [ 36.708694458000025, -0.684965192999869 ], [ 36.707851410000103, -0.674791812999956 ], [ 36.709416198000042, -0.663334369999916 ], [ 36.705768585000158, -0.642662941999902 ], [ 36.70812606800007, -0.631592630999933 ], [ 36.707622528000172, -0.625236093999888 ], [ 36.710361481, -0.617618083999901 ], [ 36.709457397, -0.609264075999874 ], [ 36.711858750000033, -0.605599581999968 ], [ 36.709285736000083, -0.600021719999972 ], [ 36.710201264000034, -0.593085705999954 ], [ 36.707836151000151, -0.585978805999957 ], [ 36.717025757000044, -0.575540601999876 ], [ 36.722133636000024, -0.573182999999858 ], [ 36.724319458000025, -0.56887799499998 ], [ 36.735065460000101, -0.564384877999942 ] ] ] } },
{ "type": "Feature", "properties": { "name": "Nairobi" }, "geometry": { "type": "Polygon", "coordinates": [ [ [ 36.897469521000119, -1.158210038999925 ], [ 36.919932047000088, -1.160176952999961 ], [ 36.92700386100006, -1.166500537999866 ], [ 36.933401108000112, -1.167380093999896 ], [ 36.938949585000103, -1.170129417999931 ], [ 36.941638402000081, -1.173297830999957 ], [ 36.912433624000016, -1.205048083999941 ], [ 36.915520668, -1.210102199999881 ], [ 36.920698166000136, -1.21424895499996 ], [ 36.931175232000157, -1.21994598699996 ], [ 36.937622070000145, -1.219165086999965 ], [ 36.948986053000056, -1.224645137999971 ], [ 36.953136444, -1.224239229999853 ], [ 36.957050324000193, -1.227012871999932 ], [ 36.961166382000044, -1.225231408999946 ], [ 36.96949005100015, -1.226661323999963 ], [ 36.977689743000042, -1.222271560999957 ], [ 36.986743927000077, -1.221169908999912 ], [ 36.991249085000163, -1.222615479999945 ], [ 36.994981766000194, -1.230136334999884 ], [ 37.003758749000156, -1.2338901359999 ], [ 37.010801316000084, -1.23400384099989 ], [ 37.012741089000087, -1.232515453999952 ], [ 37.013439178000056, -1.22762191299995 ], [ 37.016997337000191, -1.224934706999932 ], [ 37.022004263000042, -1.224625610999908 ], [ 37.023010254000042, -1.221586644999945 ], [ 37.030155182000044, -1.21844482399996 ], [ 37.037765503000116, -1.210351466999896 ], [ 37.053693772000088, -1.204123377999906 ], [ 37.057302475000142, -1.206525146999923 ], [ 37.062713623000036, -1.202702760999955 ], [ 37.080287933000193, -1.234879970999884 ], [ 37.088153839000142, -1.231168030999925 ], [ 37.09487533600003, -1.242395519999945 ], [ 37.08624267600004, -1.246274470999879 ], [ 37.101759720000132, -1.25907536699998 ], [ 37.103670120000118, -1.26301991899993 ], [ 37.100805283000113, -1.272654870999929 ], [ 37.096752803000015, -1.271054982999942 ], [ 37.08565521200012, -1.275799393999932 ], [ 37.082567215000154, -1.282370566999816 ], [ 37.077175140000122, -1.281691113999898 ], [ 37.075934728000163, -1.288769125999977 ], [ 37.072402954000154, -1.292694627999936 ], [ 37.072386424, -1.297228534999931 ], [ 37.07548141500007, -1.29816571899994 ], [ 37.075730324000119, -1.301037638999958 ], [ 37.025959015000069, -1.289510130999929 ], [ 37.001937866000048, -1.298352002999877 ], [ 36.994808197000111, -1.279063939999958 ], [ 36.973838806000174, -1.287217378999912 ], [ 36.983566284000176, -1.312453269999935 ], [ 36.965770721000069, -1.351785778999954 ], [ 36.960414886000024, -1.346018194999942 ], [ 36.93392181400003, -1.336382746999845 ], [ 36.905645371000162, -1.361825226999883 ], [ 36.914539337000122, -1.372324704999812 ], [ 36.921047211000143, -1.384527921999904 ], [ 36.922718048000092, -1.392016648999856 ], [ 36.927745819000165, -1.391873796999846 ], [ 36.931269646000146, -1.396082132999879 ], [ 36.936281204000181, -1.39673814199989 ], [ 36.942568461, -1.40207715899993 ], [ 36.945392609000123, -1.40747404099983 ], [ 36.947891236000146, -1.421497642999896 ], [ 36.95483016999998, -1.426156281999909 ], [ 36.959518433000028, -1.435135483999886 ], [ 36.962081909000062, -1.436426877999963 ], [ 36.960784912000122, -1.442147810999927 ], [ 36.957519531, -1.43985199899987 ], [ 36.955572129000188, -1.434898077999947 ], [ 36.950065613000049, -1.435550689999957 ], [ 36.942565918000071, -1.430521209999938 ], [ 36.93135833700012, -1.430459022999912 ], [ 36.889862061000031, -1.41225230699996 ], [ 36.89018249500009, -1.410511970999835 ], [ 36.894374847000051, -1.411015867999936 ], [ 36.894877116000089, -1.409195939999904 ], [ 36.885440826000035, -1.404809593999971 ], [ 36.880233765000071, -1.403638481999906 ], [ 36.87153244000018, -1.405241488999934 ], [ 36.869678497000166, -1.401229321999949 ], [ 36.86363220200019, -1.401655971999901 ], [ 36.857257843000127, -1.396626352999874 ], [ 36.849552155000083, -1.394140302999972 ], [ 36.844770432000132, -1.388962983999875 ], [ 36.843465805000051, -1.384384691999969 ], [ 36.83936119100008, -1.385894417999907 ], [ 36.836843491000138, -1.384680091999883 ], [ 36.836475372000166, -1.386293688999899 ], [ 36.827949524000132, -1.385287224999956 ], [ 36.822763443000099, -1.383293449999826 ], [ 36.819103241000107, -1.3789201969999 ], [ 36.814682007000044, -1.379863797999917 ], [ 36.81174977600017, -1.384073455999953 ], [ 36.809138934000146, -1.383354702999895 ], [ 36.808461189000127, -1.385712235999961 ], [ 36.805580139000142, -1.386844485999916 ], [ 36.804901123000093, -1.384366631999967 ], [ 36.802839279000182, -1.386337398999956 ], [ 36.80044937200006, -1.385114490999968 ], [ 36.795721054000182, -1.385767966999936 ], [ 36.793727875, -1.382948755999905 ], [ 36.789867400999981, -1.385347872999887 ], [ 36.786632538000106, -1.384912251999936 ], [ 36.782686234000096, -1.386766850999891 ], [ 36.780152639000164, -1.384123960999887 ], [ 36.769001007000099, -1.386368989999937 ], [ 36.760215759000118, -1.382227301999876 ], [ 36.748861313000134, -1.382234125999844 ], [ 36.744155884000122, -1.378611921999891 ], [ 36.741531372000054, -1.379435419999822 ], [ 36.726093292000087, -1.370908021999924 ], [ 36.702194214000087, -1.349484920999885 ], [ 36.692802429000096, -1.350649356999952 ], [ 36.689384460000156, -1.347097873999928 ], [ 36.684883118000016, -1.334832429999892 ], [ 36.682552338000107, -1.334948896999947 ], [ 36.678886413999976, -1.325982689999876 ], [ 36.674861908000082, -1.327842592999957 ], [ 36.66906738299997, -1.323598861999926 ], [ 36.672790527000188, -1.321908235999842 ], [ 36.663475037000183, -1.31728506099995 ], [ 36.670215607000159, -1.303582429999949 ], [ 36.67430687000018, -1.304752826999959 ], [ 36.680805206000116, -1.296204863999947 ], [ 36.686336517000143, -1.282303928999966 ], [ 36.689291001000129, -1.279256342999872 ], [ 36.687660853000068, -1.272497911999892 ], [ 36.691026688000136, -1.273396849999926 ], [ 36.690097809000122, -1.269434928999942 ], [ 36.694359462000193, -1.268185217999928 ], [ 36.693180909000148, -1.266334660999917 ], [ 36.696571350000056, -1.265996336999933 ], [ 36.693347295000024, -1.26164149199991 ], [ 36.694931030000077, -1.259395082999959 ], [ 36.693941752000114, -1.257903853999949 ], [ 36.70067596500013, -1.259820579999882 ], [ 36.70259857200017, -1.255783915999871 ], [ 36.715856553000151, -1.258417545999976 ], [ 36.718535614000189, -1.260810756999945 ], [ 36.725519181000095, -1.248294114999908 ], [ 36.725040435999972, -1.245201646999931 ], [ 36.727281570000173, -1.243224858999895 ], [ 36.728656769000168, -1.232403992999934 ], [ 36.746696472000167, -1.23467898399997 ], [ 36.756502152000053, -1.216778456999918 ], [ 36.76989364700006, -1.223865865999869 ], [ 36.771602631000064, -1.220980405999967 ], [ 36.778297424000073, -1.224342107999917 ], [ 36.783758799000111, -1.212538798999958 ], [ 36.789644877000057, -1.206404168999882 ], [ 36.784128824999982, -1.202017664999914 ], [ 36.790906906000146, -1.189049839999882 ], [ 36.834037018, -1.212483023999937 ], [ 36.830254873000172, -1.203808982999931 ], [ 36.834114075000116, -1.207768558999874 ], [ 36.837226868000187, -1.20836830099995 ], [ 36.839141846000132, -1.207007407999868 ], [ 36.849246979000043, -1.211320757999886 ], [ 36.851091385000075, -1.200508683999942 ], [ 36.855772017999982, -1.199245809999923 ], [ 36.859498977999976, -1.200572072999876 ], [ 36.863210678000144, -1.18792056999996 ], [ 36.873626709000177, -1.193813800999976 ], [ 36.885782242000062, -1.193479417999924 ], [ 36.890508652000165, -1.190699934999884 ], [ 36.898418427000138, -1.190366327999925 ], [ 36.895008087, -1.185492991999922 ], [ 36.896029473000169, -1.183985977999953 ], [ 36.894306183000026, -1.180607278999901 ], [ 36.888002396000104, -1.171354114999815 ], [ 36.893552781000039, -1.166848778999963 ], [ 36.897469521000119, -1.158210038999925 ] ] ] } },
{ "type": "Feature", "properties": { "name": "Nandi" }, "geometry": { "type": "Polygon", "coordinates": [ [ [ 35.044617691000099, 0.563082222000048 ], [ 35.099573513000053, 0.54056075 ], [ 35.105073734000143, 0.556184708999979 ], [ 35.10939387500008, 0.550142756000014 ], [ 35.114629364000109, 0.549040890000185 ], [ 35.116291682000167, 0.546964556000148 ], [ 35.125768317000109, 0.546376583999972 ], [ 35.129386139000133, 0.543365157000153 ], [ 35.134340929000075, 0.543034574000046 ], [ 35.137175797000168, 0.537652134000041 ], [ 35.141506194999977, 0.53725190200015 ], [ 35.144681295000169, 0.539789140000096 ], [ 35.156459234000067, 0.539676055000086 ], [ 35.16627776100006, 0.546956254000179 ], [ 35.159739696000088, 0.506544397000027 ], [ 35.152611628000045, 0.487650116000168 ], [ 35.141987448000123, 0.473339542000076 ], [ 35.150203507000185, 0.457109624000111 ], [ 35.170768453000164, 0.425660247000053 ], [ 35.176834741999983, 0.420900420000123 ], [ 35.194033152000145, 0.381603966 ], [ 35.228172899000015, 0.322911067 ], [ 35.289713649000191, 0.233163610000076 ], [ 35.298802694000187, 0.226181560000043 ], [ 35.306475503000115, 0.223979120000081 ], [ 35.311866760000044, 0.219270486000028 ], [ 35.322029114000145, 0.228940964000117 ], [ 35.326052348000132, 0.227247317000035 ], [ 35.331838608000169, 0.221876942000051 ], [ 35.334077835000073, 0.216707207000127 ], [ 35.341959000000145, 0.206987411000057 ], [ 35.356956482000044, 0.215404801000034 ], [ 35.357969920000073, 0.210625661 ], [ 35.366121292000059, 0.199993148000033 ], [ 35.365550995000035, 0.187328652000019 ], [ 35.361965179000151, 0.191341653000165 ], [ 35.354110718000129, 0.191275910000115 ], [ 35.347292900000014, 0.19444151600004 ], [ 35.340967178000142, 0.194758862000185 ], [ 35.34229278600003, 0.171609148000016 ], [ 35.335933685000157, 0.159631148000187 ], [ 35.335664113, 0.14389451400001 ], [ 35.334196727000119, 0.143059125000093 ], [ 35.356437683000024, 0.131254464000108 ], [ 35.369685173000107, 0.128196821000131 ], [ 35.375751495000088, 0.117686867999964 ], [ 35.378320058000043, 0.115815202000022 ], [ 35.380407333000164, 0.117805336 ], [ 35.384262085000103, 0.117145460000131 ], [ 35.387008667000146, 0.114788643999987 ], [ 35.371576945000186, 0.072912522000138 ], [ 35.368962288000091, 0.072198495000123 ], [ 35.364268780000089, 0.074004273000128 ], [ 35.362148285000046, 0.072471602000064 ], [ 35.359296587000131, 0.065432912000119 ], [ 35.349734306000073, 0.065600580000137 ], [ 35.347387314000059, 0.061786739000183 ], [ 35.369049072000166, 0.043239407000158 ], [ 35.390235900999983, 0.03672165800009 ], [ 35.404117584000062, 0.028947417000154 ], [ 35.43514192400005, 0.027199830000029 ], [ 35.438104751000139, 0.019968516000176 ], [ 35.413580070000137, 0.005282824000119 ], [ 35.404473414000051, -0.021185051999964 ], [ 35.424088630000142, -0.076008362999971 ], [ 35.401008708000063, -0.085005517999832 ], [ 35.389806825000051, -0.095209485999874 ], [ 35.371884657000066, -0.107291423999925 ], [ 35.352794099, -0.106522582999958 ], [ 35.33849736600007, -0.108306624999955 ], [ 35.307674443000167, -0.083517895999933 ], [ 35.279597366000075, -0.097306624999931 ], [ 35.226493835000042, -0.103708788999938 ], [ 35.226795197000058, -0.064920462999964 ], [ 35.2210909530001, -0.03398745699991 ], [ 35.218212128000175, -0.035129592999908 ], [ 35.216058095000051, -0.034196924999833 ], [ 35.215004921000116, -0.030668122999884 ], [ 35.210233053000024, -0.029783761999909 ], [ 35.206498146000172, -0.026242317999959 ], [ 35.202635447000034, -0.02686495099988 ], [ 35.199962616000107, -0.024342721999915 ], [ 35.194380760000115, -0.023601122999935 ], [ 35.187700272000029, -0.026706319999903 ], [ 35.182496071000116, -0.026747961999888 ], [ 35.181411743000069, -0.025008971999966 ], [ 35.179258728000036, -0.027653341999951 ], [ 35.177302467000061, -0.025730748999933 ], [ 35.173387527000159, -0.026337544999933 ], [ 35.166384888000096, -0.02983292599987 ], [ 35.161286163000057, -0.028350706999902 ], [ 35.16171646100014, -0.03004945899994 ], [ 35.158307393000143, -0.035010621999902 ], [ 35.155227661000026, -0.034130237999932 ], [ 35.151128769000024, -0.036319352999953 ], [ 35.147132874000079, -0.031241835999936 ], [ 35.102160136000123, -0.002150101999916 ], [ 35.100553513000136, -0.00552911699998 ], [ 35.102825165000127, -0.010543842999937 ], [ 35.101493835000156, -0.013363495999954 ], [ 35.103068352000093, -0.020989653999948 ], [ 35.101230621000184, -0.024889998999925 ], [ 35.096174717000054, -0.028023944999973 ], [ 35.092845917000091, -0.04194279799998 ], [ 35.08918476100007, -0.043487469999889 ], [ 35.086917877000076, -0.04724106599997 ], [ 35.083814621000158, -0.047022946999959 ], [ 35.08245658900006, -0.049626463999971 ], [ 35.074457169000084, -0.052755452999975 ], [ 35.065269470000089, -0.064634921999925 ], [ 35.061756134000177, -0.056544761999874 ], [ 35.059416453000097, -0.056743057999938 ], [ 35.060447693000185, -0.053832165999893 ], [ 35.059181212999988, -0.051806086999932 ], [ 35.007148743000187, -0.051738228999909 ], [ 35.00771904000004, -0.027479643999868 ], [ 34.98852539100011, -0.017143761999876 ], [ 34.988437653000119, -0.021592845999976 ], [ 34.978286743000069, -0.022150538999824 ], [ 34.964073181000174, -0.030280353999956 ], [ 34.956978798000193, -0.024107405999928 ], [ 34.952500915000144, -0.024780657999941 ], [ 34.954425812000181, -0.028328615999953 ], [ 34.933971405000193, -0.033702447999929 ], [ 34.923263952000184, -0.034154157999922 ], [ 34.919475676000104, -0.030865541999958 ], [ 34.921466482000142, -0.024431657999912 ], [ 34.920167708000179, -0.024015584999972 ], [ 34.908962721000023, -0.026049631999854 ], [ 34.891196912000112, -0.022753468999952 ], [ 34.880480666000039, -0.024328140999955 ], [ 34.827598629000192, -0.025760921999961 ], [ 34.808982986999979, -0.019834916999969 ], [ 34.806488176000073, -0.015917717999969 ], [ 34.809966602000145, -0.01244106099989 ], [ 34.808825348000028, -0.009254448999855 ], [ 34.809714079000116, -0.004323779999936 ], [ 34.830679846000123, 0.025650060999965 ], [ 34.81895382200014, 0.023160239000049 ], [ 34.809962699000039, 0.012603416000104 ], [ 34.801600220000125, 0.008860343000094 ], [ 34.78618807800018, -0.005472771999962 ], [ 34.780656802000124, -0.016271562999918 ], [ 34.774861960000067, -0.014123351999899 ], [ 34.770609101000161, -0.015571764999947 ], [ 34.764177323000183, -0.014587920999816 ], [ 34.761385598000061, -0.020839407999972 ], [ 34.750974875000111, -0.031777144999978 ], [ 34.746215599000152, -0.021219281999947 ], [ 34.749520467000025, -0.018959644999939 ], [ 34.748233402000039, -0.01577593199994 ], [ 34.744758735000062, -0.015975060999835 ], [ 34.744235166000124, -0.009573305999936 ], [ 34.740035562000116, -0.001209099999869 ], [ 34.741746188000093, 0.005595098000185 ], [ 34.746963792000145, 0.005030830000067 ], [ 34.754101590000062, 0.011018383000135 ], [ 34.758432935000087, 0.01026503900016 ], [ 34.759752875000061, 0.004499404000114 ], [ 34.762999353000055, -0.000558837999961 ], [ 34.778344037000124, 0.007110519000094 ], [ 34.781353743000125, 0.012754643000051 ], [ 34.785874462000152, 0.013665394000043 ], [ 34.789763945000175, 0.019940945000144 ], [ 34.798126478000142, 0.023914759000093 ], [ 34.798478666000108, 0.025816721000069 ], [ 34.804620291000163, 0.022392283999977 ], [ 34.808820824000179, 0.023575343000118 ], [ 34.809966662000136, 0.0250505570001 ], [ 34.808484377000127, 0.027665048000188 ], [ 34.809312498000168, 0.029370463000134 ], [ 34.820561343000179, 0.03499285100014 ], [ 34.822728724, 0.034922604000087 ], [ 34.826657285000067, 0.031344295000054 ], [ 34.836108404000015, 0.032590450000043 ], [ 34.838045596000086, 0.035749912000142 ], [ 34.839642848000096, 0.047077966000018 ], [ 34.849289117000183, 0.060561682000127 ], [ 34.846837057000187, 0.065448049000054 ], [ 34.848869722000018, 0.07069135900008 ], [ 34.853310825000051, 0.074616105000132 ], [ 34.855294678000178, 0.080273055000077 ], [ 34.859633386000155, 0.084107367000115 ], [ 34.857335717000183, 0.094772562000117 ], [ 34.859161047000043, 0.103925747000119 ], [ 34.856916731000183, 0.109529136000049 ], [ 34.859550002000162, 0.121419107000179 ], [ 34.864234242000123, 0.123831310000185 ], [ 34.873260063000089, 0.134077556000079 ], [ 34.881586099000117, 0.1384318100001 ], [ 34.884325669000134, 0.144784389 ], [ 34.901486924000096, 0.153828130000022 ], [ 34.914036009000085, 0.156339974 ], [ 34.920322535000082, 0.170245349000083 ], [ 34.916099358000167, 0.173513347000096 ], [ 34.920875797000065, 0.181752134000135 ], [ 34.928973116000066, 0.209613455000124 ], [ 34.943348970000102, 0.20944015200007 ], [ 34.956458042000065, 0.241762921000088 ], [ 34.978474304000088, 0.241913255999975 ], [ 34.977347060000056, 0.248962303000155 ], [ 34.942474249000099, 0.323836014999983 ], [ 34.937367969000036, 0.357953804000033 ], [ 34.937075364000066, 0.360831512000118 ], [ 34.948679405000121, 0.354333186000133 ], [ 34.954877608000061, 0.370751439000117 ], [ 34.956071703000191, 0.417207497000049 ], [ 34.942190799000059, 0.445917247000125 ], [ 34.92402204300015, 0.477308079000068 ], [ 34.90841151300009, 0.491851657999973 ], [ 34.907222405000141, 0.505649389000041 ], [ 34.888302569000189, 0.521964409000134 ], [ 34.875928585000054, 0.528634147000048 ], [ 34.870735836000051, 0.534132609000096 ], [ 34.852139774000079, 0.547814196000104 ], [ 35.044617691000099, 0.563082222000048 ] ] ] } },
{ "type": "Feature", "properties": { "name": "Narok" }, "geometry": { "type": "Polygon", "coordinates": [ [ [ 35.816983414000163, -0.466454860999931 ], [ 35.815472191000083, -0.476657174999957 ], [ 35.829149157000188, -0.47340051599997 ], [ 35.833065876000148, -0.467303879999918 ], [ 35.83779866500015, -0.467798130999881 ], [ 35.839879240000073, -0.473501434999946 ], [ 35.833484392000173, -0.493003959999953 ], [ 35.850975797000103, -0.500647865999952 ], [ 35.864375797000037, -0.510147865999954 ], [ 35.890075797000179, -0.523547865999944 ], [ 35.905275797000172, -0.544147865999889 ], [ 35.912175797000145, -0.546947865999925 ], [ 35.930475797000099, -0.54824786599994 ], [ 35.933075797000129, -0.549447865999923 ], [ 35.936177777000125, -0.556746788999874 ], [ 35.945298128000047, -0.555653731999939 ], [ 35.948114037000039, -0.557986940999911 ], [ 35.948968326000113, -0.566656173999945 ], [ 35.952902529000141, -0.569147254999962 ], [ 35.983319960000074, -0.631546428999911 ], [ 35.951590251000084, -0.666417957999954 ], [ 35.916981696000164, -0.635946194999974 ], [ 35.876648358000182, -0.638468796999973 ], [ 35.878374664000034, -0.648286842999937 ], [ 35.89317579700014, -0.647147865999898 ], [ 35.930475797000099, -0.694447865999962 ], [ 35.932246853000095, -0.699364010999943 ], [ 35.931398836000028, -0.705745438999941 ], [ 35.933930389000125, -0.707244804999902 ], [ 35.94680815900017, -0.71375621899989 ], [ 36.012251516000049, -0.663919670999917 ], [ 36.029082481000046, -0.67947677899997 ], [ 36.052465519000179, -0.663883943999906 ], [ 36.097576889000038, -0.640809462999925 ], [ 36.100016661000097, -0.674531973999933 ], [ 36.138975797000057, -0.709747865999873 ], [ 36.142675797000095, -0.711947865999832 ], [ 36.143675797000071, -0.709547865999923 ], [ 36.146575797000025, -0.709147865999967 ], [ 36.153575797000144, -0.712647865999941 ], [ 36.154134819000035, -0.7227457649999 ], [ 36.159100864000152, -0.732050437999931 ], [ 36.160036024000078, -0.742162284999893 ], [ 36.161817186000178, -0.744987022999965 ], [ 36.168963579000035, -0.747728233999908 ], [ 36.171575797000173, -0.751247865999972 ], [ 36.182875797000065, -0.756647865999867 ], [ 36.188975797000126, -0.762847865999845 ], [ 36.19187579700008, -0.762747865999927 ], [ 36.18927579700005, -0.769147865999912 ], [ 36.184375796999973, -0.775447865999979 ], [ 36.191664347000142, -0.784725777999938 ], [ 36.189282351000088, -0.804624796999974 ], [ 36.159058567000102, -0.836579245999928 ], [ 36.170923632000097, -0.871769743999891 ], [ 36.188675797000144, -0.903947865999953 ], [ 36.189555290000158, -0.906756559999963 ], [ 36.186075797000115, -0.911447865999833 ], [ 36.194875797000122, -0.913047865999943 ], [ 36.206075797000096, -0.931347865999953 ], [ 36.264075797000032, -0.912747865999904 ], [ 36.335653788000116, -1.045649118999961 ], [ 36.347740173000147, -1.172504186999959 ], [ 36.247428894000109, -1.281202554999879 ], [ 36.0491600040001, -1.489948987999981 ], [ 36.058698655000057, -1.496090352999886 ], [ 36.074392319000026, -1.541112481999903 ], [ 36.084474564000118, -1.558660148999934 ], [ 36.086210305000122, -1.573442264999869 ], [ 36.084186681, -1.578486931999919 ], [ 36.080314636000026, -1.58078852299991 ], [ 36.079355038000188, -1.592137622999871 ], [ 36.074207306000062, -1.589500903999976 ], [ 36.070103646000177, -1.595850377999966 ], [ 36.066864013999975, -1.605976878999911 ], [ 36.065292359000068, -1.60782766299991 ], [ 36.06312211400018, -1.60738658899993 ], [ 36.065061854000078, -1.613053640999965 ], [ 36.060275078000188, -1.614613353999971 ], [ 36.059773445000133, -1.616162359999976 ], [ 36.056245804000014, -1.615035712999827 ], [ 36.052499771000157, -1.616361438999832 ], [ 36.05783353400011, -1.617956380999885 ], [ 36.059209049000174, -1.622475702999907 ], [ 36.056258360000186, -1.632464763999963 ], [ 36.050478327000064, -1.642438402999971 ], [ 36.052535270000135, -1.645005174999881 ], [ 36.047161102000132, -1.646607219999908 ], [ 36.046182854000165, -1.650220636999961 ], [ 36.05035686500014, -1.652597635999882 ], [ 36.053448677000119, -1.658888602999923 ], [ 36.052335639000091, -1.664021267999885 ], [ 36.05416564900014, -1.663870477999922 ], [ 36.055677414000058, -1.667337456999974 ], [ 36.057709503000069, -1.668022703999952 ], [ 36.057647192000161, -1.677340453999932 ], [ 36.055266641000117, -1.677482695999913 ], [ 36.054455683000128, -1.679114875999971 ], [ 36.05917739400013, -1.68377955699998 ], [ 36.057764756000097, -1.687030160999939 ], [ 36.06311963800016, -1.690205127999889 ], [ 36.064933176000125, -1.696509741999932 ], [ 36.061831157000029, -1.696486710999977 ], [ 36.058532715000183, -1.69952991599996 ], [ 36.055324555000084, -1.707593917999873 ], [ 36.05220794700017, -1.703851699999973 ], [ 36.048017502000107, -1.702318905999959 ], [ 36.045875549000073, -1.704246043999831 ], [ 36.045841823000103, -1.706837641999925 ], [ 36.042935372000045, -1.708683937999922 ], [ 36.044564931000139, -1.717284896999956 ], [ 36.047595597999987, -1.719797896999978 ], [ 36.048699797000154, -1.728965109999876 ], [ 36.046325684000067, -1.731014966999851 ], [ 36.042732239000031, -1.728107928999918 ], [ 36.041474565000101, -1.73638315799991 ], [ 36.035558065000089, -1.740453321999894 ], [ 36.035305423000182, -1.748449244999961 ], [ 36.032384873000126, -1.751848935999874 ], [ 36.035619100000076, -1.760754942999938 ], [ 36.030567169000165, -1.75818246599988 ], [ 36.031055451000043, -1.765553712999974 ], [ 36.02437591600011, -1.772338329999911 ], [ 36.019943237000064, -1.774488090999967 ], [ 36.025606156000094, -1.777836172999969 ], [ 36.02908897400016, -1.777886389999935 ], [ 36.030635701000165, -1.780644024999958 ], [ 36.028504761000022, -1.782214671999952 ], [ 36.027344132000053, -1.788478493999889 ], [ 36.022474289000058, -1.789792060999957 ], [ 36.022488912000142, -1.791589617999932 ], [ 36.025967598000193, -1.794126048999885 ], [ 36.016300202000025, -1.800742387999946 ], [ 36.01659620800018, -1.807049421999977 ], [ 36.019480009000119, -1.807780272999878 ], [ 36.021768056000155, -1.80607942499995 ], [ 36.028186815000026, -1.809626881999918 ], [ 36.029965026000184, -1.819545858999959 ], [ 36.027805329000103, -1.821164845999874 ], [ 36.029708480000068, -1.826090652999937 ], [ 36.037708858000144, -1.820824897999898 ], [ 36.043236415000024, -1.828559358999939 ], [ 36.042977651000115, -1.830790598999954 ], [ 36.040614128000186, -1.832196801999942 ], [ 36.049742743000138, -1.842445354999882 ], [ 36.047914841000022, -1.848620734999884 ], [ 36.050198539000178, -1.856343730999924 ], [ 36.048120499000163, -1.863708376999909 ], [ 36.051333110000144, -1.869248727999945 ], [ 36.044584275000147, -1.878154753999979 ], [ 36.04110050200012, -1.876304059999882 ], [ 36.036523819000081, -1.877675532999945 ], [ 36.037911430000065, -1.889521877999925 ], [ 36.035375378000026, -1.892428615999904 ], [ 36.031951904000096, -1.885854005999931 ], [ 36.02985572800003, -1.885829507999972 ], [ 36.025804520000179, -1.889120220999928 ], [ 36.032095623000146, -1.901129025999921 ], [ 36.040044785000077, -1.905242829999963 ], [ 36.04326629600007, -1.904610692999938 ], [ 36.042091370000037, -1.909294187999933 ], [ 36.030630112000154, -1.913478671999883 ], [ 36.034198279000066, -1.91965050999994 ], [ 36.036895500000185, -1.91889672699989 ], [ 36.035828908000042, -1.92724295499994 ], [ 36.03654904900003, -1.92924833099994 ], [ 36.04019369700012, -1.930556758999842 ], [ 36.042391844, -1.936645437999914 ], [ 36.040126801000099, -1.944454113999939 ], [ 36.036062241000081, -1.947284876999959 ], [ 36.038780212000177, -1.950167417999978 ], [ 36.041117942000142, -1.957993699999975 ], [ 36.0385411580001, -1.96505089599998 ], [ 36.03958094800015, -1.974111100999949 ], [ 36.036475817, -1.983305930999904 ], [ 36.035591126000099, -1.998682021999969 ], [ 36.031727950000175, -1.999514176999924 ], [ 36.036145782000176, -2.00431246799991 ], [ 36.030765533000078, -2.012557803999925 ], [ 36.028633118000073, -2.011134067999876 ], [ 36.028033577000144, -2.026104314999884 ], [ 36.02515806100007, -2.023750925999934 ], [ 36.023867813000095, -2.028993294999907 ], [ 36.021698390999973, -2.030744118999905 ], [ 36.022654590000172, -2.034918441999878 ], [ 36.020959854000068, -2.035453468999947 ], [ 36.02269485100004, -2.04168754899996 ], [ 36.026738295000087, -2.043054869999935 ], [ 36.026660919000051, -2.08206415199993 ], [ 36.00013732900004, -2.0818458789999 ], [ 36.000132995000172, -2.10458073999996 ], [ 35.258078574000081, -1.686673797999845 ], [ 35.200453327000162, -1.655541856999946 ], [ 34.73092761900017, -1.388869548999878 ], [ 34.703725733999988, -1.278020060999836 ], [ 34.69827855300008, -1.263752476999969 ], [ 34.687065899000117, -1.211003936999873 ], [ 34.685565899000153, -1.20960393699994 ], [ 34.678065899000103, -1.211303936999911 ], [ 34.673565899000096, -1.209703936999972 ], [ 34.670865899000148, -1.197203936999927 ], [ 34.666065899000046, -1.195103936999942 ], [ 34.661465899000063, -1.188703936999957 ], [ 34.653685078000137, -1.185663417999933 ], [ 34.653965899000184, -1.176603936999868 ], [ 34.639865899000085, -1.163103936999846 ], [ 34.632894378000117, -1.160791526999901 ], [ 34.624899389000063, -1.15468107099997 ], [ 34.628476544000193, -1.1510188499999 ], [ 34.633392097000183, -1.138239096999882 ], [ 34.63032947, -1.128665857999977 ], [ 34.630723269000157, -1.124770498999965 ], [ 34.623084063000135, -1.114759954999954 ], [ 34.623331963000055, -1.108304952999902 ], [ 34.619565899000179, -1.094803936999881 ], [ 34.615227242000117, -1.090117004999968 ], [ 34.615989261000038, -1.083308915999851 ], [ 34.61896182300012, -1.07750443499998 ], [ 34.60176853300004, -1.059186865999891 ], [ 34.592965899000035, -1.041803936999941 ], [ 34.590065899000081, -1.01620393699983 ], [ 34.641465899000139, -0.966453936999926 ], [ 34.648965899000189, -0.963303936999978 ], [ 34.663365899000098, -0.970503936999933 ], [ 34.670565899000053, -0.969703936999906 ], [ 34.678765899000098, -0.971003936999978 ], [ 34.697665899000185, -0.966603936999888 ], [ 34.714765899000156, -0.960603936999973 ], [ 34.71546589899998, -0.961703936999925 ], [ 34.741765899000029, -0.955903936999903 ], [ 34.917165899000054, -0.910703936999937 ], [ 35.012825020000093, -0.887919667999881 ], [ 35.082649231, -0.904514610999911 ], [ 35.108779907000098, -0.926282703999959 ], [ 35.115418372000192, -0.933666323999944 ], [ 35.116610165000111, -0.932281916999955 ], [ 35.238674164000031, -1.033726334999869 ], [ 35.240866343000107, -1.034844755999927 ], [ 35.242682866000052, -1.033341960999962 ], [ 35.24450747200018, -1.034959474999937 ], [ 35.248594917000105, -1.032878438999944 ], [ 35.247871399000076, -1.030889719999891 ], [ 35.248692322000068, -1.028983258999972 ], [ 35.251726480000116, -1.028629775999946 ], [ 35.251394272000141, -1.026248126999974 ], [ 35.254674911000109, -1.027989148999893 ], [ 35.258124352000095, -1.026499449999903 ], [ 35.260993958000029, -1.019917427999928 ], [ 35.264064789000031, -1.018833934999918 ], [ 35.271107992000054, -1.021734594999941 ], [ 35.27000618, -1.018364488999964 ], [ 35.271831243000122, -1.019163940999874 ], [ 35.277284622000025, -1.01686572999995 ], [ 35.280445099000133, -1.014720975999978 ], [ 35.281426907000025, -1.010665587999881 ], [ 35.284432729000059, -1.012537955999903 ], [ 35.286090851000097, -1.009948014999907 ], [ 35.28901481600019, -1.010610758999974 ], [ 35.28987808200003, -1.007836198999883 ], [ 35.295731862000139, -1.006235797999977 ], [ 35.298915863000047, -1.002040385999976 ], [ 35.303367615000184, -1.003402530999949 ], [ 35.307937145000039, -0.998847163999926 ], [ 35.312438130000032, -0.998973639999974 ], [ 35.311582565000037, -0.993724206999957 ], [ 35.313565730999983, -0.994416698999885 ], [ 35.315743542000178, -0.992878824999934 ], [ 35.314157486000056, -0.991404503999945 ], [ 35.319531441000152, -0.987302124999815 ], [ 35.319005489000119, -0.986362508999946 ], [ 35.322299321000173, -0.986971487999881 ], [ 35.324704170000132, -0.984156861999963 ], [ 35.327814102000048, -0.984749525999973 ], [ 35.331593409, -0.980793252999945 ], [ 35.32910385100007, -0.97945406399981 ], [ 35.333640289000073, -0.97426775699995 ], [ 35.339769918, -0.977425276999895 ], [ 35.339311600000087, -0.973671942999943 ], [ 35.346088409000117, -0.969903925999915 ], [ 35.348399480000126, -0.971501697999884 ], [ 35.347125660000074, -0.973904089999962 ], [ 35.350697835000119, -0.977117031999967 ], [ 35.349717935000058, -0.971296679999966 ], [ 35.354814351000186, -0.967352859999949 ], [ 35.35928726200018, -0.970709501999977 ], [ 35.363365172999977, -0.968780735999815 ], [ 35.365975510000055, -0.972964573999946 ], [ 35.370128262000094, -0.97192961199994 ], [ 35.369660377000059, -0.967191101999902 ], [ 35.373025895000126, -0.968733608999912 ], [ 35.37620544400005, -0.965255140999943 ], [ 35.377956390000179, -0.959434737999857 ], [ 35.382058462000089, -0.959371695999948 ], [ 35.383609009000054, -0.95704045299982 ], [ 35.385134697000183, -0.958433627999966 ], [ 35.388470968000092, -0.956287045999829 ], [ 35.392481995000026, -0.956658029999971 ], [ 35.394594192999989, -0.95470440399987 ], [ 35.39797687600003, -0.956049367999867 ], [ 35.403008619000047, -0.950894124999934 ], [ 35.403507233000084, -0.947524576999911 ], [ 35.40487289400005, -0.948447008999949 ], [ 35.413831711000114, -0.944725750999964 ], [ 35.421327817000019, -0.943899927999951 ], [ 35.42078590400007, -0.940322308999953 ], [ 35.4236878050001, -0.939430263999952 ], [ 35.421541850000096, -0.934511581999971 ], [ 35.424871445000122, -0.934085621999884 ], [ 35.425909711000088, -0.931493292999903 ], [ 35.42342206, -0.923084564999954 ], [ 35.424461788000087, -0.921536205999928 ], [ 35.422577858000182, -0.920717819999879 ], [ 35.424625397000057, -0.916884540999888 ], [ 35.427937378000081, -0.916892922999978 ], [ 35.42390747100012, -0.904520439999885 ], [ 35.426362992000179, -0.903066932999877 ], [ 35.429058075000171, -0.903778239999951 ], [ 35.430625139000142, -0.901152089999869 ], [ 35.429435730000023, -0.897902309999949 ], [ 35.430435181000064, -0.89548187399987 ], [ 35.431248347000178, -0.894484787999886 ], [ 35.432382577000055, -0.896241009999869 ], [ 35.435523510000166, -0.89652109899987 ], [ 35.437500000000114, -0.893902618999959 ], [ 35.440088272000025, -0.893524765999928 ], [ 35.440961837000089, -0.892660616999933 ], [ 35.438606262000121, -0.886363625999934 ], [ 35.44295597100006, -0.887285276999876 ], [ 35.443449021000163, -0.88418003899983 ], [ 35.445810318000042, -0.883980005999888 ], [ 35.445837021000045, -0.881420686999945 ], [ 35.44943237300015, -0.880962513999975 ], [ 35.44941265600005, -0.883458462999897 ], [ 35.453494072000069, -0.879943653999874 ], [ 35.45331192000009, -0.881997510999895 ], [ 35.455460548000076, -0.882651790999944 ], [ 35.45532735200004, -0.875685552999812 ], [ 35.457832813000152, -0.872630498999968 ], [ 35.459434509000118, -0.873612780999906 ], [ 35.459791184000096, -0.871628492999946 ], [ 35.46180517099998, -0.872011895999947 ], [ 35.46133995100007, -0.862328975999844 ], [ 35.466536204000192, -0.861118137999938 ], [ 35.467931748000012, -0.862256734999903 ], [ 35.468251229000089, -0.860107763999906 ], [ 35.472295677000091, -0.858948256999895 ], [ 35.471280098000136, -0.855286150999916 ], [ 35.477125295000178, -0.853152739999814 ], [ 35.477419853000185, -0.849701553999978 ], [ 35.479125977000137, -0.849957550999932 ], [ 35.47724990800009, -0.844795345999955 ], [ 35.479518255000073, -0.841242948999934 ], [ 35.47909164400005, -0.838872193999975 ], [ 35.484387970000057, -0.8348354929999 ], [ 35.484876156000098, -0.832567587999847 ], [ 35.486719132000189, -0.832588284999872 ], [ 35.487054824999973, -0.829644738999946 ], [ 35.49059295700016, -0.829283564999912 ], [ 35.491119385000047, -0.827393114999893 ], [ 35.493968963999976, -0.827604233999978 ], [ 35.494709969000098, -0.824353858999871 ], [ 35.496687889000157, -0.823116912999922 ], [ 35.500481606000108, -0.822762950999959 ], [ 35.50130271900008, -0.824353843999972 ], [ 35.502351761, -0.822815953999907 ], [ 35.509916306000036, -0.822114735999946 ], [ 35.511379242000089, -0.817925333999881 ], [ 35.51344121600016, -0.818208930999901 ], [ 35.512991905000035, -0.815981559999841 ], [ 35.51669311500018, -0.816875123999978 ], [ 35.520329880000077, -0.814827328999968 ], [ 35.51972198500016, -0.811395853999954 ], [ 35.521155357000112, -0.808163701999945 ], [ 35.527082444000143, -0.808214514999975 ], [ 35.527576446000182, -0.805736510999907 ], [ 35.534111500000165, -0.801316000999918 ], [ 35.535055161000173, -0.798350780999897 ], [ 35.541114807000099, -0.794708370999956 ], [ 35.546495416000027, -0.787573372999873 ], [ 35.545365278000133, -0.78534188299983 ], [ 35.534261544000117, -0.778328012999907 ], [ 35.508323281000116, -0.774929820999944 ], [ 35.499184807000177, -0.770135751999931 ], [ 35.480837238000049, -0.764095912999892 ], [ 35.426512007000156, -0.721354878999932 ], [ 35.397178650000058, -0.644234209999979 ], [ 35.587278035000111, -0.587233551999873 ], [ 35.600132735000045, -0.657444668999858 ], [ 35.610657600000025, -0.672228118999953 ], [ 35.629380325000056, -0.68461823399997 ], [ 35.642326794000041, -0.701110903999961 ], [ 35.646813825000095, -0.702386708999938 ], [ 35.647583269000165, -0.698516904999906 ], [ 35.651163478, -0.695731633999969 ], [ 35.654302041999983, -0.685477633999938 ], [ 35.665009065000106, -0.679831603999958 ], [ 35.664464153000154, -0.676205132999939 ], [ 35.666671799000028, -0.673039077999874 ], [ 35.666883377000147, -0.66778619899992 ], [ 35.668868344000145, -0.666814717999955 ], [ 35.669940438000026, -0.663124751999874 ], [ 35.673124432000066, -0.659126154999967 ], [ 35.677853596000034, -0.659537292999971 ], [ 35.67914192100011, -0.654530650999959 ], [ 35.682466829000077, -0.651945409999939 ], [ 35.682485375000169, -0.646671767999976 ], [ 35.686786214000108, -0.639146939999875 ], [ 35.687479727000039, -0.627676465999912 ], [ 35.685884047000172, -0.623102229999972 ], [ 35.690083647000051, -0.617529202999947 ], [ 35.689748772000144, -0.613568727999962 ], [ 35.693734855000173, -0.605678432999923 ], [ 35.693698353000173, -0.602355229999944 ], [ 35.695941566000045, -0.598228431999928 ], [ 35.704814067000086, -0.591877776999979 ], [ 35.70657535100014, -0.587567013999944 ], [ 35.709478837, -0.585983428999896 ], [ 35.712867088000166, -0.577966670999956 ], [ 35.714543839000044, -0.571619805999944 ], [ 35.712075797000125, -0.566947865999907 ], [ 35.71120123500009, -0.557077401999891 ], [ 35.712487202000148, -0.553867128999912 ], [ 35.718761721000192, -0.552778533999913 ], [ 35.724800438000045, -0.548754315999929 ], [ 35.73527104700014, -0.534000834999915 ], [ 35.74134764300004, -0.530850605999944 ], [ 35.774362931000041, -0.538017444999923 ], [ 35.77918287000017, -0.514134990999878 ], [ 35.795653969000057, -0.474843113999952 ], [ 35.794675797000139, -0.466647865999903 ], [ 35.797675797000011, -0.455447865999929 ], [ 35.801875797000093, -0.454247865999946 ], [ 35.812875797, -0.456447865999905 ], [ 35.816983414000163, -0.466454860999931 ] ] ] } },
{ "type": "Feature", "properties": { "name": "Nyamira" }, "geometry": { "type": "Polygon", "coordinates": [ [ [ 35.019859516000167, -0.409650856999917 ], [ 35.020831632000125, -0.412055280999937 ], [ 35.026517566000052, -0.412723779999965 ], [ 35.033604094, -0.419901765999953 ], [ 35.038407651000171, -0.428534465999974 ], [ 35.038465899000187, -0.435903936999978 ], [ 35.044865899000058, -0.443603936999978 ], [ 35.044381632000182, -0.44895528099994 ], [ 35.045890432000135, -0.452184660999933 ], [ 35.042140348000032, -0.455811875999871 ], [ 35.042631632000166, -0.464055280999901 ], [ 35.040731632000188, -0.477755280999929 ], [ 35.039365899000074, -0.482303936999813 ], [ 35.034031632000051, -0.482655280999836 ], [ 35.032873766000137, -0.496155280999858 ], [ 35.043931632000067, -0.498305280999944 ], [ 35.049179203000051, -0.496611874999871 ], [ 35.052447366000024, -0.498106624999934 ], [ 35.056597366000176, -0.505406624999978 ], [ 35.047981632000187, -0.522705280999958 ], [ 35.050531632000116, -0.525405280999905 ], [ 35.052631632000157, -0.532155280999916 ], [ 35.05203163200008, -0.534705280999958 ], [ 35.049481632000095, -0.536105280999891 ], [ 35.05243163200015, -0.543305280999903 ], [ 35.050026625000157, -0.547322845999872 ], [ 35.051407368000127, -0.552953833999936 ], [ 35.049959684000044, -0.554679515999908 ], [ 35.050731632000179, -0.563255280999897 ], [ 35.048231632000068, -0.56970528099987 ], [ 35.051881632000118, -0.585105280999812 ], [ 35.056531632000087, -0.594955280999898 ], [ 35.061631632000172, -0.601155280999876 ], [ 35.062431632000084, -0.606355280999878 ], [ 35.057041272000163, -0.617521836999913 ], [ 35.064230226000063, -0.628149893999932 ], [ 35.063620882000066, -0.631879650999963 ], [ 35.059263783000119, -0.634988641999882 ], [ 35.055841578000184, -0.643008655999836 ], [ 35.056761431000155, -0.648511936999967 ], [ 35.054877969000131, -0.654673172999935 ], [ 35.05742970700004, -0.663461340999959 ], [ 35.063044445000116, -0.669866120999814 ], [ 35.062683934000177, -0.675314100999913 ], [ 35.069216511000093, -0.682547948999968 ], [ 35.072194043000025, -0.690792207999891 ], [ 35.068097650000141, -0.69407171999984 ], [ 35.060010203000047, -0.694704386999945 ], [ 35.050178751000146, -0.700583728999959 ], [ 35.047894623000161, -0.706537988999969 ], [ 35.091285339000137, -0.800883362999912 ], [ 35.044364929000153, -0.852508306999937 ], [ 35.031669649000094, -0.844601902999898 ], [ 35.021405754000057, -0.847364294999977 ], [ 35.025158099000123, -0.858798150999974 ], [ 35.025379181000119, -0.872793137999963 ], [ 35.023857117000091, -0.874156236999909 ], [ 35.020370483000079, -0.869432985999936 ], [ 35.017947488000061, -0.871026818999894 ], [ 35.012074827999982, -0.879565648999971 ], [ 35.013599648000024, -0.885262634999947 ], [ 35.012825020000093, -0.887919667999881 ], [ 34.943365899000128, -0.771203936999939 ], [ 34.939265899000191, -0.769603936999886 ], [ 34.934215899000151, -0.764653936999878 ], [ 34.928965899000104, -0.764603936999833 ], [ 34.918775899000025, -0.758496702999878 ], [ 34.907965898999976, -0.75930393699997 ], [ 34.903465898999968, -0.750703936999912 ], [ 34.898693844000093, -0.746806014999891 ], [ 34.887610156000164, -0.743674793999901 ], [ 34.885367568000106, -0.740857398999935 ], [ 34.869109337, -0.733112716999869 ], [ 34.841958679000129, -0.714486171999965 ], [ 34.835015007000095, -0.706367428999954 ], [ 34.824265899000125, -0.702553936999891 ], [ 34.820381349000058, -0.69197945399992 ], [ 34.808565899000143, -0.685803936999832 ], [ 34.800739804000159, -0.68808464499989 ], [ 34.79538685700004, -0.687678201999915 ], [ 34.792918649000057, -0.685668997999926 ], [ 34.793065899000169, -0.682003936999934 ], [ 34.788965899000061, -0.675803936999955 ], [ 34.786465899000177, -0.674603936999972 ], [ 34.784365899000136, -0.677903936999883 ], [ 34.778615899000101, -0.67405393699994 ], [ 34.788992725000128, -0.672110355999962 ], [ 34.791565899000091, -0.665253936999932 ], [ 34.797065899000017, -0.663703936999923 ], [ 34.811865899000168, -0.663403936999885 ], [ 34.809465898999974, -0.660403936999899 ], [ 34.809665899000038, -0.656503936999911 ], [ 34.810710546000053, -0.642823040999929 ], [ 34.81355089900012, -0.635498936999852 ], [ 34.820489882000061, -0.624425598999949 ], [ 34.830373522000173, -0.614542351999887 ], [ 34.835865899000112, -0.601803936999886 ], [ 34.842402021000055, -0.595997723999915 ], [ 34.85426589900004, -0.597103936999872 ], [ 34.859559288000071, -0.602278063999961 ], [ 34.867465899000081, -0.606603936999932 ], [ 34.874771771000098, -0.60599272699983 ], [ 34.886765899000068, -0.611903936999965 ], [ 34.889872092000132, -0.608010082999954 ], [ 34.889891382000087, -0.602437859999952 ], [ 34.882465899000067, -0.592003936999959 ], [ 34.879628346000061, -0.590369869999847 ], [ 34.881065899000077, -0.58580393699998 ], [ 34.872865899000146, -0.572753936999959 ], [ 34.878465899000048, -0.556103936999932 ], [ 34.87636374200008, -0.554204123999909 ], [ 34.875865899000019, -0.544703936999895 ], [ 34.870865899000023, -0.534103936999941 ], [ 34.869065899000134, -0.517103936999945 ], [ 34.869849569000166, -0.505115037999929 ], [ 34.863865899000132, -0.501603936999913 ], [ 34.858968888000049, -0.50244013899993 ], [ 34.881165899000166, -0.485803936999957 ], [ 34.905665899000098, -0.480203936999942 ], [ 34.931165899000064, -0.468603936999955 ], [ 34.940265899000167, -0.463003936999939 ], [ 34.966965899000058, -0.440503936999903 ], [ 34.999165899000104, -0.427403936999951 ], [ 35.019859516000167, -0.409650856999917 ] ] ] } },
{ "type": "Feature", "properties": { "name": "Nyandarua" }, "geometry": { "type": "Polygon", "coordinates": [ [ [ 36.465232849000074, 0.140240267000081 ], [ 36.511505127000078, 0.089085028000113 ], [ 36.52349090600012, 0.050442901 ], [ 36.577232361000085, 0.070330001000059 ], [ 36.591270447, 0.045103587000028 ], [ 36.593597412000065, 0.025815647000172 ], [ 36.603370667000036, 0.005459962000032 ], [ 36.608538310000142, 0.00586018600012 ], [ 36.637138367000148, 0.016927186000089 ], [ 36.650539398000035, -0.013711100999899 ], [ 36.586156028000062, -0.017662798999936 ], [ 36.582285563000028, -0.019136370999831 ], [ 36.576664395000137, -0.030280145999939 ], [ 36.565774917000113, -0.039578851999977 ], [ 36.561213902000134, -0.04094748599988 ], [ 36.560851288000151, -0.046247914999867 ], [ 36.555663109000136, -0.052532079999878 ], [ 36.555692673000067, -0.05682700899996 ], [ 36.551315308000028, -0.067144728999949 ], [ 36.560585022000112, -0.073902226999962 ], [ 36.555103302000077, -0.087874568999894 ], [ 36.561843872, -0.086484975999952 ], [ 36.56587982200017, -0.0942896009999 ], [ 36.572540283000137, -0.101256668999952 ], [ 36.592414856000119, -0.099924161999979 ], [ 36.635044098000151, -0.104246913999873 ], [ 36.656337738000047, -0.150761663999958 ], [ 36.659701538000149, -0.149813463999863 ], [ 36.690299988000049, -0.171789600999887 ], [ 36.682508469000084, -0.172473258999958 ], [ 36.684162140000069, -0.182504534999964 ], [ 36.615707397000108, -0.306855201999952 ], [ 36.61503982500011, -0.315932690999887 ], [ 36.61040306100017, -0.324721976999967 ], [ 36.609188080000081, -0.331146597999975 ], [ 36.611064911000028, -0.343276410999863 ], [ 36.616756440000131, -0.35353037699997 ], [ 36.606166840000014, -0.362909912999953 ], [ 36.604038239000033, -0.36952331699996 ], [ 36.607042313000079, -0.374165400999971 ], [ 36.616374969999981, -0.37634332499988 ], [ 36.631254197000032, -0.385118722999948 ], [ 36.631910324000046, -0.387435197999878 ], [ 36.623289108999984, -0.398234187999947 ], [ 36.623497009000175, -0.399982928999975 ], [ 36.634082794, -0.410062014999937 ], [ 36.650363922000111, -0.432032346999904 ], [ 36.651699066999981, -0.457579760999863 ], [ 36.661571503000062, -0.460377707999896 ], [ 36.66705703700012, -0.471521853999946 ], [ 36.666801453000062, -0.478993713999898 ], [ 36.660808562999989, -0.49033084499996 ], [ 36.661972046000074, -0.500229000999923 ], [ 36.657882690000122, -0.505979120999825 ], [ 36.658889771000077, -0.515416144999961 ], [ 36.664363861000027, -0.526035725999918 ], [ 36.663883209000062, -0.53267019999987 ], [ 36.668273926000154, -0.539873897999939 ], [ 36.669971466000106, -0.547625004999929 ], [ 36.668876648000094, -0.556470930999978 ], [ 36.670322418000183, -0.571057021999877 ], [ 36.672794342000088, -0.573681055999941 ], [ 36.680610657000102, -0.576806961999921 ], [ 36.679723739999986, -0.585986553999874 ], [ 36.684291840000128, -0.596157162999873 ], [ 36.700691223000149, -0.619421481999893 ], [ 36.707622528000172, -0.625236093999888 ], [ 36.70812606800007, -0.631592630999933 ], [ 36.705837250000059, -0.644525110999894 ], [ 36.709416198000042, -0.663334369999916 ], [ 36.707851410000103, -0.674791812999956 ], [ 36.708694458000025, -0.684965192999869 ], [ 36.706728744000088, -0.695607274999873 ], [ 36.71320533800008, -0.712403236999933 ], [ 36.713294983000083, -0.724165975999938 ], [ 36.71591949499998, -0.730789362999928 ], [ 36.717376709000121, -0.747775971999943 ], [ 36.719833374000075, -0.757037996999884 ], [ 36.725275994000128, -0.766847177999978 ], [ 36.736682892000147, -0.777830481999956 ], [ 36.728099823000093, -0.777986307999868 ], [ 36.723823548000041, -0.781632571999978 ], [ 36.719383240000184, -0.777334450999945 ], [ 36.720449448000068, -0.784260182999958 ], [ 36.724086761000024, -0.790194928999824 ], [ 36.722161702, -0.804484515999889 ], [ 36.71860885600006, -0.801079615999924 ], [ 36.719161987000064, -0.799176185999954 ], [ 36.713827769000147, -0.791616598999951 ], [ 36.711483002000193, -0.79088947199989 ], [ 36.711939494000148, -0.788441081999906 ], [ 36.706718445000035, -0.781344413999932 ], [ 36.705003739000119, -0.782211332999964 ], [ 36.701257070000167, -0.779530644999966 ], [ 36.686836243000073, -0.761919646999957 ], [ 36.67182159400005, -0.75662815599992 ], [ 36.662170410000158, -0.765979289999962 ], [ 36.657882691000054, -0.765872030999958 ], [ 36.653701782000041, -0.762641131999942 ], [ 36.644596100000172, -0.770971178999957 ], [ 36.650348664000092, -0.772730587999888 ], [ 36.659868240000094, -0.770844071999932 ], [ 36.673871994000081, -0.776367469999968 ], [ 36.621969223000065, -0.825711070999887 ], [ 36.622287751000101, -0.829287826999973 ], [ 36.588762283000165, -0.825874446999933 ], [ 36.591459275000034, -0.846962689999941 ], [ 36.601127625000061, -0.862022280999952 ], [ 36.589482307000026, -0.886584251999977 ], [ 36.580192566000107, -0.890371232999883 ], [ 36.563155174000144, -0.90427412899993 ], [ 36.571683884000095, -0.908139958999868 ], [ 36.554402218000178, -0.918584417999853 ], [ 36.544269097000097, -0.905892814999902 ], [ 36.554527283000141, -0.870524375999878 ], [ 36.552588858000036, -0.852561091999974 ], [ 36.561509313000158, -0.839815742999974 ], [ 36.557163796000054, -0.82926188599987 ], [ 36.531146142000068, -0.729397465999966 ], [ 36.521008385000187, -0.708398149999937 ], [ 36.544159737000086, -0.694603161999908 ], [ 36.521233220000056, -0.650907969999821 ], [ 36.52617454500006, -0.64724801999995 ], [ 36.526363829000104, -0.643752979999874 ], [ 36.523895460000062, -0.635093338999866 ], [ 36.516577046000066, -0.630322562999936 ], [ 36.516152578000117, -0.627403090999962 ], [ 36.519885402000057, -0.623727565999957 ], [ 36.515650219000065, -0.622609922999914 ], [ 36.51239318800009, -0.618499469999904 ], [ 36.512087440000016, -0.608924692999949 ], [ 36.506099701000153, -0.620890974999895 ], [ 36.468010448000143, -0.624542070999837 ], [ 36.456249995000064, -0.610164798999961 ], [ 36.451461165000126, -0.563619702999972 ], [ 36.44327545200008, -0.567999004999933 ], [ 36.43119859900014, -0.569823626999892 ], [ 36.407001168000079, -0.572877983999945 ], [ 36.403269450000039, -0.57068647899996 ], [ 36.403880259000061, -0.55524427999984 ], [ 36.406049034000148, -0.550792028999979 ], [ 36.402880676000052, -0.544444470999963 ], [ 36.403996391000078, -0.537937814999907 ], [ 36.40054934900013, -0.533327298999893 ], [ 36.401390750000189, -0.526797581999972 ], [ 36.405441670000187, -0.522040472999947 ], [ 36.400651449000065, -0.514076986999896 ], [ 36.403223908000029, -0.508987241999932 ], [ 36.402748108000083, -0.503880679999838 ], [ 36.397250294000116, -0.499708685999963 ], [ 36.39806788500016, -0.487388027999828 ], [ 36.3932268800001, -0.475006794999899 ], [ 36.395051956000088, -0.471882789999881 ], [ 36.39254582600006, -0.469557063999844 ], [ 36.390822410999988, -0.463373801999978 ], [ 36.386992296000074, -0.460732747999884 ], [ 36.389102210000033, -0.441050875999963 ], [ 36.387158481000085, -0.437656713999957 ], [ 36.38608678200012, -0.425380964999817 ], [ 36.381228638000152, -0.423952817999975 ], [ 36.379902033000064, -0.42145030699993 ], [ 36.380526510000152, -0.409241975999919 ], [ 36.377953940000111, -0.402195746999837 ], [ 36.364996494000025, -0.393449213999929 ], [ 36.360208511999986, -0.376056834999872 ], [ 36.334308773000146, -0.386733957999922 ], [ 36.31386947600015, -0.383837908999965 ], [ 36.311146498000085, -0.366731914999889 ], [ 36.292972274000022, -0.371339703999865 ], [ 36.275787298000125, -0.390434046999928 ], [ 36.262999388000026, -0.340826928999945 ], [ 36.252399065000077, -0.34025658499985 ], [ 36.245988210000121, -0.344703395999886 ], [ 36.231965383000102, -0.341465368999934 ], [ 36.22872591600003, -0.351000377999981 ], [ 36.225018891000161, -0.344093946999919 ], [ 36.213910330000033, -0.292240675999892 ], [ 36.212821960000042, -0.267533540999921 ], [ 36.246086121000133, -0.252614348999828 ], [ 36.237280853000073, -0.227848828999925 ], [ 36.224621963000175, -0.209298152999963 ], [ 36.218875797000123, -0.209347865999916 ], [ 36.21210851799998, -0.201723891999961 ], [ 36.211492652, -0.185699750999902 ], [ 36.200781194000172, -0.134152448999828 ], [ 36.219369982000046, -0.110931200999971 ], [ 36.220678017000182, -0.103166923999879 ], [ 36.228489989000138, -0.104523639999968 ], [ 36.227689446000056, -0.112423546999821 ], [ 36.246668969000041, -0.11573913899997 ], [ 36.251477950000151, -0.082028046999937 ], [ 36.250656426000035, -0.057753015999936 ], [ 36.246594173000062, -0.057858451999948 ], [ 36.248235680000107, -0.049388188999899 ], [ 36.252552252000044, -0.044960648999961 ], [ 36.255119324000134, -0.03281469999996 ], [ 36.252592525000068, -0.031460389999893 ], [ 36.256988912000111, -0.019521450999889 ], [ 36.267330170000093, -0.018055477999837 ], [ 36.273769378000168, 0.002858211000159 ], [ 36.279316902000119, 0.004210023000098 ], [ 36.293408712000087, 0.013788730000101 ], [ 36.295255661000056, 0.004567648000091 ], [ 36.300903321000192, 0.005401585000072 ], [ 36.304496765000124, 0.018090211000128 ], [ 36.329074860000048, 0.021859087 ], [ 36.327930450000053, 0.026997900000026 ], [ 36.347537995000152, 0.033832897000082 ], [ 36.352829934000056, 0.018258311000181 ], [ 36.389664014000175, 0.029698636000035 ], [ 36.390544891000161, 0.036372960000165 ], [ 36.394525528000088, 0.032601554000053 ], [ 36.399629593000043, 0.030412429000023 ], [ 36.401775360000045, 0.031126272000051 ], [ 36.400352478000116, 0.038243803000171 ], [ 36.403465271000186, 0.040144429 ], [ 36.406880951000176, 0.041767192000123 ], [ 36.418839455000182, 0.041272304000188 ], [ 36.424739838000164, 0.044701073000113 ], [ 36.426352967000128, 0.04648296300013 ], [ 36.401423454000053, 0.057871414000147 ], [ 36.423049927000022, 0.085223332000169 ], [ 36.443464660000132, 0.092849535000084 ], [ 36.443096161000085, 0.097215772000141 ], [ 36.445915222, 0.09520515100013 ], [ 36.465232849000074, 0.140240267000081 ] ] ] } },
{ "type": "Feature", "properties": { "name": "Nyeri" }, "geometry": { "type": "Polygon", "coordinates": [ [ [ 37.077541352000026, 0.000952438000127 ], [ 37.088269552000042, -0.013927145999958 ], [ 37.0927581790001, -0.014918561999878 ], [ 37.099681853999982, -0.02210456499995 ], [ 37.100635529000101, -0.026006873999961 ], [ 37.105583191000051, -0.027743876999978 ], [ 37.112651825000114, -0.035453315999973 ], [ 37.120634370000062, -0.018374702999949 ], [ 37.125169118000088, -0.023488647999955 ], [ 37.132481893000033, -0.02759347999995 ], [ 37.131762187, -0.032475021999915 ], [ 37.137329102000081, -0.037650126999893 ], [ 37.307811737000122, -0.149574070999961 ], [ 37.204986572000109, -0.421612441999912 ], [ 37.202716828000064, -0.426887775999944 ], [ 37.199294090000194, -0.42915318099989 ], [ 37.199165662000041, -0.438643871999943 ], [ 37.187572479000153, -0.440982718999919 ], [ 37.182196617000159, -0.437783029999935 ], [ 37.17552820800006, -0.441483944999902 ], [ 37.176847186000089, -0.481158881999932 ], [ 37.166969776000144, -0.485562026999901 ], [ 37.161668505000193, -0.491948480999952 ], [ 37.162048885000047, -0.494080063999945 ], [ 37.164039612000181, -0.493529334999835 ], [ 37.165722211000059, -0.495612106999943 ], [ 37.163811366000118, -0.498227347999887 ], [ 37.168810526000016, -0.502280254999846 ], [ 37.170713806000151, -0.508111279999923 ], [ 37.169528961000083, -0.512594103999959 ], [ 37.16213607800006, -0.51769691699991 ], [ 37.162364960000161, -0.519158371999936 ], [ 37.164691653000034, -0.518509489999929 ], [ 37.163484192000055, -0.521831130999942 ], [ 37.159693146000109, -0.521632980999868 ], [ 37.155717140000093, -0.518600204999871 ], [ 37.154537519000087, -0.523039357999892 ], [ 37.152433804000054, -0.523214325999902 ], [ 37.149761677000186, -0.520956068999908 ], [ 37.14532724999998, -0.52631605699986 ], [ 37.148008982000192, -0.537844240999959 ], [ 37.146457127000133, -0.543437344999916 ], [ 37.14978790300006, -0.552362279999954 ], [ 37.148154365000039, -0.562785366999947 ], [ 37.145036524000091, -0.560742337999898 ], [ 37.144193649000101, -0.56816153699998 ], [ 37.145813942000132, -0.570417090999968 ], [ 37.149056753000139, -0.571275690999869 ], [ 37.149920464000104, -0.579639061999956 ], [ 37.160243988, -0.59127716699993 ], [ 37.166007451000041, -0.5924530879999 ], [ 37.167846680000025, -0.59013303099988 ], [ 37.170250575000068, -0.596910267999931 ], [ 37.178258260000177, -0.599635004999925 ], [ 37.179791449999982, -0.609353720999934 ], [ 37.178756714000031, -0.613553722999882 ], [ 37.174193573000025, -0.615551042999925 ], [ 37.174175263000109, -0.617255925999871 ], [ 37.176469803000032, -0.618611044999909 ], [ 37.173166275000085, -0.620521634999875 ], [ 37.171558804000085, -0.626792383999941 ], [ 37.174995967000143, -0.630401934999895 ], [ 37.170482635000099, -0.630735515999959 ], [ 37.169181015000049, -0.63495860099988 ], [ 37.167056492000029, -0.633986745999948 ], [ 37.159673309000141, -0.636149918999877 ], [ 37.154750824000075, -0.635288148999905 ], [ 37.152836609000076, -0.639909362999902 ], [ 37.145115376000035, -0.636707625999918 ], [ 37.13903579700019, -0.636876081999844 ], [ 37.127833176000081, -0.643694640999911 ], [ 37.120538984000177, -0.644683675999943 ], [ 37.114733378000153, -0.640868921999811 ], [ 37.101671491000047, -0.636536733999833 ], [ 37.100941181, -0.63177561699996 ], [ 37.102375793000078, -0.6294574019999 ], [ 37.099654198, -0.626255682999954 ], [ 37.096776581000029, -0.626482927999916 ], [ 37.095207214000141, -0.624314536999918 ], [ 37.088197708000166, -0.622145652999961 ], [ 37.085521062, -0.622929989999932 ], [ 37.082582156000058, -0.618739475999973 ], [ 37.07944583900013, -0.618573009999977 ], [ 37.078202248000025, -0.614631272999873 ], [ 37.075817585000152, -0.615012600999876 ], [ 37.067358399000113, -0.609600209999883 ], [ 37.063675881000052, -0.611368938999931 ], [ 37.059392929000069, -0.609764366999968 ], [ 37.056208801000082, -0.601754283999981 ], [ 37.048943838000184, -0.594019313999979 ], [ 37.033898354000144, -0.589683428999876 ], [ 37.025850296000044, -0.589889376999963 ], [ 37.015570164000167, -0.583732768999937 ], [ 36.996969223000065, -0.583831875999977 ], [ 36.994400183000096, -0.576407121999978 ], [ 36.986701966000055, -0.574138640999877 ], [ 36.982055664000029, -0.577665984999953 ], [ 36.977502441000183, -0.577534248999882 ], [ 36.967256545999987, -0.585278093999875 ], [ 36.957199097000171, -0.586772878999966 ], [ 36.949526215000162, -0.593089687999907 ], [ 36.937981923000166, -0.595933456999944 ], [ 36.924142838000023, -0.603212102999976 ], [ 36.920370483000113, -0.602177142999949 ], [ 36.913780848000158, -0.608137209999882 ], [ 36.894800822000036, -0.606770435999977 ], [ 36.884531975000073, -0.609324844999946 ], [ 36.882497406000084, -0.606568514999935 ], [ 36.87652015700013, -0.604618131999871 ], [ 36.867609024000103, -0.603085159999864 ], [ 36.860954285000048, -0.60477614399997 ], [ 36.84664154100011, -0.592580913999825 ], [ 36.838207245000035, -0.592657982999867 ], [ 36.822673798000039, -0.581779002999951 ], [ 36.811128616000133, -0.579251944999896 ], [ 36.808982849000131, -0.569227456999954 ], [ 36.801322937000123, -0.566649734999942 ], [ 36.792381287000183, -0.56860971499998 ], [ 36.77825164799998, -0.56479978599998 ], [ 36.762666702000161, -0.567150740999978 ], [ 36.758361817000036, -0.566357909999851 ], [ 36.750000000000114, -0.569039105999934 ], [ 36.735065460000101, -0.564384877999942 ], [ 36.724319458000025, -0.56887799499998 ], [ 36.722133636000024, -0.573182999999858 ], [ 36.717025757000044, -0.575540601999876 ], [ 36.713352203000056, -0.580956160999961 ], [ 36.708106995000037, -0.584970890999955 ], [ 36.710201264000034, -0.593085705999954 ], [ 36.709098816000107, -0.599030851999942 ], [ 36.711858750000033, -0.605599581999968 ], [ 36.709182739000028, -0.611228703999871 ], [ 36.710243225, -0.618489324999871 ], [ 36.706912994000049, -0.624895750999883 ], [ 36.700691223000149, -0.619421481999893 ], [ 36.684291840000128, -0.596157162999873 ], [ 36.679723739999986, -0.585986553999874 ], [ 36.680610657000102, -0.576806961999921 ], [ 36.672794342000088, -0.573681055999941 ], [ 36.670322418000183, -0.571057021999877 ], [ 36.668876648000094, -0.556470930999978 ], [ 36.669971466000106, -0.547625004999929 ], [ 36.668273926000154, -0.539873897999939 ], [ 36.663883209000062, -0.53267019999987 ], [ 36.664363861000027, -0.526035725999918 ], [ 36.658889771000077, -0.515416144999961 ], [ 36.657996368000113, -0.508858942999893 ], [ 36.658409119000055, -0.504128932999947 ], [ 36.661972046000074, -0.500229000999923 ], [ 36.660491943000125, -0.493235110999933 ], [ 36.661325455000167, -0.488349600999811 ], [ 36.667438507000043, -0.477054237999937 ], [ 36.663940430000082, -0.463207437999927 ], [ 36.659709930000133, -0.459185361999914 ], [ 36.651699066999981, -0.457579760999863 ], [ 36.650363922000111, -0.432032346999904 ], [ 36.634082794, -0.410062014999937 ], [ 36.623497009000175, -0.399982928999975 ], [ 36.623289108999984, -0.398234187999947 ], [ 36.631910324000046, -0.387435197999878 ], [ 36.631254197000032, -0.385118722999948 ], [ 36.616374969999981, -0.37634332499988 ], [ 36.607042313000079, -0.374165400999971 ], [ 36.604103088000159, -0.37034991399986 ], [ 36.60502243000019, -0.364372461999892 ], [ 36.616756440000131, -0.35353037699997 ], [ 36.611064911000028, -0.343276410999863 ], [ 36.609188080000081, -0.331146597999975 ], [ 36.61040306100017, -0.324721976999967 ], [ 36.61503982500011, -0.315932690999887 ], [ 36.615707397000108, -0.306855201999952 ], [ 36.684162140000069, -0.182504534999964 ], [ 36.682508469000084, -0.172473258999958 ], [ 36.690299988000049, -0.171789600999887 ], [ 36.659701538000149, -0.149813463999863 ], [ 36.711452484000176, -0.133014499999888 ], [ 36.716819763000046, -0.126390054999888 ], [ 36.752201081000067, -0.118043656999873 ], [ 36.765357971000128, -0.10675275299991 ], [ 36.768394470000146, -0.111768185999949 ], [ 36.791607857000145, -0.105190045999962 ], [ 36.830997467000145, -0.10164456799987 ], [ 36.831542969000168, -0.132294252999827 ], [ 36.848433177, -0.13492595699995 ], [ 36.860737324000127, -0.140872814999966 ], [ 36.861789704000159, -0.143544375999852 ], [ 36.859268188000101, -0.146356870999966 ], [ 36.858768463000047, -0.15051141399988 ], [ 36.862947941000186, -0.15493008899989 ], [ 36.865429560000052, -0.165465122999933 ], [ 36.870173772000044, -0.16975296399994 ], [ 36.871606445000168, -0.174019535999946 ], [ 36.869088173000193, -0.178956085999971 ], [ 36.865921021000133, -0.178346355999906 ], [ 36.865862846000027, -0.184464437999964 ], [ 36.859796143000153, -0.186074861999941 ], [ 36.854512596000063, -0.190358935999939 ], [ 36.85497284000013, -0.192839998999887 ], [ 36.852642059000118, -0.193361948999893 ], [ 36.853170077000073, -0.194307777999938 ], [ 36.850734075000162, -0.195178677999934 ], [ 36.845942179000133, -0.193375020999952 ], [ 36.842205456000158, -0.195656084999939 ], [ 36.839671665000026, -0.195389129999967 ], [ 36.844833374000189, -0.210000499999921 ], [ 36.841175079000095, -0.211606814999868 ], [ 36.85657119800004, -0.252555936999954 ], [ 36.871468882000045, -0.245027596999932 ], [ 36.872863770000038, -0.250394016999962 ], [ 36.879489899000191, -0.256104677999872 ], [ 36.958028794000143, -0.279971762999935 ], [ 36.987442017000092, -0.293131469999878 ], [ 36.998298645000091, -0.269039451999845 ], [ 36.988590240000178, -0.25433438999994 ], [ 36.997946421000108, -0.25089369199992 ], [ 37.006813049000073, -0.240540402999954 ], [ 37.010202134999986, -0.24007112399994 ], [ 37.013267517000145, -0.228976875999933 ], [ 37.008216858000139, -0.219665243999941 ], [ 37.019378662000122, -0.173661126999946 ], [ 37.016738892000035, -0.169758811999827 ], [ 37.014827728000171, -0.16029336999992 ], [ 37.007617951000043, -0.151489405999882 ], [ 37.007885933000011, -0.147021948999907 ], [ 36.995782852000048, -0.142646684999931 ], [ 36.985706330000141, -0.132719873999974 ], [ 36.982120514000087, -0.093179940999903 ], [ 36.97817993200016, -0.075817316999974 ], [ 36.978029251000066, -0.068623158999969 ], [ 36.980224609000174, -0.066745623999964 ], [ 36.986339569000052, -0.066745623999964 ], [ 36.990280152000025, -0.063641186999973 ], [ 36.997585297000057, -0.062507216999848 ], [ 37.025302887000123, -0.046947750999948 ], [ 37.027030945000092, -0.042913812999871 ], [ 37.051273346000187, -0.012635939999939 ], [ 37.052227020000032, -0.00666350299997 ], [ 37.061203003000116, 0.001615186000038 ], [ 37.068889618000071, -0.00082718699997 ], [ 37.071365356000115, 0.005711374000043 ], [ 37.078596622000134, 0.015436302000182 ], [ 37.077341080000167, 0.008304966000026 ], [ 37.078910828, 0.004563266000105 ], [ 37.077541352000026, 0.000952438000127 ] ] ] } },
{ "type": "Feature", "properties": { "name": "Samburu" }, "geometry": { "type": "Polygon", "coordinates": [ [ [ 36.759192238000082, 2.514763586000129 ], [ 36.76547410500018, 2.493645325000102 ], [ 36.770555156, 2.48254422499997 ], [ 36.844554319000054, 2.274961546000043 ], [ 36.864594188000069, 2.254452182000023 ], [ 36.892274373000134, 2.195640746000095 ], [ 36.894888537000099, 2.192729956000164 ], [ 36.901599285000032, 2.157255203000091 ], [ 36.913785634000192, 2.12636915000013 ], [ 36.911842052000111, 2.104836601000102 ], [ 36.914626410000096, 2.101849909000123 ], [ 36.918857574000072, 2.101357222000104 ], [ 36.918966277000095, 2.084728027999972 ], [ 36.921733304000156, 2.060161538000045 ], [ 36.919657692000044, 2.053447187000017 ], [ 36.919242175000193, 2.034518748000039 ], [ 36.916328430000078, 2.019161463000046 ], [ 36.924391878000051, 2.018071072000168 ], [ 36.937466918000098, 2.025274530000047 ], [ 36.948789790999967, 2.026483725000162 ], [ 36.976494353000078, 2.008647762000123 ], [ 36.997271978000128, 1.999759567000012 ], [ 37.008356282000136, 1.986035245000096 ], [ 37.011352724000062, 1.984426859000052 ], [ 37.075356127000134, 1.982531053000059 ], [ 37.093155816000035, 1.974752519000049 ], [ 37.122857039000053, 1.96713855400003 ], [ 37.157571892000078, 1.963737349000098 ], [ 37.161220806000188, 1.964583615000151 ], [ 37.163931411000192, 1.9401717020001 ], [ 37.17136711600017, 1.927144582000096 ], [ 37.181072109000183, 1.918074994 ], [ 37.219567666000046, 1.891385721 ], [ 37.233255807000091, 1.872584445000143 ], [ 37.274034304, 1.869895151000037 ], [ 37.305332734000103, 1.751568997000049 ], [ 37.344297094000126, 1.736573287000112 ], [ 37.359884798, 1.728149701000177 ], [ 37.408931702000075, 1.650288628000112 ], [ 37.474164617000099, 1.551374680000151 ], [ 37.499871142000188, 1.500552037000148 ], [ 37.558888972000091, 1.396109030000048 ], [ 37.564544678000175, 1.38973903700014 ], [ 37.57057957100011, 1.38836376800009 ], [ 37.574182015000076, 1.380370972000094 ], [ 37.577525388000026, 1.379870923000055 ], [ 37.581560589000048, 1.373246567000137 ], [ 37.582756042000085, 1.370358706 ], [ 37.580711365000127, 1.364028454000106 ], [ 37.588306427000077, 1.368021369000132 ], [ 37.591139658000088, 1.379166516000112 ], [ 37.597072601000093, 1.384090424000021 ], [ 37.597611341000118, 1.389783217000058 ], [ 37.599672303000091, 1.390738633000069 ], [ 37.604936210000176, 1.378306909000116 ], [ 37.611185204000094, 1.374944060000132 ], [ 37.623073578000174, 1.37756538400015 ], [ 37.624072788999968, 1.383125313 ], [ 37.630283356000064, 1.383506179000108 ], [ 37.633387880000043, 1.387574311000037 ], [ 37.640293996000025, 1.391127284000163 ], [ 37.64769616000018, 1.398330683000097 ], [ 37.654060451000134, 1.400846745000081 ], [ 37.658718109000063, 1.394900560000053 ], [ 37.662109245000124, 1.397927242000037 ], [ 37.670391070000164, 1.399070258999984 ], [ 37.672857958000179, 1.401882352000086 ], [ 37.676929474000076, 1.403275967000184 ], [ 37.684618588000149, 1.39897225600015 ], [ 37.693085979000045, 1.402573231000133 ], [ 37.713568698000074, 1.407651102000045 ], [ 37.736424532000058, 1.406858332000184 ], [ 37.747829437, 1.413014889000067 ], [ 37.755976994000093, 1.411530583000172 ], [ 37.770145072000162, 1.414097736000031 ], [ 37.778217316000166, 1.41155445600009 ], [ 37.782495265000193, 1.418856457 ], [ 37.784861034000073, 1.4186105 ], [ 37.787835044000133, 1.415488837999987 ], [ 37.795319753000115, 1.414570720000086 ], [ 37.800305229000116, 1.418061590999969 ], [ 37.810660927000015, 1.417868242000054 ], [ 37.817666634000147, 1.422752913000181 ], [ 37.825955581000073, 1.420434304000082 ], [ 37.831881687000077, 1.424955250000096 ], [ 37.843049144000133, 1.425553332000163 ], [ 37.844730377000076, 1.426357150000058 ], [ 37.843844024000191, 1.429711308000151 ], [ 37.847179820000122, 1.435770050000144 ], [ 37.84658050500019, 1.442815781000036 ], [ 37.850214268, 1.446542964000116 ], [ 37.85006536700007, 1.452606664000029 ], [ 37.853486175000114, 1.459164576000092 ], [ 37.951669884000125, 1.387328220000029 ], [ 37.94630244200016, 1.263430463000134 ], [ 37.949182015000076, 1.194240690000129 ], [ 38.000945321000017, 1.128829294000127 ], [ 38.032641714000079, 1.085485238000103 ], [ 38.046843477000152, 0.805623032000085 ], [ 38.080494100000067, 0.783750558000122 ], [ 38.070287908000125, 0.783494469000175 ], [ 38.059634720000076, 0.779409166000107 ], [ 38.053652176000128, 0.779231436000146 ], [ 38.046978052000043, 0.783642486000076 ], [ 38.045099157999971, 0.788001328000121 ], [ 38.031198049000068, 0.792347995000114 ], [ 38.022087423000187, 0.799353273000122 ], [ 38.015715890000138, 0.797420475000081 ], [ 38.015996674000064, 0.804777131000037 ], [ 38.013333394000142, 0.805667015000097 ], [ 38.008258079000086, 0.802223462000029 ], [ 38.008728837000092, 0.793570203000172 ], [ 38.004582272000107, 0.789223553000056 ], [ 37.999834814000053, 0.788288604000059 ], [ 37.994333662000031, 0.779287175000036 ], [ 37.985904220000123, 0.777885183000024 ], [ 37.973548972000174, 0.760746185000187 ], [ 37.972707867000111, 0.75631353700004 ], [ 37.959696039000164, 0.752030085000058 ], [ 37.955039908000117, 0.745820015000106 ], [ 37.945956093000177, 0.744938205000153 ], [ 37.929520313000069, 0.723298705000104 ], [ 37.925026787000036, 0.720183155000029 ], [ 37.919365221000021, 0.720059156 ], [ 37.915281874000129, 0.714214259000187 ], [ 37.911807939000028, 0.714747028000147 ], [ 37.909213436000016, 0.72216319 ], [ 37.90554281500016, 0.721160759000099 ], [ 37.901928282000142, 0.722860440000147 ], [ 37.903403384000171, 0.72769620400004 ], [ 37.902270968999972, 0.729433391000157 ], [ 37.89641524200016, 0.728383649000023 ], [ 37.893805518000079, 0.730630449000103 ], [ 37.890679624000086, 0.738265864000084 ], [ 37.877965565000125, 0.744781024000019 ], [ 37.874180141000124, 0.737136257000145 ], [ 37.876372043000117, 0.733518616000026 ], [ 37.874102322000169, 0.729675205000092 ], [ 37.867298937999976, 0.727618964000044 ], [ 37.860083368000176, 0.721000891000017 ], [ 37.848408130000166, 0.715302409000174 ], [ 37.843998523999971, 0.70656419200003 ], [ 37.84274724200003, 0.699773235000123 ], [ 37.844509082000116, 0.691349257000127 ], [ 37.836527164000131, 0.681832332999988 ], [ 37.833301863000031, 0.679987521000101 ], [ 37.82330923, 0.680144189000146 ], [ 37.81596351200011, 0.676787892000164 ], [ 37.802535151000086, 0.676483026000142 ], [ 37.792255842000145, 0.672038472000111 ], [ 37.783353209000097, 0.677730902 ], [ 37.77638731400009, 0.678093799000123 ], [ 37.769770440000059, 0.67476070500004 ], [ 37.758661026000141, 0.672816706000049 ], [ 37.749404720000086, 0.677322821000075 ], [ 37.744552984000109, 0.675148709000155 ], [ 37.741282628000022, 0.668411900000081 ], [ 37.737818963000052, 0.666399050000166 ], [ 37.735993244999975, 0.662683302 ], [ 37.730646841000123, 0.662460347000149 ], [ 37.728056728000126, 0.657211581000183 ], [ 37.725498752000078, 0.655585809000115 ], [ 37.713878740000155, 0.661417714000095 ], [ 37.709575797000184, 0.66905213400014 ], [ 37.70446908100007, 0.668291215000124 ], [ 37.698043246000168, 0.664818659000048 ], [ 37.692170216000079, 0.664832968000098 ], [ 37.685106707000102, 0.657485577000102 ], [ 37.681582326000125, 0.643472359999976 ], [ 37.678226223000138, 0.643017838000048 ], [ 37.676429019000125, 0.640287978000117 ], [ 37.67454009800008, 0.642039026000077 ], [ 37.666676972000175, 0.634888331000184 ], [ 37.65006315800008, 0.632380095000144 ], [ 37.643909214000189, 0.623050490000139 ], [ 37.639561491000052, 0.622828677000143 ], [ 37.638312988000052, 0.61511180399998 ], [ 37.642385507000142, 0.61515953300011 ], [ 37.637136063000128, 0.609332286000154 ], [ 37.636321697000028, 0.60154718400014 ], [ 37.63305672700011, 0.598078375000114 ], [ 37.630358895000143, 0.597941226000046 ], [ 37.626764469000136, 0.601327930000082 ], [ 37.622770471000081, 0.599250708 ], [ 37.61791785700018, 0.600973218999968 ], [ 37.605265526000039, 0.59219197900012 ], [ 37.596114995000107, 0.592675246000056 ], [ 37.589525843000047, 0.588890343000173 ], [ 37.582557679000104, 0.588867784000172 ], [ 37.581461251000178, 0.585507594000148 ], [ 37.58240140099997, 0.577006932000018 ], [ 37.579963907000092, 0.574133021000023 ], [ 37.573475188000145, 0.575443545999974 ], [ 37.565822344000026, 0.571853432000125 ], [ 37.562994353000079, 0.573108956000112 ], [ 37.557387751000135, 0.571680115999982 ], [ 37.550999297000033, 0.574208391000013 ], [ 37.545039360000146, 0.578852017000031 ], [ 37.538214342000117, 0.57463798800012 ], [ 37.533341913000129, 0.567096876000051 ], [ 37.52809368100003, 0.568042352000134 ], [ 37.522931582000012, 0.571542758000021 ], [ 37.51514577800009, 0.567909931000088 ], [ 37.506744832000095, 0.570945331000075 ], [ 37.501813619000018, 0.576297109 ], [ 37.491412032000142, 0.579129561000059 ], [ 37.490432049000162, 0.580899256 ], [ 37.493011491000061, 0.586257531000115 ], [ 37.49144115200005, 0.590156876000037 ], [ 37.482375797000032, 0.590852134000045 ], [ 37.47769326100007, 0.589460843000097 ], [ 37.471023463999984, 0.594177097000056 ], [ 37.466217809, 0.593403635000186 ], [ 37.461513199000137, 0.587363307000089 ], [ 37.446206942000174, 0.581699079000032 ], [ 37.440819368000064, 0.583421455000064 ], [ 37.436202724000168, 0.580957273000138 ], [ 37.428897858000084, 0.58480578700005 ], [ 37.424187911000047, 0.580608766000182 ], [ 37.407480046000046, 0.581032728000082 ], [ 37.392456055000139, 0.578004963000126 ], [ 37.389031076000038, 0.578539825000121 ], [ 37.372931846000029, 0.589069292000147 ], [ 37.367365070000062, 0.587619459000166 ], [ 37.364448558000163, 0.588845988000116 ], [ 37.36366122000004, 0.599774273999969 ], [ 37.354312897000057, 0.601652384000147 ], [ 37.351840962000097, 0.617371834000096 ], [ 37.352711737000106, 0.623346122000044 ], [ 37.34855312000019, 0.628792403000148 ], [ 37.347475206000183, 0.634972411000035 ], [ 37.343031429000121, 0.640000996000026 ], [ 37.342180477000056, 0.647128518000159 ], [ 37.331303560000038, 0.651946305000081 ], [ 37.325890731000129, 0.660237481000081 ], [ 37.325369069000089, 0.668231431000152 ], [ 37.313212719000092, 0.687766441000178 ], [ 37.307709306000106, 0.702410149000173 ], [ 37.30471366400019, 0.705122012000118 ], [ 37.299801284000182, 0.721681137000189 ], [ 37.290556765000076, 0.731993483000053 ], [ 37.288565714000129, 0.7377583170001 ], [ 37.273716380000167, 0.745700620000093 ], [ 37.270721189000085, 0.751184266000109 ], [ 37.256207232000065, 0.764641294000171 ], [ 37.244668286000149, 0.762754539000071 ], [ 37.235164524000027, 0.752322077000031 ], [ 37.230259876000105, 0.750351513000055 ], [ 37.218767900000103, 0.740394938 ], [ 37.20628312499997, 0.742264348000162 ], [ 37.204046593000044, 0.74602175800004 ], [ 37.199814482000079, 0.747148402000164 ], [ 37.180491729000096, 0.743238318000124 ], [ 37.174691923000012, 0.745911285000034 ], [ 37.170349103000092, 0.74387889500008 ], [ 37.165206344000069, 0.743801733000112 ], [ 37.161391246000051, 0.752097354000171 ], [ 37.151108362000116, 0.754217450000112 ], [ 37.15001163900007, 0.760922785000048 ], [ 37.134367301999987, 0.759951698000066 ], [ 37.126930924000021, 0.766407362000052 ], [ 37.123209161000034, 0.777523575000146 ], [ 37.116590551000058, 0.782890748000057 ], [ 37.109217850000107, 0.780869494000115 ], [ 37.106403669000088, 0.786438844000145 ], [ 37.101224344000059, 0.787557935000109 ], [ 37.091322528000035, 0.783055523999963 ], [ 37.070411990000082, 0.778435290000175 ], [ 37.069031095000128, 0.766846558000168 ], [ 37.060593761000121, 0.768259585000123 ], [ 37.05832961800013, 0.77276262700002 ], [ 37.042971326000156, 0.765161884000065 ], [ 37.008206986000062, 0.752708973999972 ], [ 37.001610683000024, 0.750949720000108 ], [ 36.995077525000056, 0.751492668000083 ], [ 36.992159068000035, 0.748842264000132 ], [ 36.980509872000027, 0.745608433000029 ], [ 36.976894958000059, 0.745577745000162 ], [ 36.973347368000191, 0.747886747000052 ], [ 36.966588174000151, 0.743156240000076 ], [ 36.94809686100001, 0.744538442000021 ], [ 36.940364802000033, 0.748830488000067 ], [ 36.934942305000163, 0.754054730000121 ], [ 36.93153285700015, 0.748645842000087 ], [ 36.93043553800004, 0.743276943000183 ], [ 36.920320479000054, 0.739333669000075 ], [ 36.916041592000113, 0.729645495000113 ], [ 36.91141503700004, 0.729599341000039 ], [ 36.908355539000013, 0.731459738000069 ], [ 36.908127785000033, 0.737387419000129 ], [ 36.904479351000134, 0.738527653000176 ], [ 36.902490025000191, 0.74121684500011 ], [ 36.89302747500011, 0.740017836000106 ], [ 36.886834145000137, 0.736162047 ], [ 36.864990190000128, 0.739374366000163 ], [ 36.850547810000137, 0.774472817000117 ], [ 36.842362844000036, 0.789493549000042 ], [ 36.843381695000062, 0.79665483500014 ], [ 36.834353665000037, 0.802945400000056 ], [ 36.833022323000193, 0.815255527000147 ], [ 36.819291018000115, 0.842796931 ], [ 36.81918335000006, 0.855947673000117 ], [ 36.793138499000122, 0.871326993000025 ], [ 36.781435513000076, 0.869422993000057 ], [ 36.756871126000021, 0.86055201400012 ], [ 36.738159210000106, 0.83115543700012 ], [ 36.713113166000085, 0.819899251000152 ], [ 36.702191914000082, 0.823161029000175 ], [ 36.688910717000113, 0.822400273000142 ], [ 36.680557251000153, 0.82068982800007 ], [ 36.679155845000025, 0.81831456700013 ], [ 36.675443098000187, 0.818214036000029 ], [ 36.674775820000036, 0.814953238000101 ], [ 36.484886706000111, 0.8148278970001 ], [ 36.482897334000143, 0.81641483500016 ], [ 36.483853869000143, 0.824365949000025 ], [ 36.489765509000108, 0.84640655700008 ], [ 36.484675797000136, 0.854252134000092 ], [ 36.48147579700003, 0.853752134000104 ], [ 36.472975797000174, 0.860152134000089 ], [ 36.471175797000114, 0.863852134000183 ], [ 36.465275797000061, 0.865652134000072 ], [ 36.456975797000098, 0.872052134000057 ], [ 36.446875797000189, 0.871952134000139 ], [ 36.444175797000071, 0.873352134000186 ], [ 36.426987440000119, 0.88876304900009 ], [ 36.424175797000089, 0.894652134000012 ], [ 36.424526338000078, 0.89728889100013 ], [ 36.419675797000082, 0.901852134000137 ], [ 36.417475797000179, 0.902752134000025 ], [ 36.410575797000149, 0.900652134000154 ], [ 36.40298577100009, 0.901755645000094 ], [ 36.397375797000109, 0.905052134000073 ], [ 36.394475797000155, 0.910902134000025 ], [ 36.395350252000128, 0.913119036000126 ], [ 36.424437655000133, 0.941026604000115 ], [ 36.435652889000096, 0.960339641000189 ], [ 36.445849325000154, 0.983627874000149 ], [ 36.450635367000189, 1.0009244580001 ], [ 36.453191951000179, 1.01828134100009 ], [ 36.442661398999974, 1.04282205100003 ], [ 36.444780526000102, 1.056163273999971 ], [ 36.44254034, 1.061629339000092 ], [ 36.443788964000134, 1.073490111000183 ], [ 36.439215924000109, 1.085107817000051 ], [ 36.438889803000052, 1.090052134000189 ], [ 36.440119574000107, 1.101197416000048 ], [ 36.444407868000155, 1.111550936000128 ], [ 36.444551611000065, 1.115892950000045 ], [ 36.439958361000151, 1.133004522000078 ], [ 36.43383539000007, 1.139736648000053 ], [ 36.436706543000071, 1.146728516 ], [ 36.43497564300003, 1.148938958000087 ], [ 36.435197713000093, 1.151884319000033 ], [ 36.440945545000147, 1.163453437000157 ], [ 36.442631893000055, 1.175222552000037 ], [ 36.438043075000166, 1.178581536000138 ], [ 36.432824313000026, 1.178931220000095 ], [ 36.419921875000057, 1.18688964800009 ], [ 36.398204433000103, 1.173661856000024 ], [ 36.394946445000187, 1.173248778000129 ], [ 36.3916165280001, 1.175825627000108 ], [ 36.38891601600011, 1.187927246000129 ], [ 36.396485240000061, 1.194534184000076 ], [ 36.397326815000156, 1.207818938 ], [ 36.395342389000064, 1.221053844000153 ], [ 36.406142944000123, 1.230262465000123 ], [ 36.411926270000095, 1.232299805000082 ], [ 36.416675797000039, 1.227352134000057 ], [ 36.421492293000142, 1.235634954000091 ], [ 36.420962761000169, 1.238977778999981 ], [ 36.415137948000051, 1.246214495000117 ], [ 36.414387261000059, 1.255253146000086 ], [ 36.41207856200009, 1.260026923000055 ], [ 36.409430330000134, 1.259264739000059 ], [ 36.404536393000171, 1.252509466000049 ], [ 36.396917166000094, 1.255397630000118 ], [ 36.389099121000072, 1.263488770000095 ], [ 36.388754965000032, 1.265945124000098 ], [ 36.391728659000194, 1.270176460000073 ], [ 36.394864963000032, 1.269882296999981 ], [ 36.39803035500006, 1.276527508000129 ], [ 36.405065198000102, 1.274274773000172 ], [ 36.409255009000105, 1.278754220000167 ], [ 36.416953874000058, 1.274791607000111 ], [ 36.423889160000101, 1.267089844000111 ], [ 36.430421408000029, 1.266817415000048 ], [ 36.447573089000116, 1.252194887000087 ], [ 36.451093319000108, 1.253515569000115 ], [ 36.453399091000108, 1.257709337000165 ], [ 36.450606767000124, 1.271670896000103 ], [ 36.444547420000163, 1.278164153000091 ], [ 36.440286312000012, 1.287492329000088 ], [ 36.436706543000071, 1.291320801000154 ], [ 36.438043075000166, 1.300877727000056 ], [ 36.436093888000073, 1.303809382000054 ], [ 36.426031112000032, 1.300030999000171 ], [ 36.421091731000047, 1.295842688000107 ], [ 36.415100098000153, 1.29907226600011 ], [ 36.406127930000139, 1.299682617000087 ], [ 36.403076172000056, 1.308105469000168 ], [ 36.396480086000167, 1.308511907000025 ], [ 36.39322316200014, 1.313203878000024 ], [ 36.396118164000029, 1.318481445000145 ], [ 36.403930664000029, 1.317321777000132 ], [ 36.412662460000092, 1.329716774000076 ], [ 36.421081543000071, 1.334716797000169 ], [ 36.422480575000179, 1.346474358000023 ], [ 36.425564494000184, 1.349465630000054 ], [ 36.433979365000027, 1.352854168000135 ], [ 36.442991368000037, 1.363056356000129 ], [ 36.460251671000037, 1.37156785600007 ], [ 36.465862205000121, 1.38377780400009 ], [ 36.466918945000145, 1.398681641000167 ], [ 36.46209639000017, 1.403078116000074 ], [ 36.45532226600011, 1.398315429999968 ], [ 36.449521568000137, 1.410913379000078 ], [ 36.447433622000062, 1.412334177000048 ], [ 36.441585496000073, 1.410729232 ], [ 36.43762141000019, 1.411730913000042 ], [ 36.428283691, 1.40850830100004 ], [ 36.427490234000174, 1.415283203000115 ], [ 36.419994242000087, 1.416763399000047 ], [ 36.40906337399997, 1.428461923000043 ], [ 36.401532528000018, 1.433320354000159 ], [ 36.396394240000177, 1.44182129700016 ], [ 36.392360517999975, 1.445346210000025 ], [ 36.386015625000027, 1.445669322000128 ], [ 36.380310059000124, 1.441528319999975 ], [ 36.374904936000064, 1.442170540000177 ], [ 36.367675781000116, 1.438476563000165 ], [ 36.355905813000049, 1.437444521000032 ], [ 36.347232918000032, 1.441873333000046 ], [ 36.325851319000094, 1.468429444000037 ], [ 36.321048370000142, 1.471941869000091 ], [ 36.290451571000119, 1.465261565 ], [ 36.289099666000084, 1.469467278000081 ], [ 36.299991492000117, 1.491343226000026 ], [ 36.296917393000058, 1.500118825000186 ], [ 36.29907226600011, 1.505920410000158 ], [ 36.298278809000067, 1.509704590000069 ], [ 36.300981112000102, 1.514872356000126 ], [ 36.301519046000067, 1.53649772600005 ], [ 36.30492346300008, 1.544254070000022 ], [ 36.316525818000059, 1.552521315000092 ], [ 36.334646297000177, 1.569435588999966 ], [ 36.344594685000118, 1.574827626000172 ], [ 36.345520020000038, 1.571472168000184 ], [ 36.357116699000073, 1.571105956999986 ], [ 36.358931258000041, 1.587074651000023 ], [ 36.371093750000057, 1.596313477000081 ], [ 36.377075496000089, 1.586086370000032 ], [ 36.375953610000181, 1.575107365000122 ], [ 36.372497559000124, 1.570678710999971 ], [ 36.375748534000081, 1.543294498000023 ], [ 36.390080409000063, 1.525096042000143 ], [ 36.394039901000156, 1.525673968000149 ], [ 36.397727462000148, 1.52808648600012 ], [ 36.413360251000142, 1.562294265000105 ], [ 36.420281942000088, 1.570423870000127 ], [ 36.426513672, 1.57312011700003 ], [ 36.428501815000118, 1.582677385000125 ], [ 36.43242564500008, 1.589311203000136 ], [ 36.433269218000135, 1.597022418 ], [ 36.43722049400003, 1.602071195 ], [ 36.441238718000136, 1.615022124000177 ], [ 36.444688973000098, 1.618441204000135 ], [ 36.44744278200011, 1.618774309000059 ], [ 36.455139792000125, 1.614786800000104 ], [ 36.462783211000101, 1.614818596000021 ], [ 36.464721680000139, 1.625488281000116 ], [ 36.469187557000112, 1.637290618000065 ], [ 36.470432960000039, 1.657259037000188 ], [ 36.477430362000064, 1.66760584900004 ], [ 36.48142217100002, 1.679895670000064 ], [ 36.486083984, 1.683471679999968 ], [ 36.48758179500004, 1.705187200000125 ], [ 36.499528598999973, 1.707415461000039 ], [ 36.503732695000053, 1.711605034 ], [ 36.504516602000137, 1.714111328000115 ], [ 36.503112793000071, 1.718505859000174 ], [ 36.508601912000131, 1.725074895000148 ], [ 36.509874283000158, 1.734241974000042 ], [ 36.515952987000048, 1.742563958000062 ], [ 36.520737036000185, 1.742651800000033 ], [ 36.522277832000157, 1.74969482400013 ], [ 36.527635300000043, 1.757501012000148 ], [ 36.526489258000083, 1.764099121000129 ], [ 36.525056912000025, 1.764103878000071 ], [ 36.522712496000054, 1.758447413000056 ], [ 36.519287109000061, 1.756896972999982 ], [ 36.518676758000083, 1.764526367000144 ], [ 36.512971493000066, 1.768590774000074 ], [ 36.511718750000114, 1.773071289000143 ], [ 36.512977108000086, 1.775282415000106 ], [ 36.518920898000033, 1.7722778320001 ], [ 36.519231453000032, 1.775118792000171 ], [ 36.516214473, 1.781742035000093 ], [ 36.522881991000133, 1.78611195600007 ], [ 36.524936607000143, 1.791032909000023 ], [ 36.522521972999982, 1.793273926000097 ], [ 36.526409194, 1.796142925000026 ], [ 36.534729004000042, 1.807128906000173 ], [ 36.524439869000048, 1.812145239000188 ], [ 36.515539364000176, 1.82322767800008 ], [ 36.514742635000061, 1.831083928000169 ], [ 36.516719026000089, 1.832189901000106 ], [ 36.522094727000024, 1.830688477000024 ], [ 36.524291991999974, 1.83340454100005 ], [ 36.521852157000183, 1.837266204000059 ], [ 36.52486562200005, 1.846883029000082 ], [ 36.52288818400018, 1.852722168000128 ], [ 36.519181452999987, 1.848689885000169 ], [ 36.516598932000136, 1.851972948000139 ], [ 36.515127879000147, 1.876699616000167 ], [ 36.515680916000179, 1.879484368000021 ], [ 36.5203247070001, 1.882507324000017 ], [ 36.521118164000086, 1.885498047000112 ], [ 36.524789071000157, 1.886613372000113 ], [ 36.52545269400008, 1.890285979000168 ], [ 36.528777808000086, 1.892709775000128 ], [ 36.532523250000168, 1.899877239000034 ], [ 36.538696289000143, 1.903198242000144 ], [ 36.537554414000056, 1.907701292000013 ], [ 36.542052680000097, 1.924276557000042 ], [ 36.539844967000136, 1.940112641999974 ], [ 36.54132080100004, 1.96032714800009 ], [ 36.539672852000024, 1.960876465000183 ], [ 36.536951034000083, 1.954732024000066 ], [ 36.534301758000083, 1.953674316000161 ], [ 36.532470703000172, 1.954284668000184 ], [ 36.532104492000144, 1.95727539100011 ], [ 36.535838569000134, 1.968729402000065 ], [ 36.541028158000074, 1.977925613000025 ], [ 36.546604194000111, 1.995816391000119 ], [ 36.545471191000104, 2.000122070000089 ], [ 36.540229500000066, 2.00363763900009 ], [ 36.541503906000173, 2.007507324000073 ], [ 36.543273926000097, 2.008117676000154 ], [ 36.545104980000076, 2.007873535000101 ], [ 36.547485352000024, 2.00408935500019 ], [ 36.547259476000136, 2.017612420000034 ], [ 36.544815230000097, 2.021732560000089 ], [ 36.544833258000153, 2.023970783999971 ], [ 36.547178698000039, 2.025538235000113 ], [ 36.54632568400018, 2.031311035000101 ], [ 36.547790527000132, 2.032470703000115 ], [ 36.549926758000026, 2.031677246000072 ], [ 36.551827840000158, 2.034690569000134 ], [ 36.55603355300002, 2.042929925000067 ], [ 36.556274413999972, 2.048522949000073 ], [ 36.569061428000168, 2.057966107000027 ], [ 36.56608843600003, 2.081083928000112 ], [ 36.567631893000112, 2.0924907160001 ], [ 36.564828084, 2.099833343000057 ], [ 36.564857196000105, 2.10443295400006 ], [ 36.580682137000053, 2.12186967100007 ], [ 36.583575797000037, 2.128452133999986 ], [ 36.583949569000026, 2.137290618000179 ], [ 36.587407519000124, 2.145028953000121 ], [ 36.589698739000028, 2.146931878000089 ], [ 36.595380854000041, 2.146722291000117 ], [ 36.600285499000051, 2.154240977000086 ], [ 36.609486434000075, 2.161717132000092 ], [ 36.612475797000059, 2.162652134000155 ], [ 36.611268342000074, 2.156918198000028 ], [ 36.620529598000189, 2.161475579000069 ], [ 36.636525203000019, 2.164229387000034 ], [ 36.648678719000031, 2.169140276000178 ], [ 36.658825155000045, 2.174889446000179 ], [ 36.670837117000019, 2.186870891000012 ], [ 36.681497176, 2.193275237000023 ], [ 36.701197528000023, 2.199146881000047 ], [ 36.703043223000066, 2.203056478000121 ], [ 36.700500488000102, 2.217712402000075 ], [ 36.704088680000154, 2.221615911000185 ], [ 36.711486816000161, 2.224121094000054 ], [ 36.712500106000164, 2.230490960000054 ], [ 36.71008300799997, 2.240112305000082 ], [ 36.714426668000044, 2.248080022000011 ], [ 36.713952010000185, 2.254484368000021 ], [ 36.708102840000095, 2.260666643000036 ], [ 36.707837906000066, 2.26331708400005 ], [ 36.715896192000116, 2.26802908000019 ], [ 36.722271981000176, 2.273655950000034 ], [ 36.723684822999985, 2.277052133999973 ], [ 36.722193972000184, 2.28589955200016 ], [ 36.724673104000146, 2.302038079000113 ], [ 36.601297078000187, 2.36082650700007 ], [ 36.601409380000064, 2.405183985000122 ], [ 36.607399067000131, 2.396082502000127 ], [ 36.616451734000123, 2.397370913999964 ], [ 36.619356864000167, 2.39872512300002 ], [ 36.621516448000136, 2.403696845000184 ], [ 36.621708480000052, 2.41322261300013 ], [ 36.623088837000125, 2.414558887000055 ], [ 36.626642687000185, 2.414091156000154 ], [ 36.63146591200001, 2.411832094000147 ], [ 36.635087967000118, 2.404339790000165 ], [ 36.63867579700019, 2.406652134000183 ], [ 36.638572693000185, 2.391187429000013 ], [ 36.641300201000035, 2.395373344000063 ], [ 36.643858817000194, 2.405622908999987 ], [ 36.643539429000043, 2.41709113100012 ], [ 36.648506165000128, 2.413195610000116 ], [ 36.650838468000131, 2.417839172000129 ], [ 36.657865893000064, 2.420032423000123 ], [ 36.670784121000111, 2.443293936000032 ], [ 36.685496077000039, 2.457775785000024 ], [ 36.688081097000065, 2.458409993000089 ], [ 36.69632720900006, 2.454001427000037 ], [ 36.698964980000085, 2.454266264000182 ], [ 36.699754766000012, 2.459058786000071 ], [ 36.697689056000172, 2.464227200000096 ], [ 36.703569744000049, 2.478698985000165 ], [ 36.700530942000114, 2.51225510800009 ], [ 36.707328796000184, 2.511460543000169 ], [ 36.709377289000145, 2.50756549800019 ], [ 36.739681224000094, 2.514092302000051 ], [ 36.748698937000029, 2.513775066000051 ], [ 36.753977263000138, 2.515847644000132 ], [ 36.759192238000082, 2.514763586000129 ] ] ] } },
{ "type": "Feature", "properties": { "name": "Siaya" }, "geometry": { "type": "Polygon", "coordinates": [ [ [ 34.264330310000105, 0.308369256000049 ], [ 34.276620993000165, 0.310842326000056 ], [ 34.289249048000045, 0.307900947000121 ], [ 34.294875591000107, 0.309491860000037 ], [ 34.316965991000188, 0.30899460500018 ], [ 34.332787874000189, 0.311006046000102 ], [ 34.366704668000182, 0.303950298000188 ], [ 34.371950841000057, 0.308795325000062 ], [ 34.379508962000045, 0.305854898 ], [ 34.383016168000154, 0.299282589000086 ], [ 34.394507510000039, 0.288744363000148 ], [ 34.396234434000121, 0.282219066000152 ], [ 34.38821472, 0.274965865000183 ], [ 34.390753735000033, 0.270618292000051 ], [ 34.400768093000181, 0.262335775000167 ], [ 34.39774329300019, 0.250452958000096 ], [ 34.397850558000073, 0.24367823 ], [ 34.399680219, 0.240075962000049 ], [ 34.397581101000071, 0.233634404000156 ], [ 34.383945784000161, 0.228891187000158 ], [ 34.390624679000041, 0.216630771000041 ], [ 34.391912413000171, 0.207577177000019 ], [ 34.390026557000112, 0.199952871000164 ], [ 34.39044915400018, 0.194017400000121 ], [ 34.384879353000031, 0.179916958000149 ], [ 34.39439633700016, 0.182470535000164 ], [ 34.403844421000144, 0.187403979000123 ], [ 34.408031638000125, 0.191779920000101 ], [ 34.410976303000155, 0.198929896000152 ], [ 34.420995510000182, 0.20424154799997 ], [ 34.42824546300011, 0.212650992000022 ], [ 34.44327566700008, 0.218184949000033 ], [ 34.446345339, 0.215993680000167 ], [ 34.449844283000175, 0.208005111000091 ], [ 34.451485408000167, 0.207352054000125 ], [ 34.44565881300008, 0.203159238000126 ], [ 34.435440463000134, 0.201513288000058 ], [ 34.431811781000135, 0.196418007000091 ], [ 34.430566905000148, 0.191378596000106 ], [ 34.426008931000126, 0.185875395000153 ], [ 34.429159784000149, 0.182770491000099 ], [ 34.429553825000141, 0.178274697000063 ], [ 34.437697336000099, 0.172558339000147 ], [ 34.441210364000142, 0.166369181 ], [ 34.434910538000111, 0.157194301000061 ], [ 34.424789813000132, 0.152108307999981 ], [ 34.434184932000107, 0.145856645000094 ], [ 34.443372426000167, 0.148109706000071 ], [ 34.453136946000029, 0.153707505000057 ], [ 34.462370825000107, 0.154725227000085 ], [ 34.467253927, 0.157696378000139 ], [ 34.475556811999979, 0.156283106000103 ], [ 34.481911998000044, 0.151538057000153 ], [ 34.484288301999982, 0.140810929000054 ], [ 34.482844316000069, 0.138758852000024 ], [ 34.47243362200004, 0.131286978000105 ], [ 34.456487749000075, 0.130588715000158 ], [ 34.45783714900017, 0.123571998000045 ], [ 34.464133312000172, 0.123053644000152 ], [ 34.478428619, 0.116132219000065 ], [ 34.478496115000098, 0.113423486000045 ], [ 34.474184678000142, 0.112913965000075 ], [ 34.474235293000163, 0.103358007000054 ], [ 34.478695322000135, 0.105164384000034 ], [ 34.486524159000169, 0.104879990000143 ], [ 34.494091807000132, 0.101872889999981 ], [ 34.496928720000142, 0.111481991000062 ], [ 34.503358545000026, 0.115888062000181 ], [ 34.49652193300011, 0.12171953700016 ], [ 34.49732443, 0.123294470000133 ], [ 34.50002724300009, 0.122669533000078 ], [ 34.499402677000091, 0.125528116000055 ], [ 34.505232349000153, 0.119667061000143 ], [ 34.50893698100009, 0.118267790000118 ], [ 34.51199139400012, 0.122023988000024 ], [ 34.513033509000138, 0.128129927000145 ], [ 34.525112390000061, 0.125193823000188 ], [ 34.529252349000046, 0.127929128000119 ], [ 34.534070692000171, 0.136529893000045 ], [ 34.542212728000095, 0.138993108000022 ], [ 34.544976848000147, 0.138707939000142 ], [ 34.548768681000126, 0.132293620000098 ], [ 34.554745334000188, 0.127603959000112 ], [ 34.551824524999972, 0.122725721000108 ], [ 34.552216147000081, 0.118311551999966 ], [ 34.547197930000095, 0.117827475000183 ], [ 34.544025451000039, 0.114451008000117 ], [ 34.550474791000056, 0.113667756000154 ], [ 34.554812790000085, 0.108646447000069 ], [ 34.558000315000129, 0.108413805000055 ], [ 34.554983555000092, 0.101301287000069 ], [ 34.55691149900008, 0.09249534300011 ], [ 34.554048990000126, 0.089109425000061 ], [ 34.558563335000144, 0.073978394 ], [ 34.557066292000172, 0.057261281000024 ], [ 34.559895744000187, 0.048020520000023 ], [ 34.556233902000031, 0.048260765000123 ], [ 34.553202228000032, 0.044426446000045 ], [ 34.552409915000112, 0.037610254000072 ], [ 34.549466055000096, 0.035326366000106 ], [ 34.550097095000069, 0.025675436000029 ], [ 34.548237770000128, 0.019539210000175 ], [ 34.543159320000086, 0.015377599000033 ], [ 34.543894619000071, 0.01047638700004 ], [ 34.53370032700019, 0.004844420999973 ], [ 34.541338989000167, -0.000961876999952 ], [ 34.541141545000187, -0.004408940999951 ], [ 34.529615410000133, -0.019240603999947 ], [ 34.506267545000185, -0.026411185999905 ], [ 34.485434428000133, -0.03070706699998 ], [ 34.470747016000132, -0.040008617999945 ], [ 34.454524642000081, -0.046446770999978 ], [ 34.445097647000182, -0.054477710999947 ], [ 34.431314656000097, -0.061520314999882 ], [ 34.43084318200016, -0.063579297999979 ], [ 34.424993515000153, -0.066860172999952 ], [ 34.416036418000033, -0.078581769999971 ], [ 34.415065899000126, -0.094003936999968 ], [ 34.425606173, -0.119899237999903 ], [ 34.431836673000021, -0.145042931999853 ], [ 34.483092932000034, -0.298631745999955 ], [ 34.421865899000181, -0.33480393699989 ], [ 34.317865899000026, -0.421903936999968 ], [ 34.305644033000078, -0.42733521599996 ], [ 34.297165899000049, -0.428403936999928 ], [ 34.283665899000027, -0.42590393699993 ], [ 34.278165899000044, -0.422803936999912 ], [ 34.270665899000164, -0.415303936999862 ], [ 34.240219512000181, -0.338379956999916 ], [ 33.94796589900011, -0.338103936999971 ], [ 33.98306589900011, -0.128803936999873 ], [ 33.949385067000094, -0.026509239999939 ], [ 34.007289572000047, -0.02618281599996 ], [ 34.015488614000049, -0.027709632999972 ], [ 34.029548920000082, -0.017863825999882 ], [ 34.042114224000045, 0.000320284 ], [ 34.066224375000161, 0.090554975000146 ], [ 34.073581956000055, 0.10427849000007 ], [ 34.072186379000129, 0.118913815000155 ], [ 34.079340294000076, 0.122655392000013 ], [ 34.084092510000175, 0.122805397000093 ], [ 34.086019768000142, 0.12679914000006 ], [ 34.090445208000176, 0.126554380000073 ], [ 34.099447118000171, 0.136409158999982 ], [ 34.104959306000069, 0.136077799000134 ], [ 34.10248005800014, 0.129697373000113 ], [ 34.102946806000034, 0.126118515000144 ], [ 34.108358801000065, 0.131025194000131 ], [ 34.111836963000087, 0.137260160000153 ], [ 34.114695452000092, 0.149903214000176 ], [ 34.112811615000112, 0.150344309000161 ], [ 34.111164767000105, 0.160991430000138 ], [ 34.111991658000193, 0.176127840000163 ], [ 34.105265425000084, 0.18686002700008 ], [ 34.110368551000079, 0.200611687000105 ], [ 34.10951361900004, 0.20571646500008 ], [ 34.113624779000077, 0.210700177000149 ], [ 34.11630783600009, 0.219025704000046 ], [ 34.116825264000113, 0.242776551000077 ], [ 34.132106129000135, 0.251322778000144 ], [ 34.138441457999988, 0.257410111000127 ], [ 34.158609405999982, 0.290871789000107 ], [ 34.159464188000015, 0.30074429400014 ], [ 34.173565486000086, 0.296421904000056 ], [ 34.177494206000063, 0.290062924999972 ], [ 34.182254475000036, 0.286628703000076 ], [ 34.185885320000125, 0.276444765000122 ], [ 34.19146828300012, 0.272499781000022 ], [ 34.200786047000179, 0.269140301000107 ], [ 34.203391138000143, 0.261186223000095 ], [ 34.204893348000098, 0.263468960000068 ], [ 34.20555727600015, 0.286353457000189 ], [ 34.235997190000035, 0.292206028000123 ], [ 34.239813887000082, 0.296767276000026 ], [ 34.246966505000046, 0.311491567000189 ], [ 34.250180389000036, 0.313303496000117 ], [ 34.255434520000165, 0.313021887000161 ], [ 34.264330310000105, 0.308369256000049 ] ] ] } },
{ "type": "Feature", "properties": { "name": "Taita Taveta" }, "geometry": { "type": "Polygon", "coordinates": [ [ [ 38.167115206000062, -2.693378111999948 ], [ 38.184032604000038, -2.702638365999917 ], [ 38.218318972000077, -2.727111530999878 ], [ 38.249279997000031, -2.749540098999944 ], [ 38.25833951300018, -2.758089558999927 ], [ 38.278846267000119, -2.78226944499994 ], [ 38.301063523000039, -2.81472063099983 ], [ 38.31872939200008, -2.832720754999968 ], [ 38.338083278, -2.864646667999978 ], [ 38.36146734800019, -2.897640565999893 ], [ 38.391880035999975, -2.925480250999897 ], [ 38.398059369000123, -2.927084423999929 ], [ 38.405097956000134, -2.925670511999897 ], [ 38.408938053000156, -2.927321241999891 ], [ 38.431370738000055, -2.957082209999953 ], [ 38.448196888000098, -2.972017346999962 ], [ 38.458994172000132, -2.991702247999967 ], [ 38.463750889000153, -2.98783557399986 ], [ 38.466857896000135, -2.988108660999956 ], [ 38.467627630000038, -2.985270632999971 ], [ 38.476806634000127, -2.98556470699998 ], [ 38.488073642000131, -2.977951719999965 ], [ 38.49296613000007, -2.983964869999966 ], [ 38.50838279300018, -2.982444538999914 ], [ 38.513580206000029, -2.983435941999971 ], [ 38.514423053000087, -2.978879296999821 ], [ 38.519542932000093, -2.974786628999937 ], [ 38.525146479000057, -2.973995048999882 ], [ 38.530698133000044, -2.97592844299993 ], [ 38.538047790000178, -2.973508351999953 ], [ 38.543854715000066, -2.979600368999968 ], [ 38.550300803000141, -2.98051252199997 ], [ 38.558792730000107, -2.985818552999945 ], [ 38.584445949000042, -2.987681213999963 ], [ 38.593743007000114, -2.998936162999939 ], [ 38.602101428000083, -2.998557949999906 ], [ 38.608335646, -2.994704220999893 ], [ 38.609178531000055, -2.996502155999906 ], [ 38.606144353000161, -3.004026369999849 ], [ 38.608421713000155, -3.006514716999959 ], [ 38.613515274000122, -3.007220290999953 ], [ 38.617236851000143, -3.00978701199989 ], [ 38.625151433000042, -3.009950018999973 ], [ 38.629085378000184, -3.011871062999944 ], [ 38.635485759000119, -3.010816417999877 ], [ 38.643118952000123, -3.012911453999948 ], [ 38.650739515000168, -3.019998761999886 ], [ 38.653889516999982, -3.025111716999902 ], [ 38.660990868000056, -3.028619165999942 ], [ 38.662969802000191, -3.035933033999868 ], [ 38.665478328000063, -3.039317030999939 ], [ 38.682078848000117, -3.034988845999919 ], [ 38.694644483000047, -3.035520247999841 ], [ 38.706746535000036, -3.031484920999901 ], [ 38.724078494000139, -3.036885435999977 ], [ 38.732509259000039, -3.041990312999872 ], [ 38.757064061000051, -3.046672569999942 ], [ 38.768023816000152, -3.043237734999877 ], [ 38.774395447000188, -3.043517224999903 ], [ 38.778738465000174, -3.047766567999872 ], [ 38.78886974500017, -3.047627809999938 ], [ 38.797747864000144, -3.051507537999953 ], [ 38.809056127000133, -3.052923419999956 ], [ 38.809879833000025, -3.05592053099997 ], [ 38.808169944000042, -3.059148003999837 ], [ 38.801138317000095, -3.05787665399987 ], [ 38.798035014000106, -3.060673795999946 ], [ 38.798922461000075, -3.066271966999977 ], [ 38.80553921600017, -3.068432983999969 ], [ 38.819406871000126, -3.067196236999962 ], [ 38.826292474000127, -3.060637418999875 ], [ 38.835730566000109, -3.059480737999934 ], [ 38.84112167800015, -3.053505605999874 ], [ 38.845297975000108, -3.055463871999905 ], [ 38.847412467000083, -3.060770819999902 ], [ 38.862516706000065, -3.057386412999904 ], [ 38.89297275500013, -3.037816756999973 ], [ 38.898877569000035, -3.038184089999959 ], [ 38.902575647000162, -3.042153022999912 ], [ 38.912363894000066, -3.042985739999892 ], [ 38.925292416000104, -3.039752303999876 ], [ 38.931938775000106, -3.039944677999813 ], [ 38.937182649000022, -3.034402214999943 ], [ 38.952421567000044, -3.038460918999874 ], [ 38.976208693, -3.039315939999938 ], [ 38.98557624700004, -3.033615929999939 ], [ 38.98932959800004, -3.027175279999938 ], [ 38.992045089999976, -3.025709270999869 ], [ 39.014056149000169, -3.025309548999928 ], [ 39.025530269000058, -3.020646032999878 ], [ 39.036952657000143, -3.024996746999875 ], [ 39.045404151000071, -3.021099021999873 ], [ 39.044472208000172, -3.027661739999928 ], [ 39.045922907000033, -3.031287648999921 ], [ 39.053874609000161, -3.033293287999868 ], [ 39.062386345999982, -3.041031245999932 ], [ 39.07255445200019, -3.040285418999929 ], [ 39.078280906000089, -3.041758151999943 ], [ 39.08103370800012, -3.051287823999871 ], [ 39.086376198000039, -3.053286599999979 ], [ 39.088618270999973, -3.051168843999903 ], [ 39.089610288000074, -3.043020646999935 ], [ 39.105058691000124, -3.03595465799998 ], [ 39.113321289000055, -3.024333226999943 ], [ 39.128347881000082, -3.019304267999871 ], [ 39.130754433000106, -3.020790748999957 ], [ 39.131411535000098, -3.029303926999944 ], [ 39.134130476000109, -3.035562461999973 ], [ 39.133975072, -3.041160864999881 ], [ 39.14105343, -3.041352368999924 ], [ 39.143449308000186, -3.048609707999901 ], [ 39.150424944000065, -3.044509182999889 ], [ 39.152930776000062, -3.045077354999933 ], [ 39.163414012000089, -3.059418432999905 ], [ 39.16486691800003, -3.065954796999904 ], [ 39.169786926000143, -3.065462207999929 ], [ 39.174487099000089, -3.057728148999956 ], [ 39.176942203000181, -3.057023891999961 ], [ 39.179802552000183, -3.058213640999952 ], [ 39.1836576500001, -3.063366007999946 ], [ 39.197658535000073, -3.061119780999888 ], [ 39.205697087000146, -3.066254559999948 ], [ 39.213344504000077, -3.065207708999935 ], [ 39.219350820000159, -3.066192691999959 ], [ 39.141421138000055, -3.358785226999942 ], [ 39.074726132000137, -3.617757566999842 ], [ 39.056056946000126, -3.684526442999925 ], [ 38.968475319000163, -3.633464316999948 ], [ 38.930492383000171, -3.695812941999975 ], [ 39.035120007000046, -3.758305909999933 ], [ 38.946018195000136, -3.959537004999902 ], [ 38.445745460000126, -4.137970692999829 ], [ 37.784961696000039, -3.674422753999977 ], [ 37.772450478000167, -3.642105351999817 ], [ 37.773305177000054, -3.64103018499992 ], [ 37.778816972000016, -3.645597449999912 ], [ 37.783985084000108, -3.645851375999882 ], [ 37.783403368999984, -3.632888647999891 ], [ 37.780034053000122, -3.621645695999916 ], [ 37.775020529000074, -3.611965253999927 ], [ 37.775664174000099, -3.607757969999966 ], [ 37.772856408000166, -3.591527964999955 ], [ 37.769876134000128, -3.587427854999873 ], [ 37.768794158000105, -3.579824968999901 ], [ 37.763883972000087, -3.56909597899994 ], [ 37.762582492999968, -3.570381396999892 ], [ 37.764168233000078, -3.574237652999841 ], [ 37.763870078000025, -3.582623724999962 ], [ 37.761515659000167, -3.588165251999953 ], [ 37.75900140400006, -3.589658599999893 ], [ 37.760206004000111, -3.586189345999912 ], [ 37.75927385100016, -3.571416462999935 ], [ 37.756104408000169, -3.569091135999884 ], [ 37.752454521000061, -3.57241498399992 ], [ 37.750890606000098, -3.569766161999951 ], [ 37.74817750800014, -3.563107661999879 ], [ 37.746730789000082, -3.549263989999929 ], [ 37.743137530000013, -3.541682708999872 ], [ 37.727433886000142, -3.537882062999927 ], [ 37.719242077000104, -3.529133846999969 ], [ 37.695634851000079, -3.526209980999965 ], [ 37.68828720700003, -3.518996000999948 ], [ 37.687082319000183, -3.515047441999911 ], [ 37.683851246000074, -3.511921822999966 ], [ 37.681433273000096, -3.512492486999975 ], [ 37.676799537000079, -3.510016718999964 ], [ 37.67303466200002, -3.50312150499991 ], [ 37.66736156800016, -3.504261577999955 ], [ 37.662946694000084, -3.503273972999921 ], [ 37.642966036000132, -3.516978363999897 ], [ 37.633262612000181, -3.518020880999927 ], [ 37.628929130000074, -3.52111419299996 ], [ 37.622354984000026, -3.521538660999909 ], [ 37.61887828000016, -3.523992361999888 ], [ 37.606885913999974, -3.521310213999925 ], [ 37.603328712000177, -3.517638161999969 ], [ 37.607079831000135, -3.508123195999872 ], [ 37.606222627000079, -3.503417869999851 ], [ 37.611979504000089, -3.499346897999885 ], [ 37.612209794000137, -3.494765882999957 ], [ 37.616882320000059, -3.493906629999969 ], [ 37.620262132000107, -3.486596894999934 ], [ 37.625417733000063, -3.484177003999889 ], [ 37.623732895000103, -3.46526893399988 ], [ 37.618927008000128, -3.463043817999903 ], [ 37.617117576000112, -3.459204197999895 ], [ 37.608260672000085, -3.461551861999908 ], [ 37.603794728000025, -3.458545369999911 ], [ 37.595824907000065, -3.456816753999817 ], [ 37.5919844390001, -3.458930081999881 ], [ 37.584800339000083, -3.459839053999929 ], [ 37.58438875600018, -3.438088442999913 ], [ 37.618133571000101, -3.400296194999896 ], [ 37.663223225000138, -3.356092692999937 ], [ 37.680141474999971, -3.354117880999922 ], [ 37.68450163100016, -3.348507631999894 ], [ 37.684974691000036, -3.320685128999912 ], [ 37.688478999000097, -3.319997034999915 ], [ 37.691821558000186, -3.32452885299989 ], [ 37.700428213000066, -3.324436482999886 ], [ 37.710542912, -3.314899861999891 ], [ 37.711116787000151, -3.307542317999889 ], [ 37.690757758000075, -3.175145127999826 ], [ 37.79167556800013, -3.171160451999981 ], [ 37.794276295000088, -3.173853796999936 ], [ 37.799308455000073, -3.169493814999953 ], [ 37.804390277999971, -3.167497491999882 ], [ 37.815814648000071, -3.170656806999887 ], [ 37.819396964000134, -3.174912736999943 ], [ 37.822432706000143, -3.175368155999877 ], [ 37.82795142000009, -3.179533259999971 ], [ 37.833199778000164, -3.186841780999941 ], [ 37.838715159000117, -3.187099617999934 ], [ 37.847949748000076, -3.184004004999963 ], [ 37.84924062500005, -3.181141066999885 ], [ 37.853508001000137, -3.179256815999963 ], [ 37.854475899000136, -3.080026464999889 ], [ 37.87035615200017, -3.078695022999966 ], [ 37.894382462000181, -2.88569712799989 ], [ 37.917873383000085, -2.868433671999981 ], [ 37.937362439000026, -2.77081060199987 ], [ 37.974414823000131, -2.787388934999967 ], [ 38.100130814000181, -2.720448760999886 ], [ 38.102229563000037, -2.718006894999917 ], [ 38.114959198000179, -2.71268852999998 ], [ 38.118218464000165, -2.705190687999959 ], [ 38.123146330000054, -2.703759551999951 ], [ 38.1282469410001, -2.698381045999838 ], [ 38.153258193000113, -2.698034501999928 ], [ 38.157526158000167, -2.693366637999873 ], [ 38.157107543999985, -2.688717797999914 ], [ 38.161137711000151, -2.67958740399996 ], [ 38.162502303000053, -2.693029634999903 ], [ 38.167115206000062, -2.693378111999948 ] ] ] } },
{ "type": "Feature", "properties": { "name": "Tana River" }, "geometry": { "type": "Polygon", "coordinates": [ [ [ 39.02954291400016, -0.001633675999926 ], [ 39.039586435000103, -0.002289979999944 ], [ 39.048431390000189, -0.005208688999971 ], [ 39.073560695000083, -0.003193846999864 ], [ 39.090461744000038, -0.008268926999847 ], [ 39.099048624000147, -0.015378550999969 ], [ 39.110046385000146, -0.031207551999955 ], [ 39.139068618000124, -0.06653224199988 ], [ 39.148948714000085, -0.075162115999944 ], [ 39.157669069000178, -0.079454738999914 ], [ 39.169250498000167, -0.081377503999931 ], [ 39.184364320000157, -0.087950552999871 ], [ 39.196838381000077, -0.090633426999887 ], [ 39.228004450000128, -0.085446488999878 ], [ 39.260108946000116, -0.093092737999882 ], [ 39.29375076000008, -0.091398050999942 ], [ 39.311992670000052, -0.087785113999928 ], [ 39.326408385000093, -0.089645239999925 ], [ 39.335674272000176, -0.094188239999937 ], [ 39.36203764600009, -0.114363488999913 ], [ 39.385971070000096, -0.124665801999868 ], [ 39.40249632900003, -0.140834612999925 ], [ 39.408649445000037, -0.144769548999875 ], [ 39.436969757000099, -0.145941300999937 ], [ 39.446670520000112, -0.149137239999959 ], [ 39.454971317000059, -0.154603178999935 ], [ 39.471397391000096, -0.16872267399998 ], [ 39.486587516000043, -0.178703860999974 ], [ 39.509803765000129, -0.202411799999879 ], [ 39.526954642000135, -0.213847486999896 ], [ 39.532764438000186, -0.22061467799989 ], [ 39.545554130000028, -0.245172457999956 ], [ 39.5636825630001, -0.252373356999954 ], [ 39.578479762000086, -0.264108871999895 ], [ 39.587005624000142, -0.273959814999898 ], [ 39.599721913000053, -0.296857957999919 ], [ 39.617534635000027, -0.310330795999903 ], [ 39.626253131000055, -0.319194581999966 ], [ 39.626097845000174, -0.439878973999896 ], [ 39.626782703000174, -0.449088178999887 ], [ 39.636666289000118, -0.459831313999928 ], [ 39.632780345000072, -0.465135230999977 ], [ 39.630966442000044, -0.47212210299989 ], [ 39.63212613900015, -0.47754040399991 ], [ 39.631284693000168, -0.48808099199988 ], [ 39.632769859000121, -0.492433002999974 ], [ 39.692544420000047, -0.493139296999971 ], [ 39.704116077000151, -0.504738733999943 ], [ 39.709719889000155, -0.515112077999902 ], [ 39.717351733000157, -0.519812046999959 ], [ 39.722844514000144, -0.52554826599993 ], [ 39.726355264000176, -0.533007890999954 ], [ 39.726285670000095, -0.544813966999868 ], [ 39.729497977000051, -0.545787156999836 ], [ 39.746796905000167, -0.543135030999963 ], [ 39.757868914000142, -0.547226215999956 ], [ 39.773050242000181, -0.559776885999952 ], [ 39.809328374000131, -0.581670608999843 ], [ 39.817606967000074, -0.59250504799985 ], [ 39.821247376000088, -0.602726781999877 ], [ 39.819685272000186, -0.620589333999817 ], [ 39.821035012000095, -0.626909489999946 ], [ 39.822682465000071, -0.630626941999878 ], [ 39.836031569000056, -0.644690505999904 ], [ 39.84186317800004, -0.65529049099996 ], [ 39.843351303000134, -0.671847990999936 ], [ 39.856065282000031, -0.69269924699995 ], [ 39.858026093000035, -0.718110881999962 ], [ 39.865741741000136, -0.728759708999974 ], [ 39.867550569000059, -0.734515958999907 ], [ 39.867925085000138, -0.743270943999903 ], [ 39.86287550600008, -0.754888177999931 ], [ 39.862819759000161, -0.761123649999888 ], [ 39.879170835000025, -0.785485240999947 ], [ 39.89007967800012, -0.81717008399994 ], [ 39.901040002000173, -0.833547973999941 ], [ 39.903239053000107, -0.846564333999936 ], [ 39.903508865000049, -0.869689383999912 ], [ 39.905544634000194, -0.878237901999967 ], [ 39.903019835000123, -0.890251677999913 ], [ 39.903725879999968, -0.895538676999934 ], [ 39.90507285100017, -0.899310885999967 ], [ 39.912841741000079, -0.906376240999975 ], [ 39.919150289000186, -0.917148775999976 ], [ 39.925941899000065, -0.94014212899998 ], [ 39.937392156000044, -0.964233081999964 ], [ 39.938536803000147, -0.982467412999824 ], [ 39.934348124000053, -1.002789163999921 ], [ 39.946380241000043, -1.021675271999925 ], [ 39.968506615000081, -1.069252855999935 ], [ 39.996344568999973, -1.120382005999943 ], [ 40.010159647000137, -1.159553334999941 ], [ 40.038700432000041, -1.199431743999924 ], [ 40.050870616000168, -1.237089334999837 ], [ 40.056570210000132, -1.248580396999898 ], [ 40.056953736000082, -1.26789539899994 ], [ 40.049861350000185, -1.298104818999946 ], [ 40.049224166000045, -1.313149014999851 ], [ 40.050577736000093, -1.318779672999881 ], [ 40.060915022000074, -1.339094990999968 ], [ 40.062880678, -1.35456039699983 ], [ 40.084364182000172, -1.447624984999948 ], [ 40.087896790000059, -1.477013825999961 ], [ 40.092642725000076, -1.488264490999939 ], [ 40.10494293000005, -1.50754121499989 ], [ 40.108615599000075, -1.530999836999968 ], [ 40.116822867000053, -1.556231996999827 ], [ 40.124864674999969, -1.568657296999902 ], [ 40.146096396000189, -1.590723670999978 ], [ 40.155337086000031, -1.613713496999935 ], [ 40.159858727000142, -1.646111123999901 ], [ 40.157838305000098, -1.694504402999826 ], [ 40.160047990000066, -1.703812617999915 ], [ 40.168915118000086, -1.719141557999933 ], [ 40.170647016000032, -1.725518866999948 ], [ 40.169326570000067, -1.734766215999969 ], [ 40.157804325000143, -1.762976345999959 ], [ 40.159135776000085, -1.783405328999891 ], [ 40.162402173000089, -1.801356634999877 ], [ 40.162830494000104, -1.821471214999974 ], [ 40.166514195000161, -1.832613621999883 ], [ 40.182836227000053, -1.853530246999924 ], [ 40.18832039800003, -1.867542121999861 ], [ 40.187027617000126, -1.902918058999887 ], [ 40.18964666700009, -1.930671797999935 ], [ 40.186527029000104, -1.960384673999897 ], [ 40.197572452000145, -1.983856794999895 ], [ 40.196057384000028, -1.999814453999875 ], [ 40.205638263000026, -2.015436553999905 ], [ 40.211896416000116, -2.0343144389999 ], [ 40.25034744300001, -2.248181860999921 ], [ 40.25042458300004, -2.396689718999937 ], [ 40.25392341100013, -2.398023378999881 ], [ 40.346494266000093, -2.398634976999972 ], [ 40.34882058200003, -2.400783425999975 ], [ 40.34888778800007, -2.405629398999963 ], [ 40.357224147000181, -2.414605314999903 ], [ 40.367279087000099, -2.417494003999934 ], [ 40.371048172000087, -2.422447144999921 ], [ 40.38162086, -2.421952508999937 ], [ 40.385224723000022, -2.427154811999969 ], [ 40.390112682999984, -2.426765531999934 ], [ 40.399036955000156, -2.431072378999943 ], [ 40.40275834900001, -2.428878210999926 ], [ 40.407206540000118, -2.430160346999969 ], [ 40.412772343000086, -2.423875012999872 ], [ 40.425333633999969, -2.421841461999918 ], [ 40.425939238000183, -2.417904656999951 ], [ 40.432556775000137, -2.416950774999918 ], [ 40.435275405000027, -2.413303492999944 ], [ 40.442718988000138, -2.40932095699992 ], [ 40.445116045000134, -2.406256761999884 ], [ 40.445543695000026, -2.40264207599995 ], [ 40.442173322000144, -2.39943703299997 ], [ 40.44368550900009, -2.399387253999919 ], [ 40.663316191000092, -2.466366837999885 ], [ 40.736313199000108, -2.455831259999911 ], [ 40.704600762000155, -2.474736492999966 ], [ 40.685637952000036, -2.488302672999964 ], [ 40.666913204000082, -2.506723974999943 ], [ 40.645843043000127, -2.53291749899995 ], [ 40.608360018000042, -2.558385099999953 ], [ 40.598367163000034, -2.556448990999911 ], [ 40.594022651000103, -2.553553447999946 ], [ 40.572986858000149, -2.549376884999958 ], [ 40.557709818000035, -2.538833841999917 ], [ 40.551833711000086, -2.538458725999874 ], [ 40.538545410000097, -2.533902856999873 ], [ 40.52402488700011, -2.526251762999891 ], [ 40.522981445000084, -2.524045310999952 ], [ 40.521301671, -2.524705203999929 ], [ 40.513779698000178, -2.52095945699989 ], [ 40.512677598000096, -2.521662732999914 ], [ 40.513688264000052, -2.523815245999913 ], [ 40.521752745000015, -2.528999554999871 ], [ 40.518857335000121, -2.530422877999968 ], [ 40.489293666000151, -2.532019925999975 ], [ 40.445563820000189, -2.542735993999941 ], [ 40.385952672000144, -2.567915439999979 ], [ 40.352818200000058, -2.586355 ], [ 40.343704802000047, -2.587688321999963 ], [ 40.339938877000122, -2.593106715999852 ], [ 40.30086829600009, -2.618865144999916 ], [ 40.268745116, -2.644894855999894 ], [ 40.263332043000048, -2.646490477999919 ], [ 40.261369127000194, -2.65169280799995 ], [ 40.239500076000184, -2.673634113999981 ], [ 40.221942213000091, -2.694395262999933 ], [ 40.19789348200004, -2.732437297999979 ], [ 40.192837434000069, -2.734231264999949 ], [ 40.187240285000144, -2.73127588299991 ], [ 40.186456914000075, -2.726765108999928 ], [ 40.179210634000185, -2.715972440999963 ], [ 39.892147071000011, -2.30911257199989 ], [ 39.505451195000035, -2.74822781599994 ], [ 39.219046558000059, -3.069262899999899 ], [ 39.218652099000167, -3.065824787999929 ], [ 39.205697087000146, -3.066254559999948 ], [ 39.197658535000073, -3.061119780999888 ], [ 39.182756429000051, -3.063105167999936 ], [ 39.179802552000183, -3.058213640999952 ], [ 39.176942203000181, -3.057023891999961 ], [ 39.174487099000089, -3.057728148999956 ], [ 39.169786926000143, -3.065462207999929 ], [ 39.16486691800003, -3.065954796999904 ], [ 39.163414012000089, -3.059418432999905 ], [ 39.152930776000062, -3.045077354999933 ], [ 39.150424944000065, -3.044509182999889 ], [ 39.143449308000186, -3.048609707999901 ], [ 39.14105343, -3.041352368999924 ], [ 39.133975072, -3.041160864999881 ], [ 39.134130476000109, -3.035562461999973 ], [ 39.131411535000098, -3.029303926999944 ], [ 39.130754433000106, -3.020790748999957 ], [ 39.128347881000082, -3.019304267999871 ], [ 39.113321289000055, -3.024333226999943 ], [ 39.105058691000124, -3.03595465799998 ], [ 39.089610288000074, -3.043020646999935 ], [ 39.088859067000044, -3.050269465999918 ], [ 39.087116236000156, -3.052966758999901 ], [ 39.08103370800012, -3.051287823999871 ], [ 39.079398625000124, -3.042814550999935 ], [ 39.075652634000051, -3.040864854999938 ], [ 38.623676301000046, -2.412497589999873 ], [ 38.626371395000092, -2.41109900299989 ], [ 38.63151104700006, -2.412211187999958 ], [ 38.633989897, -2.41648012099995 ], [ 38.63763236900013, -2.41546253599995 ], [ 38.643447252000101, -2.417988187999867 ], [ 38.661088797000048, -2.418000141999869 ], [ 38.695171357000106, -2.409659857999827 ], [ 38.703903816000093, -2.404203379999899 ], [ 38.70292588000018, -2.401031271999898 ], [ 38.715542029000176, -2.395269824999957 ], [ 38.715334326000118, -2.39213295199994 ], [ 38.717720043000099, -2.389438011999971 ], [ 38.722490201000085, -2.3884675299999 ], [ 38.723725640000055, -2.384550690999902 ], [ 38.733245669000041, -2.37841850999996 ], [ 38.733919157000116, -2.371758519999901 ], [ 38.738258356000074, -2.364381550999894 ], [ 38.745348670000169, -2.364882189999946 ], [ 38.751804953000146, -2.362852726999961 ], [ 38.753372734000095, -2.360932930999923 ], [ 38.756494149000162, -2.361443096999949 ], [ 38.762110460000088, -2.354792483999915 ], [ 38.770112272000119, -2.35285979299988 ], [ 38.783505757000114, -2.354851721999921 ], [ 38.78816604400015, -2.351000360999933 ], [ 38.78985372600016, -2.342524525999977 ], [ 38.796466403000068, -2.34074211099994 ], [ 38.999584196000114, -1.945804367999926 ], [ 39.013686317000122, -1.915024660999904 ], [ 38.957913467000083, -1.703159117999974 ], [ 38.963716028000135, -1.697562540999968 ], [ 38.972269035000181, -1.692637557999888 ], [ 38.978219416, -1.691893849999929 ], [ 38.979839322000146, -1.688911927999925 ], [ 38.987257006000107, -1.689866426999856 ], [ 38.988755536000156, -1.686076329999878 ], [ 38.99498303200005, -1.684657631999926 ], [ 38.996693414, -1.680341455999837 ], [ 38.999429977000034, -1.678628702999958 ], [ 38.96179246500003, -1.05276304299997 ], [ 38.806358328999977, -0.726329686999975 ], [ 38.677795396000079, -0.510352130999877 ], [ 38.419552872000111, -0.070364839999911 ], [ 38.42670345800002, -0.075514790999875 ], [ 38.432771690000152, -0.076985804999936 ], [ 38.437434076000102, -0.072015637999925 ], [ 38.452910429000099, -0.08514457299998 ], [ 38.45701695300005, -0.086491767999973 ], [ 38.464204462000112, -0.084459203999927 ], [ 38.471500162000154, -0.079304670999932 ], [ 38.48286651900014, -0.076033527999925 ], [ 38.486795438000058, -0.071778782999957 ], [ 38.488576382000133, -0.061647218999894 ], [ 38.491525662000129, -0.05887815899996 ], [ 38.499864574000128, -0.063198842999952 ], [ 38.505831705000105, -0.062862763999931 ], [ 38.510741867000149, -0.059423453999955 ], [ 38.520715720000169, -0.062790395999912 ], [ 38.52576302500006, -0.057217974999901 ], [ 38.530917650000163, -0.054894248999915 ], [ 38.530123289000073, -0.043940493999912 ], [ 38.536062258000186, -0.043261950999977 ], [ 38.540086312000085, -0.04452110699998 ], [ 38.541643138000097, -0.033771674999912 ], [ 38.547513952000031, -0.020954372999881 ], [ 38.553715694000175, -0.017065958999922 ], [ 38.559498790000077, -0.019868752999855 ], [ 38.56322923800019, -0.018613644999903 ], [ 38.568888025000092, -0.019309180999926 ], [ 38.57915118700015, -0.024652900999911 ], [ 38.587210663000178, -0.025780134999934 ], [ 38.592912654000031, -0.031235093999896 ], [ 38.598987575000081, -0.033935758999974 ], [ 38.603447925000182, -0.034019055999863 ], [ 38.607885842000087, -0.029658312999914 ], [ 38.610697273000142, -0.029812087999915 ], [ 38.625444413000139, -0.041350750999925 ], [ 38.634492868000166, -0.052099954999903 ], [ 38.638728170000093, -0.054696511999907 ], [ 38.648423203000164, -0.05373584199998 ], [ 38.651830658999984, -0.048277943999949 ], [ 38.655072203000145, -0.046487080999952 ], [ 38.668445558000087, -0.050706308999963 ], [ 38.676349634000189, -0.055138088999854 ], [ 38.682431212000154, -0.055102369999929 ], [ 38.684668348000173, -0.052394980999907 ], [ 38.685114861000045, -0.043767217999971 ], [ 38.688076402000036, -0.040707761999954 ], [ 38.695811751000178, -0.049947848999921 ], [ 38.71256780900012, -0.062280444999885 ], [ 38.728202501000169, -0.064769916999921 ], [ 38.738157297000157, -0.070848415999876 ], [ 38.743661892000034, -0.070402293999905 ], [ 38.74917505600007, -0.072841279999921 ], [ 38.757730970000068, -0.073439181999902 ], [ 38.766380149000099, -0.068922616999885 ], [ 38.759721446000128, -0.063402713999949 ], [ 38.759809725000025, -0.061323349999952 ], [ 38.764540666000073, -0.055830838999952 ], [ 38.764280789000168, -0.053687353999976 ], [ 38.757906674000083, -0.048943140999938 ], [ 38.751117083000054, -0.046893219999959 ], [ 38.752805715000136, -0.038186982999946 ], [ 38.750369700000135, -0.03606522799987 ], [ 38.748730027000079, -0.029682098999842 ], [ 38.753324511000073, -0.027466683999933 ], [ 38.762537005000127, -0.026026240999954 ], [ 38.780021681000107, -0.027204362999896 ], [ 38.800939549000191, -0.037189285999887 ], [ 38.822256096000103, -0.043566553999881 ], [ 38.834697709000181, -0.049283426999921 ], [ 38.857425693000096, -0.047160844999894 ], [ 38.866733560000114, -0.050943802999939 ], [ 38.882621761000109, -0.051585301999978 ], [ 38.900337176000107, -0.043094865999933 ], [ 38.910903938000104, -0.040189237999925 ], [ 38.916917812000122, -0.039982677999888 ], [ 38.937315948000162, -0.043714035999926 ], [ 38.943183891000103, -0.033812802999933 ], [ 38.94936751500012, -0.027644301999885 ], [ 38.972106939000071, -0.012650863999966 ], [ 38.999515489000032, -0.004987300999915 ], [ 39.02954291400016, -0.001633675999926 ] ] ] } },
{ "type": "Feature", "properties": { "name": "Tharaka-Nithi" }, "geometry": { "type": "Polygon", "coordinates": [ [ [ 37.994892121000134, 0.067719292000106 ], [ 37.998346901000161, 0.066857924000089 ], [ 38.000656128000173, 0.062632612000073 ], [ 38.004171372000087, 0.062651722000055 ], [ 38.004849752000041, 0.064780114000143 ], [ 38.01064300500002, 0.062967606000086 ], [ 38.01424789500004, 0.058843337000155 ], [ 38.0157890320001, 0.060582489000183 ], [ 38.018591563000086, 0.059191165000186 ], [ 38.020536423000067, 0.052695967000091 ], [ 38.023514748000025, 0.052259405000029 ], [ 38.023376465000069, 0.050601887000028 ], [ 38.025898933000065, 0.052472362000174 ], [ 38.030468941000152, 0.045561897000084 ], [ 38.03347778300008, 0.04372336400013 ], [ 38.033616384000084, 0.037543376000031 ], [ 38.044662476000099, 0.024873092000064 ], [ 38.044242859000121, 0.027357593000033 ], [ 38.046739579000075, 0.02820587400015 ], [ 38.049538930000153, 0.025263352000024 ], [ 38.051959992000093, 0.029169541000044 ], [ 38.053376770000114, 0.026640054000097 ], [ 38.058550835000176, 0.024129739000159 ], [ 38.062751770000034, 0.027565865000042 ], [ 38.064790090000145, 0.025534691000018 ], [ 38.067727407000064, 0.026447074000089 ], [ 38.0692087810001, 0.0241650480001 ], [ 38.070005417000061, 0.026616047000175 ], [ 38.071745873000054, 0.025481725000077 ], [ 38.073455266000167, 0.028107913000156 ], [ 38.072543144000178, 0.030433489000188 ], [ 38.074719747000074, 0.030408311000031 ], [ 38.073464711000156, 0.032554170000026 ], [ 38.080086708000124, 0.030401618000099 ], [ 38.081560135000075, 0.028015365000101 ], [ 38.083982468000045, 0.030088141000022 ], [ 38.083763123000097, 0.033374438000067 ], [ 38.088809967000088, 0.042110036000054 ], [ 38.09408664700004, 0.043718102000071 ], [ 38.095455170000037, 0.047857141000122 ], [ 38.100379944000167, 0.04897869600012 ], [ 38.104849497000089, 0.046913221000182 ], [ 38.106498718000182, 0.049727559000132 ], [ 38.109550476000095, 0.050709793000067 ], [ 38.110900878999985, 0.054039629000044 ], [ 38.113739014000089, 0.055276129000049 ], [ 38.119194031000177, 0.04923644500002 ], [ 38.122239431000082, 0.051120796000077 ], [ 38.124561310000047, 0.04987907400016 ], [ 38.127770424, 0.051162593000072 ], [ 38.135616303, 0.048562467000011 ], [ 38.142311096000185, 0.044670112000119 ], [ 38.15396499600007, 0.033332642000175 ], [ 38.157825470000091, 0.031779182000037 ], [ 38.16046142600004, 0.027428797000084 ], [ 38.175567627000191, 0.024317993000068 ], [ 38.182235718000072, 0.018256270000109 ], [ 38.189816793000034, 0.015991971000062 ], [ 38.191417694000052, 0.013864897000076 ], [ 38.206790924000131, 0.017634446000159 ], [ 38.211589813000103, 0.01356899600006 ], [ 38.219799042000147, 0.012385387000052 ], [ 38.222442627000135, 0.009329867000019 ], [ 38.221258164000119, 0.00455039100018 ], [ 38.228729248000093, 0.001932756000031 ], [ 38.230417252000109, -0.009631948999925 ], [ 38.237468720000038, -0.011518698999964 ], [ 38.238129934000028, -0.015646414999821 ], [ 38.241720835000024, -0.017361421999965 ], [ 38.244476319000114, -0.021148885999878 ], [ 38.247710228000074, -0.021560124999894 ], [ 38.249649048000094, -0.017348683999955 ], [ 38.255084992000093, -0.017095703999928 ], [ 38.261363983000138, -0.019213850999847 ], [ 38.264911652000137, -0.018529263999937 ], [ 38.269809723000151, -0.021919220999962 ], [ 38.277004242000032, -0.022366152999894 ], [ 38.278167725000117, -0.024735748999944 ], [ 38.282484055000054, -0.024415307999959 ], [ 38.289213181000093, -0.029458075999969 ], [ 38.29268074100014, -0.037899232999905 ], [ 38.296356201000151, -0.038931863999892 ], [ 38.297801971000183, -0.043355204999955 ], [ 38.302088420000018, -0.045460695999907 ], [ 38.302722931000062, -0.049215947999926 ], [ 38.300032298000076, -0.052910418999943 ], [ 38.309360504000097, -0.055507392999857 ], [ 38.302810669, -0.063210471999923 ], [ 38.300159454000152, -0.071217953999906 ], [ 38.288966179000113, -0.079875558999902 ], [ 38.28713099100014, -0.086941107999905 ], [ 38.28130340600012, -0.085962702999893 ], [ 38.276137352000092, -0.088494542999854 ], [ 38.272603989000061, -0.096146690999888 ], [ 38.261970520000148, -0.094252749999953 ], [ 38.255249024000193, -0.089398651999943 ], [ 38.24738311700014, -0.088135044999945 ], [ 38.243122101000154, -0.091616495999972 ], [ 38.234285355000168, -0.094732313999941 ], [ 38.228736878000177, -0.101059327999963 ], [ 38.221820832000105, -0.104667953999922 ], [ 38.214000702000192, -0.114873844999977 ], [ 38.21176624300017, -0.126359443999945 ], [ 38.207624435000128, -0.127957105999883 ], [ 38.206211090000124, -0.144394620999947 ], [ 38.203601837000178, -0.146167143999946 ], [ 38.19646453900009, -0.146771225999942 ], [ 38.193223, -0.151866230999872 ], [ 38.18760299700017, -0.151850327999909 ], [ 38.186195374000135, -0.153281062999895 ], [ 38.182731629000159, -0.189319624999939 ], [ 38.16339874300013, -0.224102317999893 ], [ 38.163293839000175, -0.234347484999944 ], [ 38.15998967500019, -0.237638423999897 ], [ 38.153903961000083, -0.238963484999942 ], [ 38.151568095000073, -0.241316792999953 ], [ 38.146188736000056, -0.239045753999903 ], [ 38.143112183000142, -0.241162925999845 ], [ 38.139751434000118, -0.244959189999975 ], [ 38.13596153300017, -0.256827711999904 ], [ 38.130136490000041, -0.260257347999925 ], [ 38.12589073200013, -0.267466522999882 ], [ 38.11593914000008, -0.273967310999979 ], [ 38.114967346000128, -0.276498525999898 ], [ 38.105845133, -0.276011724999933 ], [ 38.103456879000134, -0.279914331999976 ], [ 38.090129853, -0.274554758999841 ], [ 38.072542191000025, -0.273621767999828 ], [ 38.046571096000093, -0.276184637999961 ], [ 38.032534281000153, -0.273310769999853 ], [ 38.027989706000085, -0.268639961999895 ], [ 38.02381420100005, -0.266759586999967 ], [ 38.021977425000102, -0.268006294999964 ], [ 37.999121857000148, -0.264728456999933 ], [ 37.99346605900007, -0.273847504999935 ], [ 37.992253622000021, -0.286962965999919 ], [ 37.983911133000163, -0.299087315999827 ], [ 37.982095083000161, -0.307277857999907 ], [ 37.979538918000173, -0.310942030999968 ], [ 37.980110741000146, -0.31347304999997 ], [ 37.985783577000177, -0.318325042999959 ], [ 37.985821088000193, -0.323585929999922 ], [ 37.980162303000156, -0.326191643999891 ], [ 37.971553803000177, -0.344157479999922 ], [ 37.978175354000143, -0.354879730999869 ], [ 37.96771812500009, -0.363473176999946 ], [ 37.973287582000182, -0.368188343999975 ], [ 37.974339803000134, -0.37580946099996 ], [ 37.969470978000061, -0.384426369999971 ], [ 37.969849904000171, -0.397460658999933 ], [ 37.965057373000036, -0.400302871999884 ], [ 37.964656830000024, -0.412070996999887 ], [ 37.961869558000103, -0.412649164999948 ], [ 37.959409714000174, -0.418666570999903 ], [ 37.951891899000145, -0.425789042999895 ], [ 37.947394689000191, -0.424761791999913 ], [ 37.945315043000051, -0.42746760499989 ], [ 37.940258344000085, -0.425170239999943 ], [ 37.937621253000145, -0.427441570999974 ], [ 37.933285951000073, -0.428062269999884 ], [ 37.930751801000156, -0.425648271999819 ], [ 37.926475525, -0.428089320999902 ], [ 37.921947478999982, -0.42477512399995 ], [ 37.920593262000125, -0.421763807999923 ], [ 37.922679138000035, -0.415936242999862 ], [ 37.916173935000131, -0.413308947999894 ], [ 37.909103394000169, -0.414146377999828 ], [ 37.90730094900016, -0.408889918999932 ], [ 37.900950114000068, -0.405838598999878 ], [ 37.90206527700019, -0.399294644999941 ], [ 37.900531769000168, -0.396559520999972 ], [ 37.889804840000181, -0.393182768999907 ], [ 37.889608383000166, -0.389209358999949 ], [ 37.89183044400005, -0.387468953999928 ], [ 37.891213417000074, -0.382995319999964 ], [ 37.896747589000029, -0.378290062999952 ], [ 37.894844055000135, -0.37468494999996 ], [ 37.896658579000132, -0.370179175999965 ], [ 37.891984304000175, -0.368702937999899 ], [ 37.88930257200019, -0.365152706999879 ], [ 37.892620850000128, -0.360367595999946 ], [ 37.89472802500012, -0.352737418999936 ], [ 37.890761566000094, -0.34860260499994 ], [ 37.890471458999968, -0.346192366999901 ], [ 37.886049271000047, -0.342616885999917 ], [ 37.880573400000173, -0.348286596999969 ], [ 37.872935704000099, -0.350463858999831 ], [ 37.873059590000025, -0.356610362999902 ], [ 37.870203399000047, -0.36272716499991 ], [ 37.870825958000125, -0.365944605999971 ], [ 37.864737193000053, -0.369935800999883 ], [ 37.866018677, -0.382975107999869 ], [ 37.855623722000132, -0.389171506999901 ], [ 37.853455544000155, -0.388471297999899 ], [ 37.847804260000089, -0.396839248999925 ], [ 37.847652435000043, -0.399970813999971 ], [ 37.8450698850001, -0.4017223379999 ], [ 37.845221520000109, -0.404114476999951 ], [ 37.841963959000111, -0.403429686999971 ], [ 37.839914322000084, -0.405232130999877 ], [ 37.835408891999975, -0.405472226999962 ], [ 37.833638763000181, -0.404390322999973 ], [ 37.830043793000073, -0.406073200999913 ], [ 37.828823090000071, -0.408849276999945 ], [ 37.826676686000098, -0.409658282999828 ], [ 37.828880309999988, -0.413144200999966 ], [ 37.825235176000035, -0.413683507999963 ], [ 37.822947820000138, -0.416793912999935 ], [ 37.819206238000163, -0.41846022999988 ], [ 37.816250610000054, -0.421677827999929 ], [ 37.814405060000126, -0.428500633999931 ], [ 37.807441711000138, -0.430323063999879 ], [ 37.800976436000155, -0.437860021999938 ], [ 37.788037872000018, -0.443217181999955 ], [ 37.784229279000101, -0.447684466999931 ], [ 37.779594422000059, -0.445914774999949 ], [ 37.769001007000099, -0.44941329999989 ], [ 37.758323670000152, -0.449725478999881 ], [ 37.755205154, -0.447220734999917 ], [ 37.742618560999972, -0.44591167599998 ], [ 37.734853745000066, -0.446821905999968 ], [ 37.731430053999986, -0.451219796999965 ], [ 37.719141007000076, -0.450064926999971 ], [ 37.7140197760001, -0.444165884999961 ], [ 37.703519821000043, -0.442833646999929 ], [ 37.699375153000119, -0.438620626999978 ], [ 37.693448639000053, -0.438433831999873 ], [ 37.689006805000076, -0.432178220999901 ], [ 37.680244446000074, -0.42697775399995 ], [ 37.670425415000068, -0.426201774999868 ], [ 37.665679932000103, -0.422885238999925 ], [ 37.660472870000035, -0.422108053999978 ], [ 37.655544281000175, -0.415043621999814 ], [ 37.645252228000118, -0.40883114899998 ], [ 37.638799668000161, -0.402051552999978 ], [ 37.63698959400017, -0.395129784999881 ], [ 37.630034447000128, -0.389156146999881 ], [ 37.627098083000192, -0.390709310999966 ], [ 37.621482849000074, -0.390229939999927 ], [ 37.61449050900012, -0.388222515999928 ], [ 37.612030029000096, -0.384634822999885 ], [ 37.600200653000115, -0.384182660999954 ], [ 37.58580398600003, -0.373900264999975 ], [ 37.584390641000084, -0.370096995999972 ], [ 37.579139710000049, -0.371041699999978 ], [ 37.567516645000126, -0.363537159999964 ], [ 37.564111710000077, -0.365604444999974 ], [ 37.560989380000194, -0.365454807999924 ], [ 37.551048278999986, -0.359287559999927 ], [ 37.500793456999986, -0.315867810999919 ], [ 37.49892807000009, -0.312590002999968 ], [ 37.307811737000122, -0.149574070999961 ], [ 37.397998810000047, -0.161609008999903 ], [ 37.579922676000137, -0.180133952999938 ], [ 37.589043935000177, -0.183404454999902 ], [ 37.592135111000118, -0.189145291999978 ], [ 37.601310730000193, -0.193816437999942 ], [ 37.613212585000042, -0.193865288999973 ], [ 37.616168976000154, -0.198380752999867 ], [ 37.620304108000028, -0.199854939999966 ], [ 37.624581337000166, -0.204768433999902 ], [ 37.638671875000171, -0.207270464999965 ], [ 37.640581131000033, -0.211343183999816 ], [ 37.645298004000153, -0.213340684999878 ], [ 37.652654648000066, -0.212641528999939 ], [ 37.656337738000161, -0.209156996999923 ], [ 37.663608551000038, -0.208058371999812 ], [ 37.666782379000097, -0.205805651999924 ], [ 37.683176041000081, -0.20747137799998 ], [ 37.688415527000188, -0.203519507999943 ], [ 37.693180084000119, -0.204535558999908 ], [ 37.707954407000159, -0.201824157999908 ], [ 37.722339630000135, -0.202687970999818 ], [ 37.723701477000134, -0.200971438999886 ], [ 37.730821610000135, -0.199155218999977 ], [ 37.736381531000177, -0.19261021899996 ], [ 37.74339294400005, -0.188324436999949 ], [ 37.746471405000079, -0.188811689999909 ], [ 37.75258382200019, -0.18297583899988 ], [ 37.755560875000072, -0.173191155999973 ], [ 37.758345922, -0.170647588999884 ], [ 37.764997864000065, -0.157874464999963 ], [ 37.768436432000044, -0.15567589799997 ], [ 37.772827149000136, -0.158958956999925 ], [ 37.77757453900017, -0.159150667999882 ], [ 37.790594101000067, -0.167577377999976 ], [ 37.792934418000186, -0.174116252999852 ], [ 37.797093709000137, -0.176038205999873 ], [ 37.79479370100006, -0.187663259999852 ], [ 37.805091858000139, -0.182521998999903 ], [ 37.870243073000154, -0.128742381999928 ], [ 37.909986496000045, -0.088137633999963 ], [ 37.932642619000148, -0.062227873999916 ], [ 37.936912537000126, -0.055361562999963 ], [ 37.935991287000093, -0.048207853999941 ], [ 37.937603951000085, -0.042484841999908 ], [ 37.93594519300018, -0.036506558999974 ], [ 37.925389290000112, -0.033209664999958 ], [ 37.922530173999974, -0.027305109999816 ], [ 37.925561905000109, -0.016732626999897 ], [ 37.928657532000159, -0.012256984999965 ], [ 37.926530838000076, -0.009308625999893 ], [ 37.929461479000167, -0.004668220999974 ], [ 37.935264588000109, -0.002116631999911 ], [ 37.934202576000132, 0.000565036000012 ], [ 37.929080964000036, 0.003686158000164 ], [ 37.925798416000021, 0.001663557000029 ], [ 37.895957311000188, -0.00438220999996 ], [ 37.890280151000127, 0.000947994000114 ], [ 37.88702981300014, 0.001998002000107 ], [ 37.889156342000149, 0.009343755000089 ], [ 37.888415200000111, 0.01154906000005 ], [ 37.910499573000152, 0.01659352900009 ], [ 37.915245056000117, 0.022960925000064 ], [ 37.922388077000051, 0.02738471400005 ], [ 37.925178528000117, 0.032833968000091 ], [ 37.952020645000118, 0.053855917000135 ], [ 37.954064369000093, 0.051614211000128 ], [ 37.956257820000133, 0.052464790000045 ], [ 37.957999230000155, 0.051316115000134 ], [ 37.960212707999972, 0.053450504000068 ], [ 37.969379425000056, 0.056014154000081 ], [ 37.971797943000126, 0.050362197000084 ], [ 37.975382805000095, 0.049944857000185 ], [ 37.974699021000163, 0.047750847000032 ], [ 37.980986277000113, 0.043756318000021 ], [ 37.986232758000142, 0.044182062000061 ], [ 37.98206090900004, 0.066587150999965 ], [ 37.986351776000049, 0.065372092000075 ], [ 37.994892121000134, 0.067719292000106 ] ] ] } },
{ "type": "Feature", "properties": { "name": "Trans Nzoia" }, "geometry": { "type": "Polygon", "coordinates": [ [ [ 34.906925201000035, 1.283823490000032 ], [ 34.905071259000124, 1.252435088000141 ], [ 34.939041138000164, 1.253647923000017 ], [ 34.969696045000035, 1.248559237000165 ], [ 34.994024277000165, 1.259239555000136 ], [ 35.012603760000047, 1.255875945000184 ], [ 35.025447846000191, 1.234154900000021 ], [ 35.043550492000179, 1.216475726000056 ], [ 35.036056519000169, 1.205042064000111 ], [ 35.042829514, 1.196006835000105 ], [ 35.046459834000188, 1.195288161000178 ], [ 35.061515808000024, 1.18181085599997 ], [ 35.07390022300018, 1.178541899000152 ], [ 35.080001831000175, 1.174394608000114 ], [ 35.084457397000051, 1.168980956000155 ], [ 35.087970734000066, 1.183583975000033 ], [ 35.116352081000116, 1.188575863999972 ], [ 35.119992937000063, 1.188576102000184 ], [ 35.125174522000066, 1.185084814000163 ], [ 35.151618894000137, 1.200574562000156 ], [ 35.160694497000122, 1.180453254000099 ], [ 35.17816736900005, 1.156194538000022 ], [ 35.202065732000051, 1.118242256000087 ], [ 35.217688378000048, 1.116852686000072 ], [ 35.242126400000188, 1.075319216000082 ], [ 35.271071693000181, 1.063620749 ], [ 35.312980033000031, 1.037974415000065 ], [ 35.361972396000112, 1.020667115000151 ], [ 35.362117763000185, 1.011066029000119 ], [ 35.343471649000151, 1.005972131000021 ], [ 35.343887070000164, 1.001553147000152 ], [ 35.352322843000081, 0.98079596600013 ], [ 35.339776993000157, 0.974741698000173 ], [ 35.337431197000058, 0.969718944000078 ], [ 35.346134069000186, 0.967806306000057 ], [ 35.340373323000108, 0.964424566000048 ], [ 35.343860582000104, 0.948961941000107 ], [ 35.359651262999989, 0.945917085000019 ], [ 35.34891510000017, 0.922272325000165 ], [ 35.33446693500008, 0.929858327000034 ], [ 35.329822540000123, 0.93480199600009 ], [ 35.305228424, 0.892176389999975 ], [ 35.302984238000136, 0.894572317999973 ], [ 35.302736282000069, 0.898686832000067 ], [ 35.298815728000193, 0.899804682000024 ], [ 35.295747375000076, 0.904942465000147 ], [ 35.292955399000164, 0.916065454000034 ], [ 35.284535216999984, 0.921609640000099 ], [ 35.278419495000094, 0.922638834000168 ], [ 35.273077012000101, 0.929844350000053 ], [ 35.270166779000078, 0.936883926 ], [ 35.262187958000084, 0.936976672000071 ], [ 35.260238648000097, 0.939499661000184 ], [ 35.252426624000123, 0.942136280000113 ], [ 35.246420860000057, 0.939541549000126 ], [ 35.24407482200013, 0.934570879000034 ], [ 35.238815308000142, 0.933802962000186 ], [ 35.235013962000039, 0.931229636000069 ], [ 35.233789444000138, 0.927944571000126 ], [ 35.228877068000145, 0.92354764300012 ], [ 35.222311974000149, 0.921168462000026 ], [ 35.207866669000168, 0.924177825000072 ], [ 35.199134827000137, 0.923929095000062 ], [ 35.196333567000124, 0.926416298000106 ], [ 35.190538134000178, 0.927312527000083 ], [ 35.172568003000038, 0.921482056000059 ], [ 35.166130066000164, 0.92418017000017 ], [ 35.154962540000042, 0.919357240000068 ], [ 35.152431806000095, 0.920731639000053 ], [ 35.143779754999969, 0.919538538000154 ], [ 35.140300115000059, 0.922373688000107 ], [ 35.134538015000032, 0.920552443000133 ], [ 35.128212738000116, 0.921422672000119 ], [ 35.12712669400014, 0.914826289000075 ], [ 35.120358277000093, 0.912923479000028 ], [ 35.120838166000112, 0.910971963000065 ], [ 35.11639567800006, 0.90832683900004 ], [ 35.117150625000079, 0.900377591000108 ], [ 35.11362629000007, 0.893698342000164 ], [ 35.117691676000163, 0.887365431000092 ], [ 35.113724617000116, 0.882973972000116 ], [ 35.108982607000144, 0.881227756000044 ], [ 35.108119076000037, 0.878099850000069 ], [ 35.104782604000036, 0.876067076000083 ], [ 35.10097790400016, 0.87572125700018 ], [ 35.09809574600007, 0.877941681000038 ], [ 35.098571864000064, 0.879349428000069 ], [ 35.093639394000149, 0.880326125000124 ], [ 35.09269973, 0.882302628000161 ], [ 35.088686831000075, 0.882558821000146 ], [ 35.087976806000029, 0.881272222000177 ], [ 35.086254985000096, 0.882265172000075 ], [ 35.087130662, 0.883912782000152 ], [ 35.08504024500013, 0.884268557000041 ], [ 35.08366130100012, 0.887978184000076 ], [ 35.081190233000086, 0.889381576000062 ], [ 35.082128291000117, 0.895030450999968 ], [ 35.074854954000045, 0.900004061000118 ], [ 35.072815559000162, 0.900253756000041 ], [ 35.068882968000082, 0.897444728000153 ], [ 35.066807213, 0.899085839000122 ], [ 35.061248536000107, 0.898447602000033 ], [ 35.05150831900005, 0.90339314900001 ], [ 35.047757722000142, 0.900302859000135 ], [ 35.046508729000095, 0.902767162000032 ], [ 35.040978257000063, 0.902545878000183 ], [ 35.039395759000058, 0.899159444000134 ], [ 35.032421180000028, 0.897219935000123 ], [ 35.032098579000035, 0.895027365999965 ], [ 35.029297371000098, 0.895485357000155 ], [ 35.028083603000027, 0.897384459000079 ], [ 35.024166163000075, 0.89679825800016 ], [ 35.019104207000112, 0.890648113000111 ], [ 35.018852651000088, 0.88769806800002 ], [ 34.985305728000071, 0.880859096999984 ], [ 34.987919360000149, 0.886391830000093 ], [ 34.965783291000093, 0.879775012000096 ], [ 34.966759049000188, 0.874883376000014 ], [ 34.950870007000049, 0.871067819000075 ], [ 34.942449959000044, 0.871314405000021 ], [ 34.933603281000103, 0.854746072000069 ], [ 34.931639686000096, 0.854272926000021 ], [ 34.928971119000153, 0.856224574 ], [ 34.925796223000191, 0.855463426000085 ], [ 34.919506231000071, 0.849690642000098 ], [ 34.914330894000045, 0.848448564000023 ], [ 34.870614232000094, 0.826300570000171 ], [ 34.809090189000187, 0.807500812000058 ], [ 34.811311367000087, 0.815099879000059 ], [ 34.810423428999968, 0.827036769000074 ], [ 34.805287375000091, 0.839976617000104 ], [ 34.804874353000059, 0.845641344000114 ], [ 34.799448612999981, 0.849559375000183 ], [ 34.795529173999967, 0.85887612800002 ], [ 34.795603652000125, 0.870508274000031 ], [ 34.793062170000155, 0.873543764000033 ], [ 34.789482893000184, 0.884561611000095 ], [ 34.790109916000119, 0.886940091000099 ], [ 34.78668278400005, 0.891015443000128 ], [ 34.792425031000107, 0.897377029000154 ], [ 34.793885305000117, 0.90203450600012 ], [ 34.798817690000135, 0.903628304000051 ], [ 34.800705453000091, 0.906506499000045 ], [ 34.797639523000043, 0.915764074000151 ], [ 34.785257132000083, 0.92595912500002 ], [ 34.777697904000036, 0.926219924000179 ], [ 34.766743999000141, 0.923579774000075 ], [ 34.73927146800014, 0.940107045000161 ], [ 34.656329208000045, 1.052829878000068 ], [ 34.651127948000124, 1.056890944000145 ], [ 34.661765517, 1.083589713000038 ], [ 34.652597679000166, 1.084292033000054 ], [ 34.641552084000068, 1.090570012 ], [ 34.63202340800018, 1.09342829600007 ], [ 34.616324670000154, 1.105143167000108 ], [ 34.609134168000082, 1.111792441000148 ], [ 34.579758520000155, 1.150184714000147 ], [ 34.611334483000178, 1.159144759000128 ], [ 34.619843805000073, 1.166797431000077 ], [ 34.636968613000192, 1.172190845000102 ], [ 34.64168748100019, 1.17628234200015 ], [ 34.648332596000103, 1.1790074110001 ], [ 34.663261414000033, 1.192411662000097 ], [ 34.669610013000181, 1.207834147000142 ], [ 34.70121001300015, 1.21583414700018 ], [ 34.71026420600009, 1.21537733100007 ], [ 34.743110013000035, 1.220934147000094 ], [ 34.749300003000087, 1.220030606000023 ], [ 34.759210013000086, 1.221334147000164 ], [ 34.768424988000049, 1.218750517000103 ], [ 34.774464003999981, 1.222844802000168 ], [ 34.778666497000188, 1.222190559000126 ], [ 34.782310013000028, 1.223934146999966 ], [ 34.79418754600016, 1.222185806000027 ], [ 34.80548604300003, 1.231527050000182 ], [ 34.806910013000106, 1.235434147000092 ], [ 34.811044693000042, 1.239772916000163 ], [ 34.811720431000026, 1.244552790000057 ], [ 34.81789493600013, 1.251031682000189 ], [ 34.818010013000105, 1.25783414700004 ], [ 34.819981833000043, 1.262267652000105 ], [ 34.906925201000035, 1.283823490000032 ] ] ] } },
{ "type": "Feature", "properties": { "name": "Turkana" }, "geometry": { "type": "Polygon", "coordinates": [ [ [ 35.632690430000139, 5.374511719000111 ], [ 35.638122559000067, 5.375488281000059 ], [ 35.644287109000118, 5.38171386700003 ], [ 35.656921387000125, 5.382324219000054 ], [ 35.668884277000132, 5.387512207000157 ], [ 35.673522949000073, 5.386291504000155 ], [ 35.683898926000154, 5.388305664000029 ], [ 35.7058715820001, 5.383483887000125 ], [ 35.718078613000159, 5.384521484000061 ], [ 35.723327637000125, 5.382080078000058 ], [ 35.726684570000145, 5.378479004000155 ], [ 35.723876953000115, 5.371887206999986 ], [ 35.725524902000132, 5.369689941000104 ], [ 35.74188232400013, 5.373291016000053 ], [ 35.753112793000071, 5.370910645000038 ], [ 35.762329102000137, 5.365905762000068 ], [ 35.76190185500019, 5.36047363300014 ], [ 35.763122559000124, 5.358886719000111 ], [ 35.774108887000182, 5.358093262000068 ], [ 35.787292480000019, 5.347900391000053 ], [ 35.794128418000071, 5.348083496000186 ], [ 35.800292969000054, 5.343688965000126 ], [ 35.804321289000086, 5.344116211000141 ], [ 35.815124512000182, 5.340515137000068 ], [ 35.826477051000097, 5.345886230000133 ], [ 35.832092285000158, 5.34509277300009 ], [ 35.836914062000062, 5.340881348000096 ], [ 35.837707520000151, 5.332702637000068 ], [ 35.84509277300009, 5.323913574000187 ], [ 35.845703125000114, 5.307678223000039 ], [ 35.853515625000114, 5.295288086000141 ], [ 35.850524902000188, 5.287109375000114 ], [ 35.842285156, 5.277709961000085 ], [ 35.835510254000098, 5.24432373000019 ], [ 35.840087891000053, 5.230285645000151 ], [ 35.848876953000172, 5.216674805000025 ], [ 35.851074219000054, 5.203674316000047 ], [ 35.854675293000128, 5.194519043000071 ], [ 35.855102539000143, 5.188903809000124 ], [ 35.852111816000047, 5.178894043000071 ], [ 35.855712891, 5.160888672000056 ], [ 35.851074219000054, 5.121093750000057 ], [ 35.843322754000098, 5.078674316000161 ], [ 35.841308594000054, 5.048095703000058 ], [ 35.841674805000082, 5.016296387000068 ], [ 35.837097168000128, 4.988708496000186 ], [ 35.835083008000083, 4.937683105000076 ], [ 35.842712402000188, 4.932128906000173 ], [ 35.860107422000112, 4.927673340000069 ], [ 35.873474121000186, 4.919921875000114 ], [ 35.885681152000075, 4.905883789000143 ], [ 35.896301270000038, 4.888305664000086 ], [ 35.903503418000128, 4.853881836000085 ], [ 35.910095215000126, 4.809875488000159 ], [ 35.915100098000039, 4.738708496000015 ], [ 35.921691895000038, 4.694885254000155 ], [ 35.921508788999972, 4.643127441000047 ], [ 35.922302246000186, 4.641113281 ], [ 35.949890137000125, 4.628479004000155 ], [ 35.947509766000053, 4.624328612999989 ], [ 35.939880371000015, 4.592285156 ], [ 35.939697266000053, 4.584472656 ], [ 35.942077637000125, 4.581115722999982 ], [ 35.963073730000133, 4.576477051000097 ], [ 35.963684082000043, 4.564880371000129 ], [ 35.942871094000111, 4.547302246000129 ], [ 35.998474121000072, 4.497924805000139 ], [ 36.05047607400013, 4.455078125000057 ], [ 36.049640656000122, 4.056281805000026 ], [ 36.051643372000058, 3.239017725000053 ], [ 36.071886063000136, 3.226485014000048 ], [ 36.084959984000136, 3.225597322000169 ], [ 36.100576782000189, 3.220580292000022 ], [ 36.110837936000109, 3.22081136700001 ], [ 36.119657517000178, 3.213937640000154 ], [ 36.128448486000025, 3.210881352000058 ], [ 36.140672684000037, 3.209253192000176 ], [ 36.142268658000091, 3.212232619000019 ], [ 36.14008903500013, 3.216907740000067 ], [ 36.144995689000041, 3.223399579000102 ], [ 36.148461024000142, 3.221833507000042 ], [ 36.151018574000034, 3.216804578000051 ], [ 36.152020772000185, 3.211482763000163 ], [ 36.150548935000131, 3.19099283200012 ], [ 36.13843345600003, 3.152109027000108 ], [ 36.139247894000107, 3.148880482000038 ], [ 36.145273209000095, 3.14326238600006 ], [ 36.149435042999983, 3.134674311000083 ], [ 36.152231216000189, 3.116247654000063 ], [ 36.149518967000176, 3.095028758000126 ], [ 36.152639389000115, 3.090808272000174 ], [ 36.152639389000115, 3.085806727000147 ], [ 36.151676178000059, 3.080500365000034 ], [ 36.148328781000146, 3.075112105000073 ], [ 36.141736984000147, 3.073458791000064 ], [ 36.140253703000099, 3.070906321000052 ], [ 36.139297484999986, 3.062091827000131 ], [ 36.142225266000025, 3.055500031000065 ], [ 36.140859604000013, 3.037456155000143 ], [ 36.136568069000134, 3.02858005000013 ], [ 36.13629891700009, 3.013857101000099 ], [ 36.13161064000019, 3.010021771000027 ], [ 36.127298355000164, 3.002517104 ], [ 36.123860930999967, 2.981172609000112 ], [ 36.12594318400005, 2.980167687000062 ], [ 36.129772186000139, 2.981168151000077 ], [ 36.130059281000172, 2.975347611000075 ], [ 36.137285868000106, 2.980444590000161 ], [ 36.135996819000127, 2.973613620000037 ], [ 36.133328597000173, 2.969527741000093 ], [ 36.13478851300016, 2.968273560000171 ], [ 36.140367508000168, 2.970533073000126 ], [ 36.165454864000083, 2.967650771000024 ], [ 36.170796966000125, 2.969151735000082 ], [ 36.179832458000021, 2.96731821700007 ], [ 36.192451477000077, 2.969245275000162 ], [ 36.201257706000149, 2.963071108000122 ], [ 36.216991425000174, 2.959969282000145 ], [ 36.223061879000056, 2.956053655000062 ], [ 36.224780628000076, 2.956604409000022 ], [ 36.225168705000158, 2.959208846000081 ], [ 36.234323501000176, 2.958267331000116 ], [ 36.246709824000163, 2.950558722000096 ], [ 36.254518509000093, 2.955057144000136 ], [ 36.255655289000174, 2.959265351000056 ], [ 36.254854202000047, 2.96646583100005 ], [ 36.258095318000187, 2.960277673000178 ], [ 36.261630376000085, 2.934580386000164 ], [ 36.266412735000131, 2.924113870000156 ], [ 36.269433340000035, 2.910020749000182 ], [ 36.282823563000136, 2.892458796000028 ], [ 36.291264852000154, 2.888642152000102 ], [ 36.29978815700008, 2.888448794999988 ], [ 36.322521210000161, 2.874658227000111 ], [ 36.345391273000132, 2.863938987000097 ], [ 36.359365463000131, 2.861863375000155 ], [ 36.363932133000162, 2.858600706000118 ], [ 36.366863251000041, 2.852856994000035 ], [ 36.383062998000071, 2.835577885000077 ], [ 36.38702964800018, 2.827822447000187 ], [ 36.387819926000191, 2.818949381000039 ], [ 36.396007538000106, 2.800654729000144 ], [ 36.413410187000011, 2.769401789000085 ], [ 36.418710708000106, 2.763497829000073 ], [ 36.421857198000055, 2.745845080000095 ], [ 36.421267509000188, 2.736703753000029 ], [ 36.429723739000167, 2.718260884000017 ], [ 36.431999842000096, 2.714978397000152 ], [ 36.439245224000047, 2.711679936000166 ], [ 36.447294235000186, 2.705492377000041 ], [ 36.438279788000102, 2.69178634900004 ], [ 36.434032916999968, 2.680074632000071 ], [ 36.436080933000142, 2.670498610000038 ], [ 36.434432983000079, 2.653833548000136 ], [ 36.438022137000189, 2.643658310000035 ], [ 36.438025157000084, 2.634503921000146 ], [ 36.441816966000033, 2.630209445999981 ], [ 36.442433039000093, 2.626524210000071 ], [ 36.454111099000045, 2.612156510000034 ], [ 36.463294983000139, 2.609710931999984 ], [ 36.472658158000115, 2.609517275999963 ], [ 36.475183487000038, 2.600260675000129 ], [ 36.494050979000122, 2.575446129000056 ], [ 36.51507568400018, 2.560253143000125 ], [ 36.524288178, 2.533013701000186 ], [ 36.524762153999973, 2.526741743000116 ], [ 36.530065537000098, 2.522756159000039 ], [ 36.53108596800007, 2.500064850000058 ], [ 36.528093338000076, 2.493267536000019 ], [ 36.527324676000092, 2.485194802000024 ], [ 36.529461169000058, 2.47351601400004 ], [ 36.52483291600015, 2.459002733000091 ], [ 36.524492900000098, 2.446192344000053 ], [ 36.532026927000061, 2.432215929000108 ], [ 36.53894729600006, 2.407633543000088 ], [ 36.5421361920001, 2.404333293000036 ], [ 36.548055649000048, 2.403044760000114 ], [ 36.552698408000026, 2.398773193000068 ], [ 36.560644785000193, 2.396650156000021 ], [ 36.566577148000135, 2.400146103000168 ], [ 36.568524933000106, 2.404795742000033 ], [ 36.575739860000112, 2.404030919000093 ], [ 36.579172810000102, 2.40681040100003 ], [ 36.585761976000128, 2.407024908000096 ], [ 36.593170777000068, 2.413112980000051 ], [ 36.602436066000053, 2.405573726000114 ], [ 36.601409380000064, 2.405183985000122 ], [ 36.601297078000187, 2.36082650700007 ], [ 36.724673104000146, 2.302038079000113 ], [ 36.722264085000063, 2.287105911000083 ], [ 36.723684822999985, 2.277052133999973 ], [ 36.722746006000023, 2.274355563000086 ], [ 36.715896192000116, 2.26802908000019 ], [ 36.707837906000066, 2.26331708400005 ], [ 36.708102840000095, 2.260666643000036 ], [ 36.713952010000185, 2.254484368000021 ], [ 36.714426668000044, 2.248080022000011 ], [ 36.71008300799997, 2.240112305000082 ], [ 36.712500106000164, 2.230490960000054 ], [ 36.711486816000161, 2.224121094000054 ], [ 36.704088680000154, 2.221615911000185 ], [ 36.700500488000102, 2.217712402000075 ], [ 36.703043223000066, 2.203056478000121 ], [ 36.701197528000023, 2.199146881000047 ], [ 36.681497176, 2.193275237000023 ], [ 36.670837117000019, 2.186870891000012 ], [ 36.658825155000045, 2.174889446000179 ], [ 36.648678719000031, 2.169140276000178 ], [ 36.636525203000019, 2.164229387000034 ], [ 36.620529598000189, 2.161475579000069 ], [ 36.611268342000074, 2.156918198000028 ], [ 36.612475797000059, 2.162652134000155 ], [ 36.609486434000075, 2.161717132000092 ], [ 36.600285499000051, 2.154240977000086 ], [ 36.595380854000041, 2.146722291000117 ], [ 36.589698739000028, 2.146931878000089 ], [ 36.587407519000124, 2.145028953000121 ], [ 36.583949569000026, 2.137290618000179 ], [ 36.583575797000037, 2.128452133999986 ], [ 36.580682137000053, 2.12186967100007 ], [ 36.564857196000105, 2.10443295400006 ], [ 36.564828084, 2.099833343000057 ], [ 36.567631893000112, 2.0924907160001 ], [ 36.56608843600003, 2.081083928000112 ], [ 36.569061428000168, 2.057966107000027 ], [ 36.556274413999972, 2.048522949000073 ], [ 36.55603355300002, 2.042929925000067 ], [ 36.551827840000158, 2.034690569000134 ], [ 36.549926758000026, 2.031677246000072 ], [ 36.547790527000132, 2.032470703000115 ], [ 36.54632568400018, 2.031311035000101 ], [ 36.547178698000039, 2.025538235000113 ], [ 36.544833258000153, 2.023970783999971 ], [ 36.544815230000097, 2.021732560000089 ], [ 36.547259476000136, 2.017612420000034 ], [ 36.547485352000024, 2.00408935500019 ], [ 36.545104980000076, 2.007873535000101 ], [ 36.543273926000097, 2.008117676000154 ], [ 36.541503906000173, 2.007507324000073 ], [ 36.540229500000066, 2.00363763900009 ], [ 36.545471191000104, 2.000122070000089 ], [ 36.546604194000111, 1.995816391000119 ], [ 36.541028158000074, 1.977925613000025 ], [ 36.535838569000134, 1.968729402000065 ], [ 36.532104492000144, 1.95727539100011 ], [ 36.532470703000172, 1.954284668000184 ], [ 36.534301758000083, 1.953674316000161 ], [ 36.536951034000083, 1.954732024000066 ], [ 36.539672852000024, 1.960876465000183 ], [ 36.54132080100004, 1.96032714800009 ], [ 36.539844967000136, 1.940112641999974 ], [ 36.542052680000097, 1.924276557000042 ], [ 36.537554414000056, 1.907701292000013 ], [ 36.538696289000143, 1.903198242000144 ], [ 36.532523250000168, 1.899877239000034 ], [ 36.528777808000086, 1.892709775000128 ], [ 36.52545269400008, 1.890285979000168 ], [ 36.524789071000157, 1.886613372000113 ], [ 36.521118164000086, 1.885498047000112 ], [ 36.5203247070001, 1.882507324000017 ], [ 36.515680916000179, 1.879484368000021 ], [ 36.515127879000147, 1.876699616000167 ], [ 36.516598932000136, 1.851972948000139 ], [ 36.519181452999987, 1.848689885000169 ], [ 36.52288818400018, 1.852722168000128 ], [ 36.52486562200005, 1.846883029000082 ], [ 36.521852157000183, 1.837266204000059 ], [ 36.524291991999974, 1.83340454100005 ], [ 36.522094727000024, 1.830688477000024 ], [ 36.516719026000089, 1.832189901000106 ], [ 36.514742635000061, 1.831083928000169 ], [ 36.515539364000176, 1.82322767800008 ], [ 36.524439869000048, 1.812145239000188 ], [ 36.534729004000042, 1.807128906000173 ], [ 36.526409194, 1.796142925000026 ], [ 36.522521972999982, 1.793273926000097 ], [ 36.524936607000143, 1.791032909000023 ], [ 36.522881991000133, 1.78611195600007 ], [ 36.516214473, 1.781742035000093 ], [ 36.519231453000032, 1.775118792000171 ], [ 36.518920898000033, 1.7722778320001 ], [ 36.512977108000086, 1.775282415000106 ], [ 36.511718750000114, 1.773071289000143 ], [ 36.512971493000066, 1.768590774000074 ], [ 36.518676758000083, 1.764526367000144 ], [ 36.519287109000061, 1.756896972999982 ], [ 36.522712496000054, 1.758447413000056 ], [ 36.525056912000025, 1.764103878000071 ], [ 36.526489258000083, 1.764099121000129 ], [ 36.527635300000043, 1.757501012000148 ], [ 36.522277832000157, 1.74969482400013 ], [ 36.520737036000185, 1.742651800000033 ], [ 36.515952987000048, 1.742563958000062 ], [ 36.509874283000158, 1.734241974000042 ], [ 36.508601912000131, 1.725074895000148 ], [ 36.503112793000071, 1.718505859000174 ], [ 36.504516602000137, 1.714111328000115 ], [ 36.503732695000053, 1.711605034 ], [ 36.499528598999973, 1.707415461000039 ], [ 36.48758179500004, 1.705187200000125 ], [ 36.486083984, 1.683471679999968 ], [ 36.48142217100002, 1.679895670000064 ], [ 36.477430362000064, 1.66760584900004 ], [ 36.470432960000039, 1.657259037000188 ], [ 36.469187557000112, 1.637290618000065 ], [ 36.464721680000139, 1.625488281000116 ], [ 36.462783211000101, 1.614818596000021 ], [ 36.455139792000125, 1.614786800000104 ], [ 36.44744278200011, 1.618774309000059 ], [ 36.444688973000098, 1.618441204000135 ], [ 36.441238718000136, 1.615022124000177 ], [ 36.43722049400003, 1.602071195 ], [ 36.433269218000135, 1.597022418 ], [ 36.43242564500008, 1.589311203000136 ], [ 36.428501815000118, 1.582677385000125 ], [ 36.426513672, 1.57312011700003 ], [ 36.420281942000088, 1.570423870000127 ], [ 36.413360251000142, 1.562294265000105 ], [ 36.397727462000148, 1.52808648600012 ], [ 36.394039901000156, 1.525673968000149 ], [ 36.390080409000063, 1.525096042000143 ], [ 36.375748534000081, 1.543294498000023 ], [ 36.372497559000124, 1.570678710999971 ], [ 36.375953610000181, 1.575107365000122 ], [ 36.377075496000089, 1.586086370000032 ], [ 36.371093750000057, 1.596313477000081 ], [ 36.358931258000041, 1.587074651000023 ], [ 36.357116699000073, 1.571105956999986 ], [ 36.345520020000038, 1.571472168000184 ], [ 36.344594685000118, 1.574827626000172 ], [ 36.334646297000177, 1.569435588999966 ], [ 36.316525818000059, 1.552521315000092 ], [ 36.30492346300008, 1.544254070000022 ], [ 36.301519046000067, 1.53649772600005 ], [ 36.300981112000102, 1.514872356000126 ], [ 36.298278809000067, 1.509704590000069 ], [ 36.29907226600011, 1.505920410000158 ], [ 36.296917393000058, 1.500118825000186 ], [ 36.299991492000117, 1.491343226000026 ], [ 36.289099666000084, 1.469467278000081 ], [ 36.290451571000119, 1.465261565 ], [ 36.321048370000142, 1.471941869000091 ], [ 36.325851319000094, 1.468429444000037 ], [ 36.347232918000032, 1.441873333000046 ], [ 36.355905813000049, 1.437444521000032 ], [ 36.367675781000116, 1.438476563000165 ], [ 36.374904936000064, 1.442170540000177 ], [ 36.380310059000124, 1.441528319999975 ], [ 36.386015625000027, 1.445669322000128 ], [ 36.392360517999975, 1.445346210000025 ], [ 36.396394240000177, 1.44182129700016 ], [ 36.401532528000018, 1.433320354000159 ], [ 36.40906337399997, 1.428461923000043 ], [ 36.419994242000087, 1.416763399000047 ], [ 36.427490234000174, 1.415283203000115 ], [ 36.428283691, 1.40850830100004 ], [ 36.43762141000019, 1.411730913000042 ], [ 36.441585496000073, 1.410729232 ], [ 36.447433622000062, 1.412334177000048 ], [ 36.449521568000137, 1.410913379000078 ], [ 36.45532226600011, 1.398315429999968 ], [ 36.46209639000017, 1.403078116000074 ], [ 36.466918945000145, 1.398681641000167 ], [ 36.465862205000121, 1.38377780400009 ], [ 36.460251671000037, 1.37156785600007 ], [ 36.442991368000037, 1.363056356000129 ], [ 36.433979365000027, 1.352854168000135 ], [ 36.425564494000184, 1.349465630000054 ], [ 36.422480575000179, 1.346474358000023 ], [ 36.421081543000071, 1.334716797000169 ], [ 36.412662460000092, 1.329716774000076 ], [ 36.403930664000029, 1.317321777000132 ], [ 36.396118164000029, 1.318481445000145 ], [ 36.39322316200014, 1.313203878000024 ], [ 36.396480086000167, 1.308511907000025 ], [ 36.403076172000056, 1.308105469000168 ], [ 36.406127930000139, 1.299682617000087 ], [ 36.415100098000153, 1.29907226600011 ], [ 36.421091731000047, 1.295842688000107 ], [ 36.426031112000032, 1.300030999000171 ], [ 36.436093888000073, 1.303809382000054 ], [ 36.438043075000166, 1.300877727000056 ], [ 36.436706543000071, 1.291320801000154 ], [ 36.440286312000012, 1.287492329000088 ], [ 36.444547420000163, 1.278164153000091 ], [ 36.450606767000124, 1.271670896000103 ], [ 36.453399091000108, 1.257709337000165 ], [ 36.451093319000108, 1.253515569000115 ], [ 36.447573089000116, 1.252194887000087 ], [ 36.430421408000029, 1.266817415000048 ], [ 36.423889160000101, 1.267089844000111 ], [ 36.416953874000058, 1.274791607000111 ], [ 36.409255009000105, 1.278754220000167 ], [ 36.405065198000102, 1.274274773000172 ], [ 36.39803035500006, 1.276527508000129 ], [ 36.394864963000032, 1.269882296999981 ], [ 36.391728659000194, 1.270176460000073 ], [ 36.388754965000032, 1.265945124000098 ], [ 36.389099121000072, 1.263488770000095 ], [ 36.396917166000094, 1.255397630000118 ], [ 36.404536393000171, 1.252509466000049 ], [ 36.409430330000134, 1.259264739000059 ], [ 36.41207856200009, 1.260026923000055 ], [ 36.414387261000059, 1.255253146000086 ], [ 36.415137948000051, 1.246214495000117 ], [ 36.420962761000169, 1.238977778999981 ], [ 36.421492293000142, 1.235634954000091 ], [ 36.416675797000039, 1.227352134000057 ], [ 36.411926270000095, 1.232299805000082 ], [ 36.406142944000123, 1.230262465000123 ], [ 36.395342389000064, 1.221053844000153 ], [ 36.397326815000156, 1.207818938 ], [ 36.396485240000061, 1.194534184000076 ], [ 36.38891601600011, 1.187927246000129 ], [ 36.3916165280001, 1.175825627000108 ], [ 36.394946445000187, 1.173248778000129 ], [ 36.398204433000103, 1.173661856000024 ], [ 36.419921875000057, 1.18688964800009 ], [ 36.432824313000026, 1.178931220000095 ], [ 36.438043075000166, 1.178581536000138 ], [ 36.442631893000055, 1.175222552000037 ], [ 36.440945545000147, 1.163453437000157 ], [ 36.435197713000093, 1.151884319000033 ], [ 36.43497564300003, 1.148938958000087 ], [ 36.436706543000071, 1.146728516 ], [ 36.43383539000007, 1.139736648000053 ], [ 36.439958361000151, 1.133004522000078 ], [ 36.444551611000065, 1.115892950000045 ], [ 36.444407868000155, 1.111550936000128 ], [ 36.440119574000107, 1.101197416000048 ], [ 36.438889803000052, 1.090052134000189 ], [ 36.439215924000109, 1.085107817000051 ], [ 36.443788964000134, 1.073490111000183 ], [ 36.44254034, 1.061629339000092 ], [ 36.444780526000102, 1.056163273999971 ], [ 36.442661398999974, 1.04282205100003 ], [ 36.453191951000179, 1.01828134100009 ], [ 36.450635367000189, 1.0009244580001 ], [ 36.445849325000154, 0.983627874000149 ], [ 36.431273513000122, 0.951690178000149 ], [ 36.419102108000175, 0.93527743400017 ], [ 36.393939614000089, 0.912393913000074 ], [ 36.393707275000168, 0.921203612999989 ], [ 36.387084961000028, 0.928710937000119 ], [ 36.388671875000057, 0.932128906000059 ], [ 36.388193012000158, 0.940731521000146 ], [ 36.390203588000077, 0.941795858000035 ], [ 36.389205619000165, 0.94880795500012 ], [ 36.384376571000132, 0.951636663000045 ], [ 36.384185791000164, 0.954864502000078 ], [ 36.375610352000024, 0.95727539100011 ], [ 36.370246492000092, 0.955911858000036 ], [ 36.366006408000089, 0.958968307000077 ], [ 36.364074707000043, 0.964294434000124 ], [ 36.351747282000133, 0.966980747000093 ], [ 36.34805368300016, 0.974517031000119 ], [ 36.346390823000092, 0.98655680100012 ], [ 36.342929416000118, 0.99019628800005 ], [ 36.342285156000116, 0.994110107000154 ], [ 36.317321777000075, 0.991516113000102 ], [ 36.173277303000077, 1.17123890900001 ], [ 36.097290039000086, 1.16931152300009 ], [ 35.795040389000121, 1.641082708000113 ], [ 35.781700134000062, 1.664295196000126 ], [ 35.77192306500018, 1.666091740000127 ], [ 35.762876510000126, 1.670113146000119 ], [ 35.759040831999982, 1.673850218000098 ], [ 35.738563538000164, 1.679049055000064 ], [ 35.725259145000052, 1.688998044000186 ], [ 35.719549020000045, 1.690650647000041 ], [ 35.71791839600013, 1.693855578000125 ], [ 35.701674144000037, 1.707235396000158 ], [ 35.68899822200018, 1.713631123000084 ], [ 35.679186140000127, 1.72144229100013 ], [ 35.67349624600007, 1.723253826000189 ], [ 35.669188817000133, 1.731197475999977 ], [ 35.658006396000076, 1.733755810000105 ], [ 35.648343768000132, 1.742156335000175 ], [ 35.641422817000091, 1.742542607000189 ], [ 35.638115819000063, 1.745325144000105 ], [ 35.62881024700016, 1.747005304000027 ], [ 35.619856153, 1.750742197000022 ], [ 35.608643850000192, 1.751283765000096 ], [ 35.607327325000085, 1.753403894000087 ], [ 35.603818893000039, 1.754566173000057 ], [ 35.598311900999988, 1.76265689700017 ], [ 35.593236651000041, 1.76439305700012 ], [ 35.586155653000162, 1.760652170000128 ], [ 35.582146690000172, 1.760114289000114 ], [ 35.574549103000095, 1.762726250000128 ], [ 35.569451904000175, 1.762358451000182 ], [ 35.567146209999976, 1.760046170000066 ], [ 35.561902046000057, 1.763248399000076 ], [ 35.559468587000083, 1.762346745000059 ], [ 35.549353790000112, 1.766491890000111 ], [ 35.545516332000034, 1.764550825000185 ], [ 35.537590790000081, 1.765840936000075 ], [ 35.532372951000127, 1.763774812 ], [ 35.528153229, 1.76424133800009 ], [ 35.515954018000059, 1.770282804999965 ], [ 35.50339794100006, 1.767034113000136 ], [ 35.499856740999974, 1.768320303000166 ], [ 35.498109272000079, 1.767191128999968 ], [ 35.498154958000157, 1.769683162000035 ], [ 35.496119908000139, 1.769174457000133 ], [ 35.494912581000165, 1.770531383000105 ], [ 35.497191959000133, 1.776112583000042 ], [ 35.49173879600005, 1.78061449300003 ], [ 35.492696381000144, 1.782868397000016 ], [ 35.490152359000149, 1.782247454000071 ], [ 35.487665994000054, 1.786653146999981 ], [ 35.485663096000053, 1.787364145000026 ], [ 35.485617744000024, 1.791489813000169 ], [ 35.482592106000141, 1.792794749000109 ], [ 35.482685089000086, 1.797476560000177 ], [ 35.475862715000176, 1.800408787000038 ], [ 35.474296570000149, 1.804609915000185 ], [ 35.470911843000124, 1.804673518000016 ], [ 35.474162292000074, 1.807152550000183 ], [ 35.474979400000166, 1.811081866 ], [ 35.477425575000154, 1.813266725000062 ], [ 35.47344843500008, 1.814156731000139 ], [ 35.47257766700011, 1.817425633000084 ], [ 35.47682603200019, 1.822687149000046 ], [ 35.474677722000081, 1.82492816600012 ], [ 35.476541693, 1.82662133700012 ], [ 35.474287669000034, 1.829493086000127 ], [ 35.472898483000051, 1.837497860000042 ], [ 35.469001897000055, 1.839828269000066 ], [ 35.467546781000067, 1.843265067 ], [ 35.461338043000069, 1.841494938000039 ], [ 35.457007408000152, 1.847636312000134 ], [ 35.453344172000072, 1.846216722000065 ], [ 35.451812744000051, 1.85128784200009 ], [ 35.369415283000194, 1.930275441000049 ], [ 35.374275207000153, 1.93579526700006 ], [ 35.374967575000028, 1.942808986000159 ], [ 35.377490997000109, 1.946873546 ], [ 35.381554604000144, 1.949728966 ], [ 35.386900829000126, 1.950827147000041 ], [ 35.391336060000185, 1.954860711000151 ], [ 35.389246941000067, 1.961097538999979 ], [ 35.393684387000064, 1.964873493000141 ], [ 35.343265533000135, 2.167423248000034 ], [ 35.311834335000128, 2.280207872000176 ], [ 35.307291031000091, 2.326702952000119 ], [ 35.303100586000028, 2.399074077000137 ], [ 35.297523499000135, 2.420642019000127 ], [ 35.291711807000127, 2.428517222999972 ], [ 35.272212982000156, 2.437429071000167 ], [ 35.250478109000142, 2.43979819599997 ], [ 35.24564416100003, 2.445381602000111 ], [ 35.232281276000037, 2.447117533000096 ], [ 35.228780111000162, 2.450051308000127 ], [ 35.223332805000155, 2.459098298000129 ], [ 35.22108713800003, 2.466442584999982 ], [ 35.220478058000083, 2.478653986999973 ], [ 35.215454102000081, 2.496263822000174 ], [ 35.212882996000133, 2.542492628000105 ], [ 35.186870575, 2.571516275000022 ], [ 35.185844421000184, 2.578922153000121 ], [ 35.178459168000131, 2.598057628 ], [ 35.166841507000129, 2.61669456900006 ], [ 35.157470703000172, 2.628444433000084 ], [ 35.131702423000092, 2.645117998000046 ], [ 35.112628937000068, 2.652656197000169 ], [ 35.108102798000118, 2.647885084 ], [ 35.096138000999986, 2.645504594000045 ], [ 35.092313767000121, 2.641445518000126 ], [ 35.081123352000191, 2.635423064000065 ], [ 35.074245453000117, 2.624446392000095 ], [ 35.065425873000152, 2.620865464000133 ], [ 35.059495926000011, 2.606847167000126 ], [ 35.059831619000192, 2.599308968000173 ], [ 35.056524277000108, 2.58724379500012 ], [ 35.058315277000133, 2.573672891000115 ], [ 35.055507660000103, 2.563703418000046 ], [ 35.03865051300005, 2.533906698000067 ], [ 35.019699097000171, 2.509043813 ], [ 35.015657425000029, 2.497721553000076 ], [ 35.020465851000154, 2.483680248000098 ], [ 35.019313812000178, 2.470818520000137 ], [ 35.021835327000133, 2.464494705000106 ], [ 35.019325256000059, 2.456733465000127 ], [ 35.022853851000036, 2.442851782000048 ], [ 35.025623321000069, 2.43989300700008 ], [ 35.025562287000128, 2.432598511000151 ], [ 34.970230102000073, 2.444276333000062 ], [ 34.952026367000144, 2.455008745000043 ], [ 34.945224915000153, 2.454653266000037 ], [ 34.953125000000171, 2.458923340000013 ], [ 34.952087402000132, 2.462585449000073 ], [ 34.954284668000184, 2.469421387000068 ], [ 34.953674316000161, 2.473327637000182 ], [ 34.947875977000081, 2.473083496000129 ], [ 34.937683105000133, 2.497314453000115 ], [ 34.932312012000125, 2.514892578000172 ], [ 34.912902831999986, 2.51507568400001 ], [ 34.904479980000133, 2.547302246000186 ], [ 34.897277832000043, 2.585510254000098 ], [ 34.893493652000075, 2.590881348000096 ], [ 34.879882813000052, 2.587097168000128 ], [ 34.878723145000038, 2.570678711000141 ], [ 34.867919922000112, 2.568725586000085 ], [ 34.852722168000128, 2.581481934000067 ], [ 34.837890625000171, 2.602111816000104 ], [ 34.829895020000038, 2.619323730000076 ], [ 34.798706055000025, 2.653320313000052 ], [ 34.789489746000129, 2.68188476600011 ], [ 34.775085449000187, 2.696289062000176 ], [ 34.783874512000068, 2.740478516000167 ], [ 34.784118652000188, 2.747680664000086 ], [ 34.781494141, 2.766479492000144 ], [ 34.774475098000039, 2.797302246000129 ], [ 34.766479491999974, 2.820129395000151 ], [ 34.76007080100004, 2.82647705100004 ], [ 34.74969482400013, 2.823486328000172 ], [ 34.7371215820001, 2.852111816000047 ], [ 34.732299805000025, 2.855712891 ], [ 34.712097168000071, 2.86267089800009 ], [ 34.70867919900013, 2.871276855000076 ], [ 34.702270508000026, 2.875122070000032 ], [ 34.692321777000132, 2.859924316000047 ], [ 34.669677734000174, 2.861328125000114 ], [ 34.653686522999976, 2.86468505900001 ], [ 34.640319824000073, 2.904724121000129 ], [ 34.599487305000139, 2.922912598000039 ], [ 34.588928223000096, 2.978881836000028 ], [ 34.588928223000096, 3.000305176000154 ], [ 34.576110840000126, 3.021911621000015 ], [ 34.574096680000082, 3.053527832000043 ], [ 34.576477051000154, 3.080078125000057 ], [ 34.573486328000058, 3.100708008000026 ], [ 34.559509277000075, 3.112670898000033 ], [ 34.54632568400001, 3.136901855000019 ], [ 34.537109375000171, 3.143310547000056 ], [ 34.511474609000118, 3.15069580100004 ], [ 34.494079590000126, 3.142700194999975 ], [ 34.489685059000067, 3.15570068400018 ], [ 34.484130859, 3.16571044900013 ], [ 34.471679687000119, 3.173889160000158 ], [ 34.460510254000098, 3.175903320000032 ], [ 34.455078125000114, 3.184082031 ], [ 34.457275391000053, 3.202697754000098 ], [ 34.451904297000056, 3.228881836000141 ], [ 34.448120117000144, 3.282897949000017 ], [ 34.427124023000033, 3.345275878999985 ], [ 34.413330078000115, 3.362487793000014 ], [ 34.401672362999989, 3.371520996000015 ], [ 34.400085449000187, 3.378295898000147 ], [ 34.401489258000026, 3.415710449000073 ], [ 34.410888672000056, 3.418090820000145 ], [ 34.418701172000056, 3.433715820000145 ], [ 34.417297363000159, 3.451904297000056 ], [ 34.405883789000143, 3.469726562000176 ], [ 34.391723633000026, 3.483093262000182 ], [ 34.389099121000129, 3.493286133000026 ], [ 34.391479492000144, 3.494873047000056 ], [ 34.396484375000114, 3.489501953000115 ], [ 34.423889160000158, 3.492126465000013 ], [ 34.434509277000188, 3.498901367000144 ], [ 34.451110840000069, 3.520080566000047 ], [ 34.45648193400001, 3.580322266 ], [ 34.453674316000047, 3.612304687000119 ], [ 34.463928222999982, 3.669921875000171 ], [ 34.455078125000114, 3.677307129000155 ], [ 34.422485352000024, 3.689086914000029 ], [ 34.404479980000076, 3.693298340000126 ], [ 34.400878906000173, 3.706298828000058 ], [ 34.378295898000033, 3.731689453000058 ], [ 34.370727539000086, 3.735473633000026 ], [ 34.354492187, 3.736511230000133 ], [ 34.324890137000182, 3.728088379000042 ], [ 34.317687988000159, 3.721496582000043 ], [ 34.306274414000086, 3.686706543000184 ], [ 34.302673340000183, 3.686706543000184 ], [ 34.305114746000072, 3.690673828000058 ], [ 34.308105469000168, 3.71307373000019 ], [ 34.283081055000139, 3.733093262000125 ], [ 34.267089844000168, 3.749084473000153 ], [ 34.259704590000126, 3.766296387000182 ], [ 34.24609375, 3.785278319999975 ], [ 34.232299805000082, 3.781921387000125 ], [ 34.228271484000118, 3.774291992000087 ], [ 34.226074219000111, 3.774719238000102 ], [ 34.227294922000169, 3.78289794900013 ], [ 34.220703125000171, 3.784484863000159 ], [ 34.190490723000096, 3.7722778320001 ], [ 34.172485352000024, 3.767883300999983 ], [ 34.165283203, 3.776672363000159 ], [ 34.191284180000082, 3.782714844000168 ], [ 34.188903809000067, 3.791870117000144 ], [ 34.189697266000053, 3.79510498000019 ], [ 34.175476074000073, 3.800903320000145 ], [ 34.170471191000104, 3.801330566000161 ], [ 34.162719727000024, 3.797485352000137 ], [ 34.159118652000018, 3.802124022999976 ], [ 34.153076172000112, 3.800903320000145 ], [ 34.152893066000104, 3.807678222999982 ], [ 34.164123535000158, 3.811706543000071 ], [ 34.169921875000114, 3.821716309000124 ], [ 34.180297852000024, 3.83172607400013 ], [ 34.217102051000097, 3.832275391 ], [ 34.225524902000075, 3.8308715820001 ], [ 34.225891113000102, 3.850708008000026 ], [ 34.215881348000096, 3.881530762000182 ], [ 34.201477051000154, 3.883483887000068 ], [ 34.176086426000097, 3.88031005900018 ], [ 34.16931152300009, 3.876281738000046 ], [ 34.168090820000089, 3.871093750000114 ], [ 34.149475098000096, 3.870117188000108 ], [ 34.127685547000112, 3.87249755900018 ], [ 34.108520508000026, 3.868896484 ], [ 34.092895508000083, 3.861694336000085 ], [ 34.088073730000076, 3.86267089800009 ], [ 34.090881348000039, 3.885681152000018 ], [ 34.11468505900001, 3.897521972999982 ], [ 34.119079590000126, 3.903076172000112 ], [ 34.129089355000076, 3.935119629000098 ], [ 34.134887695000032, 3.961120605000076 ], [ 34.1043090820001, 3.978698730000133 ], [ 34.079895020000151, 4.004516602000024 ], [ 34.06072998000019, 4.010070801000154 ], [ 34.058471680000025, 4.028686523000147 ], [ 34.088928223000153, 4.038330078 ], [ 34.091674805000025, 4.047485352000081 ], [ 34.09210205100004, 4.069519043000184 ], [ 34.080688477000024, 4.086303711000028 ], [ 34.0632934570001, 4.094299316000161 ], [ 34.049926758000026, 4.121704102000137 ], [ 34.06610107400013, 4.14288330100004 ], [ 34.047821045000148, 4.178894043000071 ], [ 34.038696289000086, 4.187683105000076 ], [ 33.992126465000183, 4.223693848000039 ], [ 34.472900391000053, 4.692077637000125 ], [ 34.594909668000184, 4.794128418000184 ], [ 34.701721191000161, 4.8875122070001 ], [ 34.883483887000125, 5.042480469000111 ], [ 35.12530517600004, 5.243103027000188 ], [ 35.265930176000097, 5.413513184000067 ], [ 35.605895996000186, 5.414123535000044 ], [ 35.61047363300014, 5.408325195000089 ], [ 35.614501953000058, 5.39868164100011 ], [ 35.622680664000029, 5.390319824000017 ], [ 35.630126953, 5.376281738000102 ], [ 35.632690430000139, 5.374511719000111 ] ] ] } },
{ "type": "Feature", "properties": { "name": "Uasin Gishu" }, "geometry": { "type": "Polygon", "coordinates": [ [ [ 35.420438308000087, 0.939628709000033 ], [ 35.414593275000072, 0.915863411000089 ], [ 35.415975383000045, 0.909348670000099 ], [ 35.468603561000123, 0.902005920000079 ], [ 35.465520969000124, 0.899251072000027 ], [ 35.462848205000171, 0.889264606000154 ], [ 35.458403396000165, 0.88396004100008 ], [ 35.456153870000037, 0.87829476600001 ], [ 35.488383037000119, 0.87784960200014 ], [ 35.487938715000098, 0.870010628999978 ], [ 35.490264326000101, 0.867650037000089 ], [ 35.491352081000116, 0.856160855000155 ], [ 35.493067169000085, 0.855145967000055 ], [ 35.482621371000164, 0.825048090000109 ], [ 35.493297577000135, 0.824266121000164 ], [ 35.49924594800018, 0.820057593000115 ], [ 35.501790075000088, 0.776857705999987 ], [ 35.502328872000191, 0.774786592000055 ], [ 35.505054474000076, 0.775252313000124 ], [ 35.507479145000048, 0.767548371000089 ], [ 35.50095877900003, 0.76079177500003 ], [ 35.497584362000168, 0.750643313000069 ], [ 35.494675451000091, 0.753379055000096 ], [ 35.490909577000082, 0.751264692 ], [ 35.491560167999978, 0.748875876000113 ], [ 35.497250124000061, 0.748086934000185 ], [ 35.493584637000083, 0.728420356000129 ], [ 35.498736027000177, 0.716075041000124 ], [ 35.504771636000157, 0.712971061000189 ], [ 35.504955292000034, 0.703761041 ], [ 35.440056139000092, 0.705019829999969 ], [ 35.417493392000097, 0.704650642000161 ], [ 35.411673997000094, 0.702835588000084 ], [ 35.413042098000062, 0.697795345999964 ], [ 35.423577984000133, 0.679448283000113 ], [ 35.460415712000042, 0.624971346000052 ], [ 35.481161621000183, 0.59055031500003 ], [ 35.47515706500019, 0.554856525000048 ], [ 35.463301849, 0.507202011000061 ], [ 35.461611751000191, 0.456119730000069 ], [ 35.467491150000171, 0.455819905000055 ], [ 35.470223843000042, 0.450971984000148 ], [ 35.472680274000027, 0.449702460000083 ], [ 35.476250766000192, 0.426340993999986 ], [ 35.480600321999987, 0.421013163000168 ], [ 35.482075797000164, 0.409852134000118 ], [ 35.481191442000068, 0.405565644000035 ], [ 35.487190247000171, 0.405330478999986 ], [ 35.479579926000156, 0.393516362000128 ], [ 35.479328156000065, 0.389585227 ], [ 35.484893799000076, 0.38698980200013 ], [ 35.488075256000116, 0.381340176000037 ], [ 35.481302179000068, 0.380805821000138 ], [ 35.478972626000143, 0.383276993000152 ], [ 35.470516205000081, 0.379132956000035 ], [ 35.468778392000104, 0.370109099000047 ], [ 35.47391270300011, 0.364318991000061 ], [ 35.480774797000151, 0.360051068000189 ], [ 35.482662918000131, 0.35193944800011 ], [ 35.487990094, 0.351220957000123 ], [ 35.496375797000098, 0.344952134000039 ], [ 35.502987476000101, 0.335992081000029 ], [ 35.506793976000154, 0.326757416000021 ], [ 35.511967654000102, 0.325533157000109 ], [ 35.513608933000114, 0.323598489000062 ], [ 35.509498596000071, 0.315387279000106 ], [ 35.495729828000037, 0.315002000000106 ], [ 35.495163391000176, 0.313849408000181 ], [ 35.504167760000087, 0.294870415000048 ], [ 35.499225334000073, 0.290970184000173 ], [ 35.500286727000059, 0.288758130000133 ], [ 35.499417796000159, 0.278774448000092 ], [ 35.490971297000044, 0.264145685000187 ], [ 35.494617462000178, 0.258359402000053 ], [ 35.485821380000175, 0.250548353000113 ], [ 35.496341746000041, 0.231957991000058 ], [ 35.50520941100001, 0.225757977000114 ], [ 35.512324664000175, 0.22891546600016 ], [ 35.526847306000036, 0.230799870999988 ], [ 35.530939330000081, 0.22863434900006 ], [ 35.534503937000011, 0.229934037000135 ], [ 35.54017206900005, 0.225855013000114 ], [ 35.537150108000048, 0.22306786900009 ], [ 35.534761937000042, 0.223342404000164 ], [ 35.530676796000193, 0.220947680999984 ], [ 35.520610470000065, 0.204429646000108 ], [ 35.519659541000124, 0.198028966000038 ], [ 35.512694014000147, 0.189525304000085 ], [ 35.555083828000079, 0.190867744000116 ], [ 35.567863909000152, 0.198961964000148 ], [ 35.56876491800017, 0.187012524000181 ], [ 35.574594549000153, 0.185756187000038 ], [ 35.578039849000106, 0.180266430000131 ], [ 35.588071294000088, 0.170541873000104 ], [ 35.589995604000194, 0.154970443000138 ], [ 35.590579368000135, 0.148854780000079 ], [ 35.575398974000166, 0.115668289000041 ], [ 35.573660475000111, 0.066313455000056 ], [ 35.541627936000168, 0.08934788800002 ], [ 35.539889316000028, 0.07959655500008 ], [ 35.545416889000023, 0.071932051999966 ], [ 35.539076895000051, 0.06394328500005 ], [ 35.539323062000051, 0.060731794 ], [ 35.546498015000168, 0.057668503000116 ], [ 35.542987629000152, 0.042849159000184 ], [ 35.535686742000109, 0.040111978000084 ], [ 35.525959777000082, 0.039044735000175 ], [ 35.522920966000072, 0.015837419000036 ], [ 35.516593932999967, 0.015622959999973 ], [ 35.51397492100017, 0.008911581000064 ], [ 35.498654657000031, 0.010334914000168 ], [ 35.497754099000076, 0.01263389200011 ], [ 35.493539551000083, 0.015266472000178 ], [ 35.48062042700019, 0.015919803000145 ], [ 35.457771301000037, 0.010578523000163 ], [ 35.457912535000162, 0.014182832000188 ], [ 35.47103497300003, 0.020363453000073 ], [ 35.466289592000066, 0.027888496000173 ], [ 35.425468445000149, 0.027324975 ], [ 35.404117584000062, 0.028947417000154 ], [ 35.390235900999983, 0.03672165800009 ], [ 35.369049072000166, 0.043239407000158 ], [ 35.347387314000059, 0.061786739000183 ], [ 35.349734306000073, 0.065600580000137 ], [ 35.359296587000131, 0.065432912000119 ], [ 35.362148285000046, 0.072471602000064 ], [ 35.364268780000089, 0.074004273000128 ], [ 35.368962288000091, 0.072198495000123 ], [ 35.371576945000186, 0.072912522000138 ], [ 35.387008667000146, 0.114788643999987 ], [ 35.384262085000103, 0.117145460000131 ], [ 35.380407333000164, 0.117805336 ], [ 35.378320058000043, 0.115815202000022 ], [ 35.375751495000088, 0.117686867999964 ], [ 35.369685173000107, 0.128196821000131 ], [ 35.356437683000024, 0.131254464000108 ], [ 35.334196727000119, 0.143059125000093 ], [ 35.335664113, 0.14389451400001 ], [ 35.335933685000157, 0.159631148000187 ], [ 35.34229278600003, 0.171609148000016 ], [ 35.340967178000142, 0.194758862000185 ], [ 35.347292900000014, 0.19444151600004 ], [ 35.354110718000129, 0.191275910000115 ], [ 35.361965179000151, 0.191341653000165 ], [ 35.365550995000035, 0.187328652000019 ], [ 35.366121292000059, 0.199993148000033 ], [ 35.357969920000073, 0.210625661 ], [ 35.356956482000044, 0.215404801000034 ], [ 35.341959000000145, 0.206987411000057 ], [ 35.334077835000073, 0.216707207000127 ], [ 35.331838608000169, 0.221876942000051 ], [ 35.326052348000132, 0.227247317000035 ], [ 35.322029114000145, 0.228940964000117 ], [ 35.311866760000044, 0.219270486000028 ], [ 35.306475503000115, 0.223979120000081 ], [ 35.298802694000187, 0.226181560000043 ], [ 35.289713649000191, 0.233163610000076 ], [ 35.228172899000015, 0.322911067 ], [ 35.194033152000145, 0.381603966 ], [ 35.176834741999983, 0.420900420000123 ], [ 35.170768453000164, 0.425660247000053 ], [ 35.150203507000185, 0.457109624000111 ], [ 35.141987448000123, 0.473339542000076 ], [ 35.152611628000045, 0.487650116000168 ], [ 35.159739696000088, 0.506544397000027 ], [ 35.16627776100006, 0.546956254000179 ], [ 35.156459234000067, 0.539676055000086 ], [ 35.144681295000169, 0.539789140000096 ], [ 35.141506194999977, 0.53725190200015 ], [ 35.137175797000168, 0.537652134000041 ], [ 35.134340929000075, 0.543034574000046 ], [ 35.129386139000133, 0.543365157000153 ], [ 35.125768317000109, 0.546376583999972 ], [ 35.116291682000167, 0.546964556000148 ], [ 35.114629364000109, 0.549040890000185 ], [ 35.10939387500008, 0.550142756000014 ], [ 35.105073734000143, 0.556184708999979 ], [ 35.099573513000053, 0.54056075 ], [ 35.044617691000099, 0.563082222000048 ], [ 34.852139774000079, 0.547814196000104 ], [ 34.897472298000139, 0.601236564000033 ], [ 34.890778577000049, 0.607946082000069 ], [ 34.898951103000172, 0.606187975000125 ], [ 34.908129072000065, 0.597156424000104 ], [ 34.920464116000176, 0.592697984000154 ], [ 34.935601358000099, 0.60475579000007 ], [ 34.943497714000102, 0.608736594000106 ], [ 34.953298828000186, 0.609180471000116 ], [ 34.957805871000119, 0.611565653000127 ], [ 34.962942570000166, 0.610231704000171 ], [ 34.965835082000012, 0.611170608 ], [ 34.96843316900015, 0.614509999 ], [ 34.970834403000026, 0.615069237000114 ], [ 34.976871513000049, 0.625136782000084 ], [ 34.98155033400019, 0.628410282000061 ], [ 34.994082738000088, 0.631015715000046 ], [ 35.000391342000171, 0.639165634000165 ], [ 35.027268995000156, 0.614421380000067 ], [ 35.031567393000159, 0.618018880000022 ], [ 35.035184382000011, 0.628783463000104 ], [ 35.040625551000176, 0.632964581000181 ], [ 35.039615105000053, 0.641178977000038 ], [ 35.052477465000095, 0.636838587000113 ], [ 35.05376545900009, 0.632968762000075 ], [ 35.058067317000052, 0.632174763000023 ], [ 35.06278095100015, 0.634206813000105 ], [ 35.068372621000037, 0.632786390000092 ], [ 35.069529984000155, 0.630012214999965 ], [ 35.083618703000127, 0.631727386000023 ], [ 35.086148109000135, 0.630339761000073 ], [ 35.091602620000174, 0.635668401000089 ], [ 35.096314654000139, 0.637839162000034 ], [ 35.103791354000066, 0.64776604400015 ], [ 35.11073272200008, 0.643594466000138 ], [ 35.115988512000115, 0.642435148000118 ], [ 35.117641449000189, 0.650263953000149 ], [ 35.119592571000169, 0.650128659000131 ], [ 35.125006358000178, 0.655327499000066 ], [ 35.133909226000185, 0.656199724000032 ], [ 35.141307503000064, 0.661978364000163 ], [ 35.147846222000112, 0.660372853000069 ], [ 35.15489578200004, 0.66267344400012 ], [ 35.15153816000003, 0.669180156000039 ], [ 35.155020719000163, 0.675822149000112 ], [ 35.155378964000022, 0.741432709000037 ], [ 35.144416057000058, 0.740929894999965 ], [ 35.144796658000189, 0.828453301000025 ], [ 35.137680128000056, 0.830731448000108 ], [ 35.128996761000053, 0.830754373000161 ], [ 35.125877834000164, 0.829245418000085 ], [ 35.12525501500005, 0.821110089000115 ], [ 35.116180212000188, 0.852275060000068 ], [ 35.113530153, 0.883806550999964 ], [ 35.117691676000163, 0.887365431000092 ], [ 35.115363439000191, 0.889462789000106 ], [ 35.113667145000136, 0.894822238000074 ], [ 35.117150625000079, 0.900377591000108 ], [ 35.11639567800006, 0.90832683900004 ], [ 35.120838166000112, 0.910971963000065 ], [ 35.120358277000093, 0.912923479000028 ], [ 35.12712669400014, 0.914826289000075 ], [ 35.128212738000116, 0.921422672000119 ], [ 35.134538015000032, 0.920552443000133 ], [ 35.140300115000059, 0.922373688000107 ], [ 35.143779754999969, 0.919538538000154 ], [ 35.152431806000095, 0.920731639000053 ], [ 35.154962540000042, 0.919357240000068 ], [ 35.166130066000164, 0.92418017000017 ], [ 35.172568003000038, 0.921482056000059 ], [ 35.190538134000178, 0.927312527000083 ], [ 35.196333567000124, 0.926416298000106 ], [ 35.199134827000137, 0.923929095000062 ], [ 35.207866669000168, 0.924177825000072 ], [ 35.222311974000149, 0.921168462000026 ], [ 35.228877068000145, 0.92354764300012 ], [ 35.233789444000138, 0.927944571000126 ], [ 35.235013962000039, 0.931229636000069 ], [ 35.238815308000142, 0.933802962000186 ], [ 35.24407482200013, 0.934570879000034 ], [ 35.246420860000057, 0.939541549000126 ], [ 35.252426624000123, 0.942136280000113 ], [ 35.260238648000097, 0.939499661000184 ], [ 35.262187958000084, 0.936976672000071 ], [ 35.270166779000078, 0.936883926 ], [ 35.273077012000101, 0.929844350000053 ], [ 35.278419495000094, 0.922638834000168 ], [ 35.284535216999984, 0.921609640000099 ], [ 35.292955399000164, 0.916065454000034 ], [ 35.295747375000076, 0.904942465000147 ], [ 35.298815728000193, 0.899804682000024 ], [ 35.302736282000069, 0.898686832000067 ], [ 35.302984238000136, 0.894572317999973 ], [ 35.305228424, 0.892176389999975 ], [ 35.329822540000123, 0.93480199600009 ], [ 35.33446693500008, 0.929858327000034 ], [ 35.34891510000017, 0.922272325000165 ], [ 35.359651262999989, 0.945917085000019 ], [ 35.377606586000184, 0.938216697000087 ], [ 35.381149292000032, 0.939683199000115 ], [ 35.385577232000117, 0.946050864000028 ], [ 35.420438308000087, 0.939628709000033 ] ] ] } },
{ "type": "Feature", "properties": { "name": "Vihiga" }, "geometry": { "type": "Polygon", "coordinates": [ [ [ 34.896323582000093, 0.206185624999989 ], [ 34.903301403000057, 0.197577450000153 ], [ 34.906832593, 0.197588369000073 ], [ 34.908299217000035, 0.195838751999986 ], [ 34.918272058000184, 0.2012803020001 ], [ 34.925667599, 0.200349541000094 ], [ 34.920875797000065, 0.181752134000135 ], [ 34.916099358000167, 0.173513347000096 ], [ 34.920322535000082, 0.170245349000083 ], [ 34.920082459000128, 0.16878489100003 ], [ 34.914036009000085, 0.156339974 ], [ 34.901486924000096, 0.153828130000022 ], [ 34.884325669000134, 0.144784389 ], [ 34.881586099000117, 0.1384318100001 ], [ 34.873260063000089, 0.134077556000079 ], [ 34.864234242000123, 0.123831310000185 ], [ 34.859550002000162, 0.121419107000179 ], [ 34.856916731000183, 0.109529136000049 ], [ 34.859161047000043, 0.103925747000119 ], [ 34.857335717000183, 0.094772562000117 ], [ 34.859633386000155, 0.084107367000115 ], [ 34.855294678000178, 0.080273055000077 ], [ 34.853310825000051, 0.074616105000132 ], [ 34.848869722000018, 0.07069135900008 ], [ 34.846837057000187, 0.065448049000054 ], [ 34.849289117000183, 0.060561682000127 ], [ 34.839642848000096, 0.047077966000018 ], [ 34.837164293000114, 0.033987671000091 ], [ 34.828766082000016, 0.031087109000055 ], [ 34.825353276000101, 0.03174830100005 ], [ 34.822728724, 0.034922604000087 ], [ 34.817102901000055, 0.03416702800007 ], [ 34.809312498000168, 0.029370463000134 ], [ 34.809528331000024, 0.023952965000092 ], [ 34.805598614000189, 0.022562227000094 ], [ 34.798478666000108, 0.025816721000069 ], [ 34.798126478000142, 0.023914759000093 ], [ 34.789763945000175, 0.019940945000144 ], [ 34.785874462000152, 0.013665394000043 ], [ 34.781353743000125, 0.012754643000051 ], [ 34.778344037000124, 0.007110519000094 ], [ 34.762999353000055, -0.000558837999961 ], [ 34.759752875000061, 0.004499404000114 ], [ 34.758432935000087, 0.01026503900016 ], [ 34.754101590000062, 0.011018383000135 ], [ 34.746963792000145, 0.005030830000067 ], [ 34.741746188000093, 0.005595098000185 ], [ 34.739652702000058, 0.000083399000061 ], [ 34.744235166000124, -0.009573305999936 ], [ 34.744758735000062, -0.015975060999835 ], [ 34.748233402000039, -0.01577593199994 ], [ 34.749247374000106, -0.020147918999953 ], [ 34.741226036000057, -0.021756705999906 ], [ 34.739707816000191, -0.023329210999918 ], [ 34.731681354000102, -0.010067777999893 ], [ 34.725818613, -0.003605661999927 ], [ 34.71563270200005, -0.007692003999978 ], [ 34.70966474800008, -0.018697110999881 ], [ 34.695752267000103, -0.017725462999977 ], [ 34.688774706000174, -0.023656365999898 ], [ 34.687576267000054, -0.023288590999925 ], [ 34.693258667, -0.013040304999947 ], [ 34.688474892000102, -0.008972509999978 ], [ 34.671346401000108, -0.013436353999907 ], [ 34.639987603, -0.00064829899992 ], [ 34.637394831000108, 0.001857037999969 ], [ 34.633044132000066, 0.00213278800004 ], [ 34.627612020000072, 0.00486150200004 ], [ 34.613137944000073, 0.002023085000133 ], [ 34.613529331000052, 0.004816325000149 ], [ 34.608359656000118, 0.005366251000169 ], [ 34.602476497000168, 0.01334371400003 ], [ 34.58897964200014, 0.002511891999973 ], [ 34.591717242000186, -0.005087205999928 ], [ 34.589998614000081, -0.00677679599994 ], [ 34.586109723000106, -0.020546638999974 ], [ 34.582990915000153, -0.024279773999979 ], [ 34.583037221999973, -0.031297724999945 ], [ 34.576664990000154, -0.035654472999909 ], [ 34.570301800000152, -0.036317763999875 ], [ 34.565249747000053, -0.039850271999967 ], [ 34.564026580000188, -0.038471319999928 ], [ 34.560827979000123, -0.033672503999981 ], [ 34.560534916000108, -0.029320764999966 ], [ 34.563857679000137, -0.026357085999962 ], [ 34.564010722000091, -0.023200274999908 ], [ 34.561116006000077, -0.020512098999973 ], [ 34.564078872000096, -0.018041149999874 ], [ 34.563041498000018, -0.017353420999939 ], [ 34.554994405000059, -0.017275525999878 ], [ 34.551301539000065, -0.02096677399993 ], [ 34.547676650000085, -0.021849523999947 ], [ 34.541792791000034, -0.017582197999957 ], [ 34.537940166000055, -0.017414463999899 ], [ 34.533028252000065, -0.014140243999975 ], [ 34.541831292000154, -0.0026523169999 ], [ 34.53370032700019, 0.004844420999973 ], [ 34.543894619000071, 0.01047638700004 ], [ 34.543159320000086, 0.015377599000033 ], [ 34.548237770000128, 0.019539210000175 ], [ 34.550097095000069, 0.025675436000029 ], [ 34.549466055000096, 0.035326366000106 ], [ 34.552409915000112, 0.037610254000072 ], [ 34.553202228000032, 0.044426446000045 ], [ 34.556233902000031, 0.048260765000123 ], [ 34.559895744000187, 0.048020520000023 ], [ 34.557066292000172, 0.057261281000024 ], [ 34.558563335000144, 0.073978394 ], [ 34.554048990000126, 0.089109425000061 ], [ 34.562853762000145, 0.097248175000061 ], [ 34.567246234000152, 0.098591435000174 ], [ 34.572356653000099, 0.0964442880001 ], [ 34.574115146000054, 0.098943064000082 ], [ 34.575721656000098, 0.098392321000063 ], [ 34.577859789000172, 0.10279692000006 ], [ 34.586104528000135, 0.104615235000153 ], [ 34.584792611000182, 0.10860001500015 ], [ 34.586702678000051, 0.115635233000148 ], [ 34.595268566000186, 0.117180852000047 ], [ 34.602747394000119, 0.121771573 ], [ 34.632747106000011, 0.128911579000146 ], [ 34.663373366000087, 0.12668329700017 ], [ 34.678136252000172, 0.130532383000116 ], [ 34.681431482000107, 0.12473416600011 ], [ 34.684607512000184, 0.124541527000019 ], [ 34.688273283000171, 0.126114897000036 ], [ 34.695356992000029, 0.134423903000084 ], [ 34.703774754000165, 0.1320104240001 ], [ 34.70479257900007, 0.135094367000136 ], [ 34.703561842000113, 0.139600652000183 ], [ 34.704796896000175, 0.140329933000032 ], [ 34.70926173700019, 0.139373548000037 ], [ 34.717882281000072, 0.143670081000039 ], [ 34.722687001000111, 0.141541369000095 ], [ 34.725351520000174, 0.144988530000148 ], [ 34.729263674000038, 0.145303224000031 ], [ 34.737566590000142, 0.149831406000089 ], [ 34.737146056000142, 0.143725459000166 ], [ 34.742903394000109, 0.140623246000075 ], [ 34.751453139000091, 0.139464795000038 ], [ 34.755101752000087, 0.141066501000068 ], [ 34.760399932000041, 0.139105763000032 ], [ 34.766316485000118, 0.145667275000051 ], [ 34.765838355000142, 0.150722664999989 ], [ 34.770303387000126, 0.15321131200011 ], [ 34.774823115000117, 0.149589780000156 ], [ 34.776912056000072, 0.149593472000106 ], [ 34.781026404000102, 0.15407499600002 ], [ 34.781510277000109, 0.15712304300007 ], [ 34.785034478000114, 0.159835901000179 ], [ 34.7881830070001, 0.159919620999972 ], [ 34.790221649000046, 0.157592539000177 ], [ 34.7936885740001, 0.159144474000072 ], [ 34.796655451000163, 0.163347842000064 ], [ 34.803785890000142, 0.162851565000096 ], [ 34.809047919000022, 0.154091265000034 ], [ 34.815286296000068, 0.153864683000108 ], [ 34.816966613000147, 0.155036541000072 ], [ 34.817335978000017, 0.159734303000107 ], [ 34.815401904000055, 0.165407821000031 ], [ 34.815468705000171, 0.177189492000082 ], [ 34.811288383000146, 0.18454943100005 ], [ 34.818172004000132, 0.187346324999965 ], [ 34.825455740000052, 0.187850015000095 ], [ 34.833668058000114, 0.184650875000045 ], [ 34.841635306000114, 0.185690199000078 ], [ 34.844940125000051, 0.183322205000081 ], [ 34.852331343, 0.186146719000021 ], [ 34.851858340000035, 0.19024193700011 ], [ 34.856151190000162, 0.193877083000132 ], [ 34.859991902000161, 0.193714562000139 ], [ 34.859285232000104, 0.195472548999987 ], [ 34.861410399000192, 0.200102644000026 ], [ 34.867598166000107, 0.19610105300012 ], [ 34.870878985000047, 0.196404207000171 ], [ 34.870970329000158, 0.200044409999975 ], [ 34.872805293000113, 0.201397216000032 ], [ 34.875820846000124, 0.20106313000008 ], [ 34.878182179000191, 0.198750699000186 ], [ 34.878739500000052, 0.199796418000062 ], [ 34.885286252000128, 0.198430830000063 ], [ 34.887007376000042, 0.200675495999974 ], [ 34.885073087000137, 0.203081563000012 ], [ 34.887742599000035, 0.206257249999965 ], [ 34.890397519000146, 0.205663465000157 ], [ 34.893368754000051, 0.208512160000055 ], [ 34.896970467000074, 0.207541328000161 ], [ 34.896323582000093, 0.206185624999989 ] ] ] } },
{ "type": "Feature", "properties": { "name": "Wajir" }, "geometry": { "type": "Polygon", "coordinates": [ [ [ 39.785138178000068, 3.695313823000049 ], [ 39.785953585000129, 3.336270746000025 ], [ 40.033538178000128, 3.237263823000092 ], [ 40.033638178000047, 3.233563823 ], [ 40.043738178000126, 3.228363823000166 ], [ 40.169838178000077, 3.090663823 ], [ 40.257638178000093, 2.98856382300005 ], [ 40.270160172000033, 2.9717787780001 ], [ 40.492960172000096, 2.868528777999984 ], [ 40.495360172000062, 2.858078778000106 ], [ 40.494053585000074, 2.854870746000074 ], [ 40.497160172000122, 2.851778778000039 ], [ 40.494460172000061, 2.845478778000086 ], [ 40.494560172000149, 2.838978778000183 ], [ 40.499160172000074, 2.834278778000169 ], [ 40.496460172000127, 2.82687877799998 ], [ 40.498266760000035, 2.821286811000164 ], [ 40.495510172000024, 2.819078778000176 ], [ 40.503060172000175, 2.810278778000168 ], [ 40.501253584999972, 2.807170746000054 ], [ 40.495513484000128, 2.80421384300007 ], [ 40.494060172000161, 2.800228778000132 ], [ 40.495760172000132, 2.79787877800004 ], [ 40.501860172000193, 2.795978778 ], [ 40.501060172000052, 2.787278778000143 ], [ 40.503560172000164, 2.784178778000182 ], [ 40.508260172000178, 2.784428778000063 ], [ 40.512860172000103, 2.77857877800011 ], [ 40.518660172000068, 2.77777877800014 ], [ 40.520560172000046, 2.775978778000081 ], [ 40.518460172000175, 2.773678778000033 ], [ 40.519032018000075, 2.764291888000173 ], [ 40.51776017200018, 2.761478778000082 ], [ 40.519860172000051, 2.740078778000111 ], [ 40.513953585000081, 2.737870746000056 ], [ 40.509260172000154, 2.728578778000042 ], [ 40.506460172000118, 2.725578778000113 ], [ 40.499760172000151, 2.722878778000052 ], [ 40.499860172000069, 2.719978778000041 ], [ 40.519460172000151, 2.696278778000021 ], [ 40.526610172000062, 2.673978778000048 ], [ 40.527074031000154, 2.665685850999978 ], [ 40.535560172000032, 2.652878778 ], [ 40.549560171999985, 2.612278778000189 ], [ 40.549060172000054, 2.602278778000027 ], [ 40.55391017200003, 2.593378778000158 ], [ 40.559860172000128, 2.588978778000069 ], [ 40.558060172000069, 2.57847877800009 ], [ 40.565310172000011, 2.566578778000121 ], [ 40.568760172000054, 2.564978778000068 ], [ 40.579310172000021, 2.549578778000068 ], [ 40.579260172000147, 2.530228778000037 ], [ 40.596760172000018, 2.513078778000022 ], [ 40.59706017200017, 2.50967877800008 ], [ 40.591460172000097, 2.503028778000157 ], [ 40.593860172000063, 2.499678778000089 ], [ 40.602960172, 2.49347877800011 ], [ 40.604560172000049, 2.478978778000112 ], [ 40.613460172000146, 2.464178778000189 ], [ 40.621560172000102, 2.454978778000168 ], [ 40.62896017200012, 2.449878778000084 ], [ 40.631760172000156, 2.444878778000088 ], [ 40.635496185000079, 2.442229525000187 ], [ 40.638580231000162, 2.442334993000031 ], [ 40.640960172000177, 2.436978778000139 ], [ 40.655660172000182, 2.43362877800007 ], [ 40.663860172000113, 2.424878778000107 ], [ 40.665810172000135, 2.406428777999963 ], [ 40.664560172000108, 2.395178778000115 ], [ 40.665510171999983, 2.391028778000134 ], [ 40.674060172000111, 2.384878778000029 ], [ 40.676360172000159, 2.376078778000021 ], [ 40.690460172000087, 2.368378778000135 ], [ 40.710360172000094, 2.349128778000079 ], [ 40.712960172000123, 2.345378778000111 ], [ 40.717960172000119, 2.329578778000041 ], [ 40.737760172000037, 2.314078778000066 ], [ 40.746060172000057, 2.313778778000142 ], [ 40.755960172000073, 2.316378778000114 ], [ 40.77446017200009, 2.314028778000022 ], [ 40.801160171999982, 2.291678778000175 ], [ 40.823210172000131, 2.292278778000082 ], [ 40.832860172000096, 2.288128778000043 ], [ 40.85726017200011, 2.262578778000091 ], [ 40.862660172000176, 2.253078778000088 ], [ 40.864510172000109, 2.240778778000049 ], [ 40.867260172000101, 2.235678778000135 ], [ 40.884160172000065, 2.216478778000123 ], [ 40.92036017200013, 2.187978778000115 ], [ 40.943660172000136, 2.177278778000129 ], [ 40.965160172000026, 2.176178778000065 ], [ 40.976660172000095, 2.178378778000024 ], [ 40.990910172000042, 2.178578778000087 ], [ 40.992153585000153, 2.175270746000081 ], [ 40.99095358500017, 1.946470746000102 ], [ 40.99275358500006, 1.680470746000026 ], [ 40.991853585000172, 1.021970746000079 ], [ 40.988053584999989, 1.019570746000113 ], [ 40.991653585000165, 0.692970746000128 ], [ 40.992447174000176, 0.463301085000182 ], [ 40.979347174000054, 0.453051085000141 ], [ 40.961247174000107, 0.446701084999972 ], [ 40.945647174000044, 0.436001084999987 ], [ 40.932647174000181, 0.431201085000055 ], [ 40.919647174000147, 0.423751085000049 ], [ 40.885947174000137, 0.391251085000022 ], [ 40.858047174000035, 0.375951085000111 ], [ 40.84194717400004, 0.37025108500012 ], [ 40.818497174000072, 0.365751085000113 ], [ 40.77234717400006, 0.353651085000081 ], [ 40.750047174000031, 0.341751085000112 ], [ 40.736747174000072, 0.326251084999967 ], [ 40.716447174000166, 0.320151085000134 ], [ 40.711847174000013, 0.314851085000157 ], [ 40.703881865000085, 0.293357190000165 ], [ 40.695347174000119, 0.278401084999985 ], [ 40.684347174000038, 0.271351085000049 ], [ 40.68384717400005, 0.262351085000034 ], [ 40.681947174000015, 0.257651084999964 ], [ 40.646497174, 0.23120108500018 ], [ 40.634947174000047, 0.232551085000125 ], [ 40.61139717400016, 0.232151085000055 ], [ 40.604683134000084, 0.225538745000051 ], [ 40.595447174000128, 0.22535108500017 ], [ 40.587347174000115, 0.215651085000161 ], [ 40.585447174000137, 0.215251085000091 ], [ 40.576747174000047, 0.217701085000158 ], [ 40.572947174000092, 0.215551085000072 ], [ 40.56376409600017, 0.215942259000087 ], [ 40.541847174000054, 0.226301085000102 ], [ 40.533541478000132, 0.226628647000041 ], [ 40.524722186000133, 0.222198715000104 ], [ 40.520497174000184, 0.213651085000038 ], [ 40.513147174000039, 0.208051084999965 ], [ 40.506905436000181, 0.193483054000126 ], [ 40.504297174000044, 0.192501085000174 ], [ 40.496247174000075, 0.197151085000144 ], [ 40.483847174000118, 0.188551085000029 ], [ 40.478647174000116, 0.186651085 ], [ 40.452647174000049, 0.185301085000049 ], [ 40.426447174000089, 0.190051085000107 ], [ 40.419047174000127, 0.188901085 ], [ 40.408347174000141, 0.184101085000066 ], [ 40.402247174000081, 0.183601085000078 ], [ 40.396447174000173, 0.185051085000168 ], [ 40.37764717400006, 0.195951085000161 ], [ 40.361047174000191, 0.198401085 ], [ 40.333947174000059, 0.198751085000026 ], [ 40.327947174000087, 0.200751085000093 ], [ 40.299747174000061, 0.21965108500018 ], [ 40.259547174000147, 0.237301085000013 ], [ 40.238147174000176, 0.249601085000052 ], [ 40.214347174000068, 0.26940108499997 ], [ 40.180947174000153, 0.307451085000025 ], [ 40.16149717400009, 0.32580108500008 ], [ 40.153547174000096, 0.331101085000171 ], [ 40.143047174000117, 0.334801085000095 ], [ 40.129947174000165, 0.342001085 ], [ 40.098197174000177, 0.366051085000038 ], [ 40.057997174000093, 0.393601085000114 ], [ 40.048047174000146, 0.39665108500003 ], [ 40.01339717400009, 0.39925108500006 ], [ 39.979047174000129, 0.410251085000027 ], [ 39.961597174000133, 0.419101085000023 ], [ 39.944047174, 0.430351085000041 ], [ 39.904163208000114, 0.463262168000085 ], [ 39.895153585000116, 0.462262168000109 ], [ 39.888768629000083, 0.463921198000037 ], [ 39.874363208000034, 0.459562168000161 ], [ 39.870963208000092, 0.460762167999974 ], [ 39.865763208000089, 0.466162168000039 ], [ 39.856038939000086, 0.470929868000155 ], [ 39.851413208000054, 0.477662168000109 ], [ 39.840063208000117, 0.479062168000155 ], [ 39.836162565000052, 0.481294467 ], [ 39.827146690000063, 0.479711312 ], [ 39.820263208000028, 0.48366216800008 ], [ 39.810663208000108, 0.48506216800007 ], [ 39.80044390300003, 0.484524994000083 ], [ 39.795563208000033, 0.488262168000176 ], [ 39.783763208000153, 0.491062168000042 ], [ 39.778234338000118, 0.495176603000061 ], [ 39.774753585000155, 0.495770746000062 ], [ 39.770603788000074, 0.502902203000133 ], [ 39.763663208000082, 0.507062168000175 ], [ 39.761913208000067, 0.512012168000069 ], [ 39.756963208000116, 0.512862168000083 ], [ 39.745909909000147, 0.518099224000139 ], [ 39.740263208000044, 0.523162168000169 ], [ 39.73591320800017, 0.523162168000169 ], [ 39.732863208000083, 0.525362168000129 ], [ 39.723349571000085, 0.543294594999963 ], [ 39.719863208, 0.546562168000094 ], [ 39.717963208000185, 0.545612168000162 ], [ 39.716113208000081, 0.550562168000113 ], [ 39.710613208000098, 0.557762168000068 ], [ 39.701911667000161, 0.565022714 ], [ 39.698013208000134, 0.572512168000117 ], [ 39.689413208000133, 0.578812168000184 ], [ 39.685632586000168, 0.586294138000028 ], [ 39.680246896000085, 0.591630457 ], [ 39.675763742000186, 0.59812329000016 ], [ 39.674363208000159, 0.603012168000021 ], [ 39.66386320800018, 0.615162168000097 ], [ 39.662313208000171, 0.620162168000036 ], [ 39.654263208000089, 0.631262168000092 ], [ 39.645763208000062, 0.656862168000146 ], [ 39.634863208000013, 0.667062168000143 ], [ 39.627363208000133, 0.669762168000091 ], [ 39.623590329000194, 0.677145489000168 ], [ 39.613763208000194, 0.684362168000177 ], [ 39.609725811000033, 0.691810292000184 ], [ 39.606263208000144, 0.694212168000149 ], [ 39.600498052000091, 0.702501064000103 ], [ 39.595694296000147, 0.713446119000025 ], [ 39.58496320800009, 0.723162168000044 ], [ 39.575463208000087, 0.740862168000149 ], [ 39.562463208000054, 0.758962168000096 ], [ 39.560953585000107, 0.770170746000076 ], [ 39.554263208000123, 0.781462168000132 ], [ 39.533163208000133, 0.853462168000078 ], [ 39.519963208000036, 0.886862168000107 ], [ 39.497863208000069, 0.933912168000177 ], [ 39.493208836000065, 0.959953535000011 ], [ 39.47946320799997, 0.980812168000057 ], [ 39.465763208000112, 0.988562168000044 ], [ 39.462463208000088, 0.993262168000058 ], [ 39.443494143000066, 1.047199129000035 ], [ 39.434364107000135, 1.065812853000182 ], [ 39.2772789, 1.472259522 ], [ 39.277526867, 1.474486869000032 ], [ 39.371614456000088, 1.509653747000073 ], [ 39.447082520000095, 1.535278320000089 ], [ 39.438831541000127, 1.537979603000053 ], [ 39.415054321000127, 1.558889091000083 ], [ 39.412472331000174, 1.560091409000108 ], [ 39.403657522000117, 1.559021267 ], [ 39.397697449000191, 1.563450992000185 ], [ 39.394515991000048, 1.57316732400011 ], [ 39.393389701999979, 1.574516594000045 ], [ 39.386750576000111, 1.573905880000098 ], [ 39.384934232000091, 1.582146095000041 ], [ 39.376823934000186, 1.587666005000074 ], [ 39.350837708000142, 1.625880599000027 ], [ 39.34584617600018, 1.628261447000057 ], [ 39.34233600500005, 1.640155733000086 ], [ 39.336796146000097, 1.639431834000163 ], [ 39.33151579600019, 1.647712649000084 ], [ 39.321715291000089, 1.649278291000087 ], [ 39.316274519000046, 1.659844925000073 ], [ 39.313798649000034, 1.660232970000095 ], [ 39.31013816400008, 1.658091516000013 ], [ 39.307254559000171, 1.66848651600003 ], [ 39.298873901000036, 1.667833447000078 ], [ 39.284269946000109, 1.676663540000163 ], [ 39.283424226000079, 1.681057600000088 ], [ 39.271497091000072, 1.689590931000112 ], [ 39.261393407000071, 1.688077535000161 ], [ 39.245957119000082, 1.699874937000175 ], [ 39.234663775000172, 1.703245441000149 ], [ 39.230846405000193, 1.702728271000183 ], [ 39.226388042000167, 1.707164318000139 ], [ 39.221590272000185, 1.70872742600011 ], [ 39.213663101000066, 1.709360302000107 ], [ 39.20383913600017, 1.716141702000016 ], [ 39.189140359000135, 1.745153284000082 ], [ 39.181669235000186, 1.754641295000056 ], [ 39.177270889000056, 1.763545990000068 ], [ 39.177902222000114, 1.769817233000026 ], [ 39.171850205000055, 1.788669884000171 ], [ 39.167753220000066, 1.798023999000065 ], [ 39.164631201000134, 1.800671293999983 ], [ 39.160674217000121, 1.81212627900004 ], [ 39.151445389000173, 1.822140694000041 ], [ 39.147384150000164, 1.83228876700008 ], [ 39.141658783000082, 1.837641478000023 ], [ 39.143121929000188, 1.842102626000042 ], [ 39.143152237000038, 1.853250027000172 ], [ 39.137977600000056, 1.856259346000058 ], [ 39.129094491000046, 1.873721015 ], [ 39.117871833000152, 1.886112893000188 ], [ 39.103400544000181, 1.892820334000135 ], [ 39.094024517000037, 1.902765180000188 ], [ 39.086669505000032, 1.904392669000117 ], [ 39.081175511000026, 1.911243075000073 ], [ 39.072982180000054, 1.915096885000082 ], [ 39.069010824000088, 1.920199370000091 ], [ 39.059959326000069, 1.927015041000118 ], [ 39.057733683000038, 1.940908347 ], [ 39.046782992000033, 1.948326677000068 ], [ 39.043511421000119, 1.957267314000092 ], [ 39.037098136, 1.964039172000128 ], [ 39.030159167000079, 1.978034016000038 ], [ 39.018390910999983, 1.988931446000038 ], [ 39.013172775000101, 1.991517290000104 ], [ 39.003325907000146, 2.003254398000081 ], [ 38.993511200000171, 2.007366896 ], [ 38.989612579000095, 2.027319193000039 ], [ 38.99266052300004, 2.039648056000033 ], [ 38.990502675000187, 2.045470317000138 ], [ 38.984469072000024, 2.051754556000049 ], [ 38.984775453000054, 2.070393112000147 ], [ 38.9549894270001, 2.106788594000079 ], [ 38.937023163000163, 2.159686565000186 ], [ 38.937629841000103, 2.214707726000142 ], [ 38.933882724000114, 2.242936592999968 ], [ 38.92859458900017, 2.260664105000046 ], [ 38.928129196000157, 2.27468538300019 ], [ 38.925623989000087, 2.284603202000028 ], [ 38.935516663000044, 2.315102239000112 ], [ 38.931034761000092, 2.345436885000026 ], [ 38.934109770000077, 2.37299855800012 ], [ 38.930372836000174, 2.38087854600019 ], [ 38.927453056000161, 2.412670569000113 ], [ 38.913559712000108, 2.442159615000037 ], [ 38.913379382000073, 2.449404066000056 ], [ 38.901870161000033, 2.478741153000101 ], [ 38.898474153000052, 2.498494606000179 ], [ 38.893638469000166, 2.511886777000086 ], [ 38.891374577000079, 2.535777495000048 ], [ 38.887599945000034, 2.544461012000113 ], [ 38.97861672800002, 2.568385127000113 ], [ 39.003573515000028, 2.610266808000176 ], [ 39.036757974000125, 2.691402102000154 ], [ 39.047853272000111, 2.702416264000021 ], [ 39.052596656, 2.72531297400019 ], [ 39.056478732000073, 2.731347403000029 ], [ 39.062145233000194, 2.735676527000123 ], [ 39.070035889999986, 2.805289931000118 ], [ 39.067167803000132, 2.883042984000099 ], [ 39.113164012000084, 2.88405114 ], [ 39.117130561000124, 2.91144836899997 ], [ 39.124574614000096, 2.931407457000091 ], [ 39.127980192000109, 2.935083147000114 ], [ 39.139083750000111, 2.939200950000043 ], [ 39.148798512000099, 2.953194897000174 ], [ 39.15496473800016, 2.95477256300012 ], [ 39.193854151999972, 2.956462388000034 ], [ 39.201143046000027, 2.967298569000036 ], [ 39.218561186000045, 2.978599723 ], [ 39.225087572000177, 2.979491575999987 ], [ 39.237373006000098, 2.984757409000053 ], [ 39.245638166000049, 2.985357361000126 ], [ 39.249849464000135, 2.988820154000052 ], [ 39.250288139000133, 2.995513867999989 ], [ 39.256946260000063, 3.003651169000136 ], [ 39.288979653000126, 3.036943862000101 ], [ 39.32112977100013, 3.052870986000016 ], [ 39.345620819000089, 3.070797359000096 ], [ 39.344954514999984, 3.137257127000112 ], [ 39.340633406000165, 3.260972517000141 ], [ 39.337357384000143, 3.279939343000024 ], [ 39.327908639000043, 3.28946254400006 ], [ 39.312932990000036, 3.405668050000088 ], [ 39.310510296000132, 3.412485853000078 ], [ 39.300482405000082, 3.427481563000072 ], [ 39.298842593000131, 3.440229068000065 ], [ 39.302997297000161, 3.455105383000046 ], [ 39.318538496000031, 3.47406075300006 ], [ 39.323703657000124, 3.487382448000176 ], [ 39.32422520800003, 3.496317819000069 ], [ 39.318977665000091, 3.499068002000172 ], [ 39.328453585000034, 3.502670745999978 ], [ 39.332853585000123, 3.500270746000012 ], [ 39.334953585000108, 3.480570746000012 ], [ 39.330253585000094, 3.466070746000014 ], [ 39.373253585000043, 3.467270746000054 ], [ 39.400953585000138, 3.463270745999978 ], [ 39.411953585000049, 3.465370746000019 ], [ 39.414953585000148, 3.462070746 ], [ 39.419453585000156, 3.460770746000094 ], [ 39.42625358500004, 3.465370746000019 ], [ 39.429153585000165, 3.454570746000115 ], [ 39.435753584999986, 3.456770746000075 ], [ 39.440753584999982, 3.456270746000087 ], [ 39.443153585000175, 3.460270746000106 ], [ 39.453453585000091, 3.456270746000087 ], [ 39.462453585000105, 3.456770746000075 ], [ 39.465453585000148, 3.459870746000036 ], [ 39.468953585, 3.459370746000104 ], [ 39.471353585000031, 3.461570746 ], [ 39.483053585000164, 3.459670746000029 ], [ 39.49155358500019, 3.466770746000066 ], [ 39.494853584999987, 3.466470746000084 ], [ 39.49725358500018, 3.464670746000024 ], [ 39.514153585000145, 3.409470746000125 ], [ 39.531453585000179, 3.402070746000163 ], [ 39.553253585000164, 3.399770746000115 ], [ 39.588953585000127, 3.488070746000119 ], [ 39.607853585000157, 3.501370746000077 ], [ 39.756553585000063, 3.654270746000066 ], [ 39.7636535850001, 3.661070746000121 ], [ 39.766853585000035, 3.659870746000138 ], [ 39.773353585000109, 3.668470746000082 ], [ 39.785138178000068, 3.695313823000049 ] ] ] } },
{ "type": "Feature", "properties": { "name": "West Pokot" }, "geometry": { "type": "Polygon", "coordinates": [ [ [ 35.232281276000037, 2.447117533000096 ], [ 35.24564416100003, 2.445381602000111 ], [ 35.251641909000114, 2.439488629000039 ], [ 35.272212982000156, 2.437429071000167 ], [ 35.291711807000127, 2.428517222999972 ], [ 35.295104980000133, 2.425506473000098 ], [ 35.298204422000083, 2.418269753000118 ], [ 35.303100586000028, 2.399074077000137 ], [ 35.307291031000091, 2.326702952000119 ], [ 35.311834335000128, 2.280207872000176 ], [ 35.343265533000135, 2.167423248000034 ], [ 35.393684387000064, 1.964873493000141 ], [ 35.389246941000067, 1.961097538999979 ], [ 35.391336060000185, 1.954860711000151 ], [ 35.386900829000126, 1.950827147000041 ], [ 35.381554604000144, 1.949728966 ], [ 35.377490997000109, 1.946873546 ], [ 35.374967575000028, 1.942808986000159 ], [ 35.374275207000153, 1.93579526700006 ], [ 35.369415283000194, 1.930275441000049 ], [ 35.451812744000051, 1.85128784200009 ], [ 35.453344172000072, 1.846216722000065 ], [ 35.457007408000152, 1.847636312000134 ], [ 35.461338043000069, 1.841494938000039 ], [ 35.467546781000067, 1.843265067 ], [ 35.469001897000055, 1.839828269000066 ], [ 35.472898483000051, 1.837497860000042 ], [ 35.474287669000034, 1.829493086000127 ], [ 35.476541693, 1.82662133700012 ], [ 35.474677722000081, 1.82492816600012 ], [ 35.47682603200019, 1.822687149000046 ], [ 35.47257766700011, 1.817425633000084 ], [ 35.47344843500008, 1.814156731000139 ], [ 35.477425575000154, 1.813266725000062 ], [ 35.474979400000166, 1.811081866 ], [ 35.474162292000074, 1.807152550000183 ], [ 35.470911843000124, 1.804673518000016 ], [ 35.474296570000149, 1.804609915000185 ], [ 35.475862715000176, 1.800408787000038 ], [ 35.482685089000086, 1.797476560000177 ], [ 35.482592106000141, 1.792794749000109 ], [ 35.485617744000024, 1.791489813000169 ], [ 35.485663096000053, 1.787364145000026 ], [ 35.487665994000054, 1.786653146999981 ], [ 35.490152359000149, 1.782247454000071 ], [ 35.492696381000144, 1.782868397000016 ], [ 35.49173879600005, 1.78061449300003 ], [ 35.497191959000133, 1.776112583000042 ], [ 35.494912581000165, 1.770531383000105 ], [ 35.496119908000139, 1.769174457000133 ], [ 35.498154958000157, 1.769683162000035 ], [ 35.498109272000079, 1.767191128999968 ], [ 35.499856740999974, 1.768320303000166 ], [ 35.50339794100006, 1.767034113000136 ], [ 35.515954018000059, 1.770282804999965 ], [ 35.528153229, 1.76424133800009 ], [ 35.532372951000127, 1.763774812 ], [ 35.537590790000081, 1.765840936000075 ], [ 35.545516332000034, 1.764550825000185 ], [ 35.549353790000112, 1.766491890000111 ], [ 35.559468587000083, 1.762346745000059 ], [ 35.561902046000057, 1.763248399000076 ], [ 35.567146209999976, 1.760046170000066 ], [ 35.569451904000175, 1.762358451000182 ], [ 35.574549103000095, 1.762726250000128 ], [ 35.582146690000172, 1.760114289000114 ], [ 35.586155653000162, 1.760652170000128 ], [ 35.593236651000041, 1.76439305700012 ], [ 35.598311900999988, 1.76265689700017 ], [ 35.603818893000039, 1.754566173000057 ], [ 35.607327325000085, 1.753403894000087 ], [ 35.608643850000192, 1.751283765000096 ], [ 35.619856153, 1.750742197000022 ], [ 35.62881024700016, 1.747005304000027 ], [ 35.638115819000063, 1.745325144000105 ], [ 35.641422817000091, 1.742542607000189 ], [ 35.649226507000094, 1.741777698000021 ], [ 35.658006396000076, 1.733755810000105 ], [ 35.669188817000133, 1.731197475999977 ], [ 35.67349624600007, 1.723253826000189 ], [ 35.679186140000127, 1.72144229100013 ], [ 35.68899822200018, 1.713631123000084 ], [ 35.701674144000037, 1.707235396000158 ], [ 35.71791839600013, 1.693855578000125 ], [ 35.719549020000045, 1.690650647000041 ], [ 35.725259145000052, 1.688998044000186 ], [ 35.738563538000164, 1.679049055000064 ], [ 35.759040831999982, 1.673850218000098 ], [ 35.762876510000126, 1.670113146000119 ], [ 35.77192306500018, 1.666091740000127 ], [ 35.781700134000062, 1.664295196000126 ], [ 35.785929362000047, 1.656901956000013 ], [ 35.78496170000011, 1.655539870000098 ], [ 35.780908341000043, 1.656535689000179 ], [ 35.77984237700008, 1.655390739000154 ], [ 35.779620019000163, 1.651084508000054 ], [ 35.781495595000138, 1.649106669000105 ], [ 35.777458191, 1.645037413000068 ], [ 35.777519225999981, 1.641286612000101 ], [ 35.779945290000171, 1.639326727000082 ], [ 35.781241917999978, 1.633693462000167 ], [ 35.784604342000193, 1.633661738 ], [ 35.787686545000042, 1.631561670000167 ], [ 35.790402805000099, 1.626416341000152 ], [ 35.780468078000069, 1.624154901000111 ], [ 35.780647278000174, 1.616843462000077 ], [ 35.786575318000018, 1.609638572000108 ], [ 35.784137975000078, 1.606627599000092 ], [ 35.77917671199998, 1.604588986000067 ], [ 35.781487162000019, 1.601082237000071 ], [ 35.780676801000027, 1.596471017000113 ], [ 35.782295797000074, 1.592927349000036 ], [ 35.779369777000056, 1.589380146000053 ], [ 35.783619370000054, 1.581111216000124 ], [ 35.779882431000033, 1.578411222000057 ], [ 35.779932022000139, 1.571875513000066 ], [ 35.775689642000145, 1.571895206000022 ], [ 35.773618184000156, 1.552801318000093 ], [ 35.770768076000081, 1.550181557000144 ], [ 35.768791156000077, 1.545183426 ], [ 35.769162908000112, 1.534431596 ], [ 35.763454437000064, 1.532699108000031 ], [ 35.763202946000092, 1.525684908000187 ], [ 35.760928367000133, 1.522222113999987 ], [ 35.76158142100013, 1.519258618000094 ], [ 35.755661565000082, 1.516383129000133 ], [ 35.752207921000149, 1.510591848000161 ], [ 35.751806269000156, 1.506072144000086 ], [ 35.742656439000143, 1.504630806000023 ], [ 35.742095205000055, 1.500713638000093 ], [ 35.735002518000044, 1.491400659000078 ], [ 35.729064942000093, 1.487543166000023 ], [ 35.729984997000145, 1.481935710000016 ], [ 35.727140773000144, 1.480906489000063 ], [ 35.724499999000159, 1.475429319 ], [ 35.720489502000078, 1.473959625000077 ], [ 35.719295564000049, 1.47181445700005 ], [ 35.723345729000016, 1.460637802000178 ], [ 35.722639543000071, 1.458029409000062 ], [ 35.720491409000147, 1.456894815000169 ], [ 35.720870800000171, 1.452766577000034 ], [ 35.712951660000044, 1.448027253000078 ], [ 35.711958528000139, 1.442332890000102 ], [ 35.706507683000041, 1.438160002000188 ], [ 35.708875861000081, 1.431795823000016 ], [ 35.70597744000014, 1.428992539999967 ], [ 35.708225250000112, 1.42127162200012 ], [ 35.706436157000155, 1.41880190400002 ], [ 35.707537311000124, 1.415403970999989 ], [ 35.71077397199997, 1.414207897000153 ], [ 35.71099222700019, 1.411724180000078 ], [ 35.707353592000118, 1.409875512000099 ], [ 35.706777573000181, 1.406053305000114 ], [ 35.710381239000071, 1.404939447000118 ], [ 35.711822510000047, 1.402525127000047 ], [ 35.704994864000184, 1.402199199000052 ], [ 35.703221460000179, 1.400798680000094 ], [ 35.702604287000042, 1.395770239000171 ], [ 35.699110032000192, 1.390352786 ], [ 35.699308395000173, 1.387871325000106 ], [ 35.702830307000056, 1.386584811000091 ], [ 35.693334580000169, 1.372747004000075 ], [ 35.694791794000139, 1.36824268099997 ], [ 35.691347123000128, 1.368383825000137 ], [ 35.691466518000141, 1.362982896000062 ], [ 35.687889099000188, 1.358869433000166 ], [ 35.688366890000168, 1.355788082000061 ], [ 35.690946579000183, 1.353247762000024 ], [ 35.687807083000109, 1.347132206000083 ], [ 35.692346573, 1.343756914000039 ], [ 35.688848942000106, 1.342163784000036 ], [ 35.696016947000146, 1.339158495000163 ], [ 35.695051193000154, 1.335053980000112 ], [ 35.698163033000071, 1.331114173000174 ], [ 35.696344376000127, 1.329832374999967 ], [ 35.70008659400014, 1.32892668300002 ], [ 35.69742816500019, 1.324865181000064 ], [ 35.697356819000163, 1.318756157000109 ], [ 35.687493621000158, 1.318830643000069 ], [ 35.672493926000129, 1.316133340000079 ], [ 35.631747498999971, 1.301351306000072 ], [ 35.627549818000034, 1.296227326000121 ], [ 35.617174703000046, 1.290183149000143 ], [ 35.612162957000123, 1.281780892000143 ], [ 35.606349945000034, 1.279281368000056 ], [ 35.588946473000135, 1.283250047000081 ], [ 35.57923317000018, 1.292132438000067 ], [ 35.567224956000132, 1.292028647000052 ], [ 35.559583028000191, 1.28946030100002 ], [ 35.55878067000009, 1.286497593000036 ], [ 35.544508919000066, 1.28705721100016 ], [ 35.500187081000149, 1.253029594000111 ], [ 35.35747579700012, 1.133752134000133 ], [ 35.325290867999968, 1.119952883000167 ], [ 35.237079616000074, 1.159567255000127 ], [ 35.151618894000137, 1.200574562000156 ], [ 35.125174522000066, 1.185084814000163 ], [ 35.119992937000063, 1.188576102000184 ], [ 35.116352081000116, 1.188575863999972 ], [ 35.087970734000066, 1.183583975000033 ], [ 35.084457397000051, 1.168980956000155 ], [ 35.080001831000175, 1.174394608000114 ], [ 35.07390022300018, 1.178541899000152 ], [ 35.061515808000024, 1.18181085599997 ], [ 35.046459834000188, 1.195288161000178 ], [ 35.042829514, 1.196006835000105 ], [ 35.036056519000169, 1.205042064000111 ], [ 35.043550492000179, 1.216475726000056 ], [ 35.025447846000191, 1.234154900000021 ], [ 35.012603760000047, 1.255875945000184 ], [ 34.994024277000165, 1.259239555000136 ], [ 34.969696045000035, 1.248559237000165 ], [ 34.939041138000164, 1.253647923000017 ], [ 34.905071259000124, 1.252435088000141 ], [ 34.906925201000035, 1.283823490000032 ], [ 34.819981833000043, 1.262267652000105 ], [ 34.830885568999975, 1.271197965000113 ], [ 34.829010013000072, 1.275834147000069 ], [ 34.828310013000078, 1.287334147000138 ], [ 34.829797745000064, 1.304424077000021 ], [ 34.828754425000056, 1.310319126000081 ], [ 34.785210013000153, 1.368534147000105 ], [ 34.775910012999987, 1.38793414700018 ], [ 34.778662765000036, 1.398222834000137 ], [ 34.786310013000048, 1.406934147000186 ], [ 34.792930603000173, 1.411804259000064 ], [ 34.800910013000134, 1.42343414700008 ], [ 34.817356110000105, 1.431528926000055 ], [ 34.825369714000033, 1.443798272000038 ], [ 34.833410013000162, 1.450034147000054 ], [ 34.848426819000053, 1.453127503000019 ], [ 34.852615039000057, 1.46041410700002 ], [ 34.853910013000075, 1.472234147000165 ], [ 34.856124352000052, 1.477508436000164 ], [ 34.854310013000145, 1.496034147000103 ], [ 34.863410013000077, 1.528734147000137 ], [ 34.889280403999976, 1.555903052000019 ], [ 34.905105591000108, 1.553473592000103 ], [ 34.922110013000179, 1.563134147000142 ], [ 34.943100282000103, 1.578322816000025 ], [ 34.959910013000126, 1.606334147000155 ], [ 34.990595570000039, 1.666705887000035 ], [ 34.998817444000167, 1.748936057000151 ], [ 35.000310013000103, 1.839534147000052 ], [ 35.027603176000184, 1.922813280000014 ], [ 34.992710013000135, 1.96663414700015 ], [ 34.983610012999975, 1.981434147000073 ], [ 34.980510013000185, 2.053134147000094 ], [ 34.946510013000079, 2.205734147000101 ], [ 34.917810013000064, 2.380834147000144 ], [ 34.917839051000158, 2.39385652600015 ], [ 34.914210013000059, 2.397034147000113 ], [ 34.913478435000115, 2.402280139000027 ], [ 34.91560804, 2.411041801000181 ], [ 34.916110013000093, 2.424134147000075 ], [ 34.930979156000149, 2.431245565000154 ], [ 34.930610013000035, 2.438734147000162 ], [ 34.935035387000084, 2.439279417000137 ], [ 34.93741001300009, 2.446834147000118 ], [ 34.940673393000111, 2.449802001000023 ], [ 34.942712148000169, 2.449705521 ], [ 34.942210013000079, 2.453934147000155 ], [ 34.945224915000153, 2.454653266000037 ], [ 34.952026367000144, 2.455008745000043 ], [ 34.970230102000073, 2.444276333000062 ], [ 35.025562287000128, 2.432598511000151 ], [ 35.025623321000069, 2.43989300700008 ], [ 35.022853851000036, 2.442851782000048 ], [ 35.019325256000059, 2.456733465000127 ], [ 35.021835327000133, 2.464494705000106 ], [ 35.019313812000178, 2.470818520000137 ], [ 35.020465851000154, 2.483680248000098 ], [ 35.015657425000029, 2.497721553000076 ], [ 35.019699097000171, 2.509043813 ], [ 35.03865051300005, 2.533906698000067 ], [ 35.055507660000103, 2.563703418000046 ], [ 35.058315277000133, 2.573672891000115 ], [ 35.056524277000108, 2.58724379500012 ], [ 35.059831619000192, 2.599308968000173 ], [ 35.059495926000011, 2.606847167000126 ], [ 35.065425873000152, 2.620865464000133 ], [ 35.074245453000117, 2.624446392000095 ], [ 35.081123352000191, 2.635423064000065 ], [ 35.092313767000121, 2.641445518000126 ], [ 35.096138000999986, 2.645504594000045 ], [ 35.108102798000118, 2.647885084 ], [ 35.112628937000068, 2.652656197000169 ], [ 35.131702423000092, 2.645117998000046 ], [ 35.157470703000172, 2.628444433000084 ], [ 35.166841507000129, 2.61669456900006 ], [ 35.178459168000131, 2.598057628 ], [ 35.185844421000184, 2.578922153000121 ], [ 35.186870575, 2.571516275000022 ], [ 35.212882996000133, 2.542492628000105 ], [ 35.215244293000012, 2.498119235000104 ], [ 35.220478058000083, 2.478653986999973 ], [ 35.220668793000129, 2.468486309000184 ], [ 35.223332805000155, 2.459098298000129 ], [ 35.229324341000108, 2.449259877000088 ], [ 35.232281276000037, 2.447117533000096 ] ] ] } },
{ "type": "Feature", "properties": { "name": "Nakuru" }, "geometry": { "type": "Polygon", "coordinates": [ [ [ 36.271212124000101, 0.089989602000173 ], [ 36.256612578000045, 0.05860849700008 ], [ 36.256963088000134, 0.054948753000133 ], [ 36.262142504000053, 0.035691118000045 ], [ 36.268982680000022, 0.021942133000152 ], [ 36.265376421000155, 0.021171163000133 ], [ 36.257253982, -0.020997841999929 ], [ 36.252592525000068, -0.031460389999893 ], [ 36.255119324000134, -0.03281469999996 ], [ 36.252552252000044, -0.044960648999961 ], [ 36.248235680000107, -0.049388188999899 ], [ 36.246594173000062, -0.057858451999948 ], [ 36.250656426000035, -0.057753015999936 ], [ 36.251477950000151, -0.082028046999937 ], [ 36.246668969000041, -0.11573913899997 ], [ 36.227689446000056, -0.112423546999821 ], [ 36.228489989000138, -0.104523639999968 ], [ 36.220678017000182, -0.103166923999879 ], [ 36.219369982000046, -0.110931200999971 ], [ 36.200781194000172, -0.134152448999828 ], [ 36.211492652, -0.185699750999902 ], [ 36.21210851799998, -0.201723891999961 ], [ 36.218875797000123, -0.209347865999916 ], [ 36.224621963000175, -0.209298152999963 ], [ 36.237280853000073, -0.227848828999925 ], [ 36.246086121000133, -0.252614348999828 ], [ 36.212821960000042, -0.267533540999921 ], [ 36.213910330000033, -0.292240675999892 ], [ 36.225018891000161, -0.344093946999919 ], [ 36.22872591600003, -0.351000377999981 ], [ 36.231965383000102, -0.341465368999934 ], [ 36.245988210000121, -0.344703395999886 ], [ 36.252399065000077, -0.34025658499985 ], [ 36.262999388000026, -0.340826928999945 ], [ 36.275787298000125, -0.390434046999928 ], [ 36.292972274000022, -0.371339703999865 ], [ 36.311146498000085, -0.366731914999889 ], [ 36.31386947600015, -0.383837908999965 ], [ 36.334308773000146, -0.386733957999922 ], [ 36.360208511999986, -0.376056834999872 ], [ 36.364996494000025, -0.393449213999929 ], [ 36.377953940000111, -0.402195746999837 ], [ 36.380526510000152, -0.409241975999919 ], [ 36.379902033000064, -0.42145030699993 ], [ 36.381228638000152, -0.423952817999975 ], [ 36.38608678200012, -0.425380964999817 ], [ 36.387158481000085, -0.437656713999957 ], [ 36.389102210000033, -0.441050875999963 ], [ 36.386992296000074, -0.460732747999884 ], [ 36.390822410999988, -0.463373801999978 ], [ 36.39254582600006, -0.469557063999844 ], [ 36.395051956000088, -0.471882789999881 ], [ 36.3932268800001, -0.475006794999899 ], [ 36.39806788500016, -0.487388027999828 ], [ 36.397250294000116, -0.499708685999963 ], [ 36.402748108000083, -0.503880679999838 ], [ 36.403223908000029, -0.508987241999932 ], [ 36.400651449000065, -0.514076986999896 ], [ 36.405441670000187, -0.522040472999947 ], [ 36.401390750000189, -0.526797581999972 ], [ 36.40054934900013, -0.533327298999893 ], [ 36.403996391000078, -0.537937814999907 ], [ 36.402880676000052, -0.544444470999963 ], [ 36.406049034000148, -0.550792028999979 ], [ 36.403880259000061, -0.55524427999984 ], [ 36.403269450000039, -0.57068647899996 ], [ 36.407001168000079, -0.572877983999945 ], [ 36.43119859900014, -0.569823626999892 ], [ 36.44327545200008, -0.567999004999933 ], [ 36.451461165000126, -0.563619702999972 ], [ 36.456249995000064, -0.610164798999961 ], [ 36.468010448000143, -0.624542070999837 ], [ 36.506099701000153, -0.620890974999895 ], [ 36.512087440000016, -0.608924692999949 ], [ 36.51239318800009, -0.618499469999904 ], [ 36.515650219000065, -0.622609922999914 ], [ 36.519885402000057, -0.623727565999957 ], [ 36.516152578000117, -0.627403090999962 ], [ 36.516577046000066, -0.630322562999936 ], [ 36.523895460000062, -0.635093338999866 ], [ 36.526363829000104, -0.643752979999874 ], [ 36.52617454500006, -0.64724801999995 ], [ 36.521233220000056, -0.650907969999821 ], [ 36.544159737000086, -0.694603161999908 ], [ 36.521008385000187, -0.708398149999937 ], [ 36.531146142000068, -0.729397465999966 ], [ 36.557163796000054, -0.82926188599987 ], [ 36.561509313000158, -0.839815742999974 ], [ 36.552588858000036, -0.852561091999974 ], [ 36.554527283000141, -0.870524375999878 ], [ 36.544269097000097, -0.905892814999902 ], [ 36.554402218000178, -0.918584417999853 ], [ 36.55423560100013, -0.924161891999915 ], [ 36.566959197000074, -0.926060943999914 ], [ 36.572650002000103, -0.929668457999981 ], [ 36.561682307000069, -0.936602469999968 ], [ 36.569128309000121, -0.943242967999936 ], [ 36.574924469000052, -0.941986202999885 ], [ 36.579460275000031, -0.945466241999952 ], [ 36.587823376000188, -0.962922108999919 ], [ 36.587332269000115, -0.975795262999952 ], [ 36.59166336100003, -0.983319251999944 ], [ 36.59608023200019, -0.982786718999932 ], [ 36.598229693000121, -0.990678082999978 ], [ 36.599987030000136, -0.991446405999966 ], [ 36.596649132000152, -0.995203068999842 ], [ 36.595101452, -1.009321238999917 ], [ 36.588442611000175, -1.036322950999931 ], [ 36.591147807000027, -1.061980708999954 ], [ 36.569892883000136, -1.100517510999964 ], [ 36.566952137000158, -1.098645141999839 ], [ 36.545102671000166, -1.123867271999927 ], [ 36.536753783000165, -1.152578333999884 ], [ 36.493201331000137, -1.119001706999882 ], [ 36.354715600000077, -1.053723082999909 ], [ 36.335875797000142, -1.043547865999926 ], [ 36.323653069000102, -1.023412852999968 ], [ 36.264075797000032, -0.912747865999904 ], [ 36.206075797000096, -0.931347865999953 ], [ 36.194875797000122, -0.913047865999943 ], [ 36.186075797000115, -0.911447865999833 ], [ 36.189555290000158, -0.906756559999963 ], [ 36.188675797000144, -0.903947865999953 ], [ 36.170923632000097, -0.871769743999891 ], [ 36.159058567000102, -0.836579245999928 ], [ 36.189282351000088, -0.804624796999974 ], [ 36.191664347000142, -0.784725777999938 ], [ 36.184375796999973, -0.775447865999979 ], [ 36.18927579700005, -0.769147865999912 ], [ 36.19187579700008, -0.762747865999927 ], [ 36.188975797000126, -0.762847865999845 ], [ 36.182875797000065, -0.756647865999867 ], [ 36.171575797000173, -0.751247865999972 ], [ 36.168963579000035, -0.747728233999908 ], [ 36.161817186000178, -0.744987022999965 ], [ 36.160036024000078, -0.742162284999893 ], [ 36.159100864000152, -0.732050437999931 ], [ 36.154134819000035, -0.7227457649999 ], [ 36.153575797000144, -0.712647865999941 ], [ 36.146575797000025, -0.709147865999967 ], [ 36.143675797000071, -0.709547865999923 ], [ 36.142675797000095, -0.711947865999832 ], [ 36.138975797000057, -0.709747865999873 ], [ 36.100016661000097, -0.674531973999933 ], [ 36.097576889000038, -0.640809462999925 ], [ 36.052465519000179, -0.663883943999906 ], [ 36.029082481000046, -0.67947677899997 ], [ 36.012251516000049, -0.663919670999917 ], [ 35.94680815900017, -0.71375621899989 ], [ 35.931398836000028, -0.705745438999941 ], [ 35.932246853000095, -0.699364010999943 ], [ 35.930475797000099, -0.694447865999962 ], [ 35.89317579700014, -0.647147865999898 ], [ 35.878374664000034, -0.648286842999937 ], [ 35.876648358000182, -0.638468796999973 ], [ 35.916981696000164, -0.635946194999974 ], [ 35.951590251000084, -0.666417957999954 ], [ 35.983319960000074, -0.631546428999911 ], [ 35.981175797, -0.626047865999908 ], [ 35.952902529000141, -0.569147254999962 ], [ 35.948968326000113, -0.566656173999945 ], [ 35.948114037000039, -0.557986940999911 ], [ 35.945298128000047, -0.555653731999939 ], [ 35.936177777000125, -0.556746788999874 ], [ 35.933075797000129, -0.549447865999923 ], [ 35.930475797000099, -0.54824786599994 ], [ 35.912175797000145, -0.546947865999925 ], [ 35.905275797000172, -0.544147865999889 ], [ 35.890075797000179, -0.523547865999944 ], [ 35.864375797000037, -0.510147865999954 ], [ 35.850975797000103, -0.500647865999952 ], [ 35.833484392000173, -0.493003959999953 ], [ 35.839879240000073, -0.473501434999946 ], [ 35.837014833000126, -0.467328475999921 ], [ 35.833065876000148, -0.467303879999918 ], [ 35.829149157000188, -0.47340051599997 ], [ 35.815472191000083, -0.476657174999957 ], [ 35.816983414000163, -0.466454860999931 ], [ 35.812875797, -0.456447865999905 ], [ 35.801875797000093, -0.454247865999946 ], [ 35.797675797000011, -0.455447865999929 ], [ 35.794675797000139, -0.466647865999903 ], [ 35.795653969000057, -0.474843113999952 ], [ 35.77918287000017, -0.514134990999878 ], [ 35.774362931000041, -0.538017444999923 ], [ 35.74134764300004, -0.530850605999944 ], [ 35.73527104700014, -0.534000834999915 ], [ 35.724800438000045, -0.548754315999929 ], [ 35.718761721000192, -0.552778533999913 ], [ 35.712487202000148, -0.553867128999912 ], [ 35.71120123500009, -0.557077401999891 ], [ 35.712075797000125, -0.566947865999907 ], [ 35.714543839000044, -0.571619805999944 ], [ 35.712867088000166, -0.577966670999956 ], [ 35.709478837, -0.585983428999896 ], [ 35.70657535100014, -0.587567013999944 ], [ 35.704814067000086, -0.591877776999979 ], [ 35.695941566000045, -0.598228431999928 ], [ 35.693698353000173, -0.602355229999944 ], [ 35.693734855000173, -0.605678432999923 ], [ 35.689748772000144, -0.613568727999962 ], [ 35.690083647000051, -0.617529202999947 ], [ 35.685884047000172, -0.623102229999972 ], [ 35.687479727000039, -0.627676465999912 ], [ 35.686786214000108, -0.639146939999875 ], [ 35.682485375000169, -0.646671767999976 ], [ 35.682466829000077, -0.651945409999939 ], [ 35.67914192100011, -0.654530650999959 ], [ 35.677853596000034, -0.659537292999971 ], [ 35.673124432000066, -0.659126154999967 ], [ 35.669940438000026, -0.663124751999874 ], [ 35.668868344000145, -0.666814717999955 ], [ 35.666883377000147, -0.66778619899992 ], [ 35.666671799000028, -0.673039077999874 ], [ 35.664464153000154, -0.676205132999939 ], [ 35.665009065000106, -0.679831603999958 ], [ 35.654302041999983, -0.685477633999938 ], [ 35.651163478, -0.695731633999969 ], [ 35.647583269000165, -0.698516904999906 ], [ 35.646813825000095, -0.702386708999938 ], [ 35.642326794000041, -0.701110903999961 ], [ 35.629380325000056, -0.68461823399997 ], [ 35.610657600000025, -0.672228118999953 ], [ 35.600132735000045, -0.657444668999858 ], [ 35.587278035000111, -0.587233551999873 ], [ 35.537234139000134, -0.502525153999954 ], [ 35.478445711000177, -0.406632037999884 ], [ 35.472635255000114, -0.399490860999947 ], [ 35.471686582000189, -0.395727244999932 ], [ 35.444036582000024, -0.35052724499991 ], [ 35.443875797000146, -0.347747865999906 ], [ 35.439386582000054, -0.342927244999942 ], [ 35.413886582000146, -0.300927244999912 ], [ 35.452098615000125, -0.286909480999952 ], [ 35.470686582000042, -0.27627724499996 ], [ 35.487684886000181, -0.273240062999946 ], [ 35.505586582000035, -0.267577244999927 ], [ 35.50953658200001, -0.268877244999942 ], [ 35.524386582000034, -0.268627244999948 ], [ 35.529101790000084, -0.258457222999937 ], [ 35.558786582000039, -0.271877244999814 ], [ 35.572286582000061, -0.281227244999911 ], [ 35.569286582000188, -0.302277244999971 ], [ 35.581086582000069, -0.307177244999934 ], [ 35.58498658200017, -0.290677244999927 ], [ 35.59208658200015, -0.283527244999959 ], [ 35.593486582000025, -0.275827244999959 ], [ 35.601786581999988, -0.282827244999964 ], [ 35.605875797000067, -0.292947865999963 ], [ 35.611286582000162, -0.287727244999928 ], [ 35.618086582000046, -0.288827244999936 ], [ 35.619786582000017, -0.292827244999955 ], [ 35.631186582000055, -0.286477244999901 ], [ 35.63148658200015, -0.274927244999901 ], [ 35.640786582000146, -0.270127244999969 ], [ 35.645286582000153, -0.269977244999893 ], [ 35.650186582, -0.264527244999897 ], [ 35.657636582000066, -0.232927244999928 ], [ 35.655436582000107, -0.219927244999951 ], [ 35.65768658200011, -0.21622724499997 ], [ 35.655486582000151, -0.211127244999886 ], [ 35.656886582000141, -0.204277244999957 ], [ 35.66193658200018, -0.203727244999925 ], [ 35.664186582000184, -0.192827244999819 ], [ 35.675036582000189, -0.187027244999967 ], [ 35.666086582000048, -0.183227244999898 ], [ 35.670459633000121, -0.163535954999929 ], [ 35.666775797000128, -0.161047865999933 ], [ 35.655555662000154, -0.162740705999909 ], [ 35.652674147000027, -0.16074364799988 ], [ 35.650886582000055, -0.153477244999976 ], [ 35.646886581999979, -0.149477244999844 ], [ 35.639986582000176, -0.148477244999867 ], [ 35.631293117000041, -0.15071740999997 ], [ 35.626536582000028, -0.14882724499995 ], [ 35.616721820000123, -0.152397293999968 ], [ 35.612597366000102, -0.156606624999881 ], [ 35.609908349000079, -0.155555406999952 ], [ 35.605286582000076, -0.152477244999886 ], [ 35.601136582000038, -0.143377244999954 ], [ 35.601286582, -0.13542724499996 ], [ 35.597636582000177, -0.128727244999936 ], [ 35.597864949000154, -0.124531718999947 ], [ 35.598886582000034, -0.120477244999961 ], [ 35.603697366000176, -0.1212066249999 ], [ 35.611186582000073, -0.117227244999924 ], [ 35.61258658200012, -0.109027244999936 ], [ 35.623136582000086, -0.101227244999961 ], [ 35.621486581999989, -0.095327244999964 ], [ 35.614186582000116, -0.089627244999974 ], [ 35.616736582000101, -0.086427244999868 ], [ 35.615477989000169, -0.081965149999974 ], [ 35.623963680000145, -0.078166780999936 ], [ 35.63733658200016, -0.061077244999922 ], [ 35.648075797000104, -0.056447865999871 ], [ 35.657875797000031, -0.049547865999955 ], [ 35.659575797000173, -0.052347865999934 ], [ 35.667075797000052, -0.047747865999895 ], [ 35.653375797000024, -0.075947865999922 ], [ 35.666075797000133, -0.072647865999897 ], [ 35.688975797000182, -0.072447865999948 ], [ 35.690375797000058, -0.082747865999977 ], [ 35.688675797000087, -0.090947865999965 ], [ 35.693375797000101, -0.106947865999928 ], [ 35.704125797000131, -0.116847865999944 ], [ 35.729875797000147, -0.155247865999911 ], [ 35.722875797000029, -0.171347865999962 ], [ 35.723977459000082, -0.203110219999928 ], [ 35.771975797000096, -0.192147865999914 ], [ 35.790375796999967, -0.161047865999933 ], [ 35.790475797000113, -0.110047865999888 ], [ 35.795875797000122, -0.109047865999912 ], [ 35.798975797000139, -0.101947865999932 ], [ 35.806275797000183, -0.096847865999905 ], [ 35.809375797000143, -0.099147865999953 ], [ 35.820377510000128, -0.115744098999926 ], [ 35.829475797000043, -0.105947865999951 ], [ 35.846975797000084, -0.081147865999924 ], [ 35.877066654000146, -0.033559271999934 ], [ 35.894475797000041, -0.049747865999905 ], [ 35.900375797000095, -0.04664786599983 ], [ 35.914675797000029, -0.075447865999934 ], [ 35.918475797000042, -0.079647865999902 ], [ 35.923075797000138, -0.076347865999878 ], [ 35.928275796999969, -0.075347865999845 ], [ 35.928438358000051, -0.068695369999887 ], [ 35.934625797000137, -0.065547865999974 ], [ 35.937375797000129, -0.061747865999962 ], [ 35.937475797000047, -0.058647865999887 ], [ 35.948175797000033, -0.051047865999976 ], [ 35.955187204000083, -0.035753796999927 ], [ 35.96057579700016, -0.029547865999916 ], [ 35.96092511900008, -0.023901681999916 ], [ 35.970175797000081, -0.012847865999902 ], [ 35.978256173000034, 0.014653324000051 ], [ 35.97535525700016, 0.022865495000133 ], [ 35.964975797000079, 0.032052134000082 ], [ 35.929775797000104, 0.069752134000112 ], [ 35.940675797000097, 0.097202134000099 ], [ 35.955275797000013, 0.092752134000136 ], [ 35.961075797000149, 0.088552134000054 ], [ 35.961175797000067, 0.085752134000018 ], [ 35.965325797000048, 0.079552134000039 ], [ 35.964025797000147, 0.077052134000155 ], [ 35.965675797000074, 0.070352134000188 ], [ 35.963775797000039, 0.066452134000087 ], [ 35.965675797000074, 0.059252134000133 ], [ 35.974075797000182, 0.058952134000037 ], [ 35.989775797000163, 0.061352134000174 ], [ 36.000375797, 0.060352134000027 ], [ 36.007675797000047, 0.032252134000089 ], [ 36.042775797000104, 0.02075213400002 ], [ 36.055575797000131, 0.004552134000051 ], [ 36.093675797000174, -0.009947865999948 ], [ 36.113575797000067, 0.006852134000098 ], [ 36.106325797000068, 0.062502134000113 ], [ 36.128125797000052, 0.060502133999989 ], [ 36.13057579700012, 0.087852134000059 ], [ 36.136187587999984, 0.116720937000082 ], [ 36.140075797000122, 0.127852134000136 ], [ 36.148275797000167, 0.18675213400013 ], [ 36.199100523000084, 0.202122928000051 ], [ 36.19717579700017, 0.219352134000076 ], [ 36.181866455000034, 0.226522402 ], [ 36.180237989000091, 0.229877615000078 ], [ 36.18317579700016, 0.231352134000133 ], [ 36.201675797000178, 0.235752134000052 ], [ 36.235675797000169, 0.211352133999981 ], [ 36.252075797000145, 0.186652133999985 ], [ 36.26035299900019, 0.177273440000079 ], [ 36.278081707000183, 0.148156646000075 ], [ 36.285666906000074, 0.12841063999997 ], [ 36.288998168000035, 0.113469942000108 ], [ 36.271212124000101, 0.089989602000173 ] ] ] } }
]
}
